C:\Users\mysti\AppData\Local\Temp\sonnetdb-parallel-third-4eff92966347481daaf27153e9fadd95\artifacts\bin\SonnetDB.Core.Tests\release\SonnetDB.Core.Tests.dll (.NETCoreApp,Version=v10.0)的测试运行
总共 1 个测试文件与指定模式相匹配。
  失败 SonnetDB.Core.Tests.Backup.BackupServiceTests.CreateRestore_WithDocumentCollection_UsesOrderedKvSegmentAndRestoresIndexes [259 ms]
  错误消息:
   System.IO.IOException : Failed to open directory 'C:\Users\mysti\AppData\Local\Temp\sonnetdb-parallel-third-4eff92966347481daaf27153e9fadd95\scratch\SonnetDB.Backup.Tests.c3a96560876441b8bc06a9c089b2e750\restored-documents.restore-28c7672df43f45da8c091b891241e316.tmp\documents\collections\64657669636573\segments' for durable metadata publication: 系统找不到指定的路径。
  堆栈跟踪:
     at SonnetDB.Wal.DirectoryFsync.FlushWindowsRequired(String directory) in D:\source\SonnetDB\src\SonnetDB.Core\Wal\DirectoryFsync.cs:line 140
   at SonnetDB.Wal.DirectoryFsync.FlushRequired(String directory) in D:\source\SonnetDB\src\SonnetDB.Core\Wal\DirectoryFsync.cs:line 60
   at SonnetDB.Backup.BackupService.FlushRestoreStagingDirectories(String staging) in D:\source\SonnetDB\src\SonnetDB.Core\Backup\BackupService.cs:line 823
   at SonnetDB.Backup.BackupService.Restore(BackupRestoreOptions options) in D:\source\SonnetDB\src\SonnetDB.Core\Backup\BackupService.cs:line 222
   at SonnetDB.Core.Tests.Backup.BackupServiceTests.CreateRestore_WithDocumentCollection_UsesOrderedKvSegmentAndRestoresIndexes() in D:\source\SonnetDB\tests\SonnetDB.Core.Tests\BackupServiceTests.cs:line 217
   at System.Reflection.MethodBaseInvoker.InterpretedInvoke_Method(Object obj, IntPtr* args)
   at System.Reflection.MethodBaseInvoker.InvokeWithNoArgs(Object obj, BindingFlags invokeAttr)
  失败 SonnetDB.Core.Tests.Backup.BackupServiceTests.CreateRestore_WithPropertyGraph_RecordsMappingSummaryAndReopensCatalog [275 ms]
  错误消息:
   System.IO.IOException : Failed to open directory 'C:\Users\mysti\AppData\Local\Temp\sonnetdb-parallel-third-4eff92966347481daaf27153e9fadd95\scratch\SonnetDB.Backup.Tests.6e46dd7135254f6bad7b88366bc246a2\restored-property-graph.restore-246013a7d30848358bac823af78248ab.tmp\tables\rowstore\666f6c6c6f7773\snapshots' for durable metadata publication: 系统找不到指定的路径。
  堆栈跟踪:
     at SonnetDB.Wal.DirectoryFsync.FlushWindowsRequired(String directory) in D:\source\SonnetDB\src\SonnetDB.Core\Wal\DirectoryFsync.cs:line 140
   at SonnetDB.Wal.DirectoryFsync.FlushRequired(String directory) in D:\source\SonnetDB\src\SonnetDB.Core\Wal\DirectoryFsync.cs:line 60
   at SonnetDB.Backup.BackupService.FlushRestoreStagingDirectories(String staging) in D:\source\SonnetDB\src\SonnetDB.Core\Backup\BackupService.cs:line 823
   at SonnetDB.Backup.BackupService.Restore(BackupRestoreOptions options) in D:\source\SonnetDB\src\SonnetDB.Core\Backup\BackupService.cs:line 222
   at SonnetDB.Core.Tests.Backup.BackupServiceTests.CreateRestore_WithPropertyGraph_RecordsMappingSummaryAndReopensCatalog() in D:\source\SonnetDB\tests\SonnetDB.Core.Tests\BackupServiceTests.cs:line 469
   at System.Reflection.MethodBaseInvoker.InterpretedInvoke_Method(Object obj, IntPtr* args)
   at System.Reflection.MethodBaseInvoker.InvokeWithNoArgs(Object obj, BindingFlags invokeAttr)
  失败 SonnetDB.Core.Tests.Backup.BackupServiceTests.Create_DuringGraphCommit_BlocksPublishAndRestoresCheckpointState [468 ms]
  错误消息:
   System.IO.InvalidDataException : 恢复后的 Graph reopen/invariant 校验失败：Graph reopen failed: Failed to open directory 'C:\Users\mysti\AppData\Local\Temp\sonnetdb-parallel-third-4eff92966347481daaf27153e9fadd95\scratch\SonnetDB.Backup.Tests.fcc1ad3faca645a1be9065e94f2ff704\restored-graph-concurrent.restore-20668b0bd2b445d0975fe35f598521f4.tmp\graphs\stores\2318156657104ff58e58c0a2b7505478\wal' for durable metadata publication: 系统找不到指定的路径。
  堆栈跟踪:
     at SonnetDB.Backup.BackupService.Restore(BackupRestoreOptions options) in D:\source\SonnetDB\src\SonnetDB.Core\Backup\BackupService.cs:line 217
   at SonnetDB.Core.Tests.Backup.BackupServiceTests.Create_DuringGraphCommit_BlocksPublishAndRestoresCheckpointState() in D:\source\SonnetDB\tests\SonnetDB.Core.Tests\BackupServiceTests.cs:line 585
--- End of stack trace from previous location ---
  失败 SonnetDB.Core.Tests.Backup.BackupServiceTests.CreateRestore_WithIncompleteGraphMaintenance_PreservesAndResumesSidecar [198 ms]
  错误消息:
   System.IO.InvalidDataException : 恢复后的 Graph reopen/invariant 校验失败：Graph reopen failed: Failed to open directory 'C:\Users\mysti\AppData\Local\Temp\sonnetdb-parallel-third-4eff92966347481daaf27153e9fadd95\scratch\SonnetDB.Backup.Tests.49352e033d97460f9156ad58f0c4de5d\restored-graph-maintenance.restore-d144589a4f1b4ad8854002b421d4e073.tmp\graphs\stores\959186220baa469392d6a7ed61b43c78\wal' for durable metadata publication: 系统找不到指定的路径。
  堆栈跟踪:
     at SonnetDB.Backup.BackupService.Restore(BackupRestoreOptions options) in D:\source\SonnetDB\src\SonnetDB.Core\Backup\BackupService.cs:line 217
   at SonnetDB.Core.Tests.Backup.BackupServiceTests.CreateRestore_WithIncompleteGraphMaintenance_PreservesAndResumesSidecar() in D:\source\SonnetDB\tests\SonnetDB.Core.Tests\BackupServiceTests.cs:line 368
   at System.Reflection.MethodBaseInvoker.InterpretedInvoke_Method(Object obj, IntPtr* args)
   at System.Reflection.RuntimeMethodInfo.Invoke(Object obj, BindingFlags invokeAttr, Binder binder, Object[] parameters, CultureInfo culture)
  失败 SonnetDB.Core.Tests.Backup.BackupServiceTests.CreateRestore_WithGraph_RecordsV2SummaryAndReopensRestoredStore [172 ms]
  错误消息:
   System.IO.InvalidDataException : 恢复后的 Graph reopen/invariant 校验失败：Graph reopen failed: Failed to open directory 'C:\Users\mysti\AppData\Local\Temp\sonnetdb-parallel-third-4eff92966347481daaf27153e9fadd95\scratch\SonnetDB.Backup.Tests.245099b4fe904f31b60dd8808d56820d\restored-graph.restore-4147cf9c5f35466ca56ee66bccabfe3c.tmp\graphs\stores\2a65560c08204061990e8ac91cf21b60\wal' for durable metadata publication: 系统找不到指定的路径。
  堆栈跟踪:
     at SonnetDB.Backup.BackupService.Restore(BackupRestoreOptions options) in D:\source\SonnetDB\src\SonnetDB.Core\Backup\BackupService.cs:line 217
   at SonnetDB.Core.Tests.Backup.BackupServiceTests.CreateRestore_WithGraph_RecordsV2SummaryAndReopensRestoredStore() in D:\source\SonnetDB\tests\SonnetDB.Core.Tests\BackupServiceTests.cs:line 295
   at System.Reflection.MethodBaseInvoker.InterpretedInvoke_Method(Object obj, IntPtr* args)
   at System.Reflection.RuntimeMethodInfo.Invoke(Object obj, BindingFlags invokeAttr, Binder binder, Object[] parameters, CultureInfo culture)
  失败 SonnetDB.Core.Tests.Graphs.GraphOfflineAlgorithmTests.RunOfflineAlgorithms_GraphOutputPreservesPropertiesAndIsIdempotentAfterReopen [30 ms]
  错误消息:
   System.IO.IOException : Failed to open directory 'C:\Users\mysti\AppData\Local\Temp\sonnetdb-parallel-third-4eff92966347481daaf27153e9fadd95\scratch\sonnetdb-graph-offline-algorithm-tests\0202aad4fbcb4e7ca9dd0c7a21d4d375\graphs\stores\4cc47daf92604a66865e7b2af65e7633\algorithms\0e750690e36c423a973e4f492efea07f' for durable metadata publication: 系统找不到指定的路径。
  堆栈跟踪:
     at SonnetDB.Wal.DirectoryFsync.FlushWindowsRequired(String directory) in D:\source\SonnetDB\src\SonnetDB.Core\Wal\DirectoryFsync.cs:line 139
   at SonnetDB.Wal.DirectoryFsync.FlushRequired(String directory) in D:\source\SonnetDB\src\SonnetDB.Core\Wal\DirectoryFsync.cs:line 60
   at SonnetDB.Graphs.GraphOfflineAlgorithmManifestCodec.Save(String path, GraphOfflineAlgorithmState state) in D:\source\SonnetDB\src\SonnetDB.Core\Graphs\GraphOfflineAlgorithmManifestCodec.cs:line 176
   at SonnetDB.Graphs.GraphOfflineAlgorithmRunner.Run(GraphStore store, GraphOfflineAlgorithmRequest request, GraphOfflineAlgorithmOptions options, CancellationToken cancellationToken) in D:\source\SonnetDB\src\SonnetDB.Core\Graphs\GraphOfflineAlgorithmRunner.cs:line 51
   at SonnetDB.Graphs.GraphStore.RunOfflineAlgorithms(GraphOfflineAlgorithmRequest request, GraphOfflineAlgorithmOptions options, CancellationToken cancellationToken) in D:\source\SonnetDB\src\SonnetDB.Core\Graphs\GraphStore.cs:line 324
   at SonnetDB.Core.Tests.Graphs.GraphOfflineAlgorithmTests.RunToCompletion(GraphStore store, GraphOfflineAlgorithmRequest request, GraphOfflineAlgorithmOptions options) in D:\source\SonnetDB\tests\SonnetDB.Core.Tests\Graphs\GraphOfflineAlgorithmTests.cs:line 294
   at SonnetDB.Core.Tests.Graphs.GraphOfflineAlgorithmTests.RunOfflineAlgorithms_GraphOutputPreservesPropertiesAndIsIdempotentAfterReopen() in D:\source\SonnetDB\tests\SonnetDB.Core.Tests\Graphs\GraphOfflineAlgorithmTests.cs:line 133
   at System.RuntimeMethodHandle.InvokeMethod(ObjectHandleOnStack target, Void** arguments, ObjectHandleOnStack sig, BOOL isConstructor, ObjectHandleOnStack result)
   at System.Reflection.MethodBaseInvoker.InvokeWithNoArgs(Object obj, BindingFlags invokeAttr)
  失败 SonnetDB.Core.Tests.Graphs.GraphOfflineAlgorithmTests.RunOfflineAlgorithms_TableOutputResumesAndPublishesVersionedResults [37 ms]
  错误消息:
   System.IO.IOException : Failed to open directory 'C:\Users\mysti\AppData\Local\Temp\sonnetdb-parallel-third-4eff92966347481daaf27153e9fadd95\scratch\sonnetdb-graph-offline-algorithm-tests\da0b41be707f4a1ea9a911e0d25e69e2\graphs\stores\42265087c71e45c5a840a64b5b6b5944\algorithms\313dcf8216af4fd9a8c85af634f89c7f' for durable metadata publication: 系统找不到指定的路径。
  堆栈跟踪:
     at SonnetDB.Wal.DirectoryFsync.FlushWindowsRequired(String directory) in D:\source\SonnetDB\src\SonnetDB.Core\Wal\DirectoryFsync.cs:line 139
   at SonnetDB.Wal.DirectoryFsync.FlushRequired(String directory) in D:\source\SonnetDB\src\SonnetDB.Core\Wal\DirectoryFsync.cs:line 60
   at SonnetDB.Graphs.GraphOfflineAlgorithmManifestCodec.Save(String path, GraphOfflineAlgorithmState state) in D:\source\SonnetDB\src\SonnetDB.Core\Graphs\GraphOfflineAlgorithmManifestCodec.cs:line 176
   at SonnetDB.Graphs.GraphOfflineAlgorithmRunner.Run(GraphStore store, GraphOfflineAlgorithmRequest request, GraphOfflineAlgorithmOptions options, CancellationToken cancellationToken) in D:\source\SonnetDB\src\SonnetDB.Core\Graphs\GraphOfflineAlgorithmRunner.cs:line 51
   at SonnetDB.Graphs.GraphStore.RunOfflineAlgorithms(GraphOfflineAlgorithmRequest request, GraphOfflineAlgorithmOptions options, CancellationToken cancellationToken) in D:\source\SonnetDB\src\SonnetDB.Core\Graphs\GraphStore.cs:line 324
   at SonnetDB.Core.Tests.Graphs.GraphOfflineAlgorithmTests.RunToCompletion(GraphStore store, GraphOfflineAlgorithmRequest request, GraphOfflineAlgorithmOptions options) in D:\source\SonnetDB\tests\SonnetDB.Core.Tests\Graphs\GraphOfflineAlgorithmTests.cs:line 294
   at SonnetDB.Core.Tests.Graphs.GraphOfflineAlgorithmTests.RunOfflineAlgorithms_TableOutputResumesAndPublishesVersionedResults() in D:\source\SonnetDB\tests\SonnetDB.Core.Tests\Graphs\GraphOfflineAlgorithmTests.cs:line 36
   at System.RuntimeMethodHandle.InvokeMethod(ObjectHandleOnStack target, Void** arguments, ObjectHandleOnStack sig, BOOL isConstructor, ObjectHandleOnStack result)
   at System.Reflection.MethodBaseInvoker.InvokeWithNoArgs(Object obj, BindingFlags invokeAttr)
  失败 SonnetDB.Core.Tests.Graphs.GraphOfflineAlgorithmTests.RunOfflineAlgorithms_PreCanceledOperationCanResumeFromDurableManifest [36 ms]
  错误消息:
   Assert.Throws() Failure: Exception type was not an exact match
Expected: typeof(System.OperationCanceledException)
Actual:   typeof(System.IO.IOException)
---- System.IO.IOException : Failed to open directory 'C:\Users\mysti\AppData\Local\Temp\sonnetdb-parallel-third-4eff92966347481daaf27153e9fadd95\scratch\sonnetdb-graph-offline-algorithm-tests\2ac0a35e98624be6a3c448ab1a33260b\graphs\stores\135e965384ff456d8efd42177ebcf306\algorithms\b9405c7561d14d30b81c95cbb5236f47' for durable metadata publication: 系统找不到指定的路径。
  堆栈跟踪:
     at SonnetDB.Core.Tests.Graphs.GraphOfflineAlgorithmTests.RunOfflineAlgorithms_PreCanceledOperationCanResumeFromDurableManifest() in D:\source\SonnetDB\tests\SonnetDB.Core.Tests\Graphs\GraphOfflineAlgorithmTests.cs:line 204
   at System.RuntimeMethodHandle.InvokeMethod(ObjectHandleOnStack target, Void** arguments, ObjectHandleOnStack sig, BOOL isConstructor, ObjectHandleOnStack result)
   at System.Reflection.MethodBaseInvoker.InvokeWithNoArgs(Object obj, BindingFlags invokeAttr)
----- Inner Stack Trace -----
   at SonnetDB.Wal.DirectoryFsync.FlushWindowsRequired(String directory) in D:\source\SonnetDB\src\SonnetDB.Core\Wal\DirectoryFsync.cs:line 139
   at SonnetDB.Wal.DirectoryFsync.FlushRequired(String directory) in D:\source\SonnetDB\src\SonnetDB.Core\Wal\DirectoryFsync.cs:line 60
   at SonnetDB.Graphs.GraphOfflineAlgorithmManifestCodec.Save(String path, GraphOfflineAlgorithmState state) in D:\source\SonnetDB\src\SonnetDB.Core\Graphs\GraphOfflineAlgorithmManifestCodec.cs:line 176
   at SonnetDB.Graphs.GraphOfflineAlgorithmRunner.Run(GraphStore store, GraphOfflineAlgorithmRequest request, GraphOfflineAlgorithmOptions options, CancellationToken cancellationToken) in D:\source\SonnetDB\src\SonnetDB.Core\Graphs\GraphOfflineAlgorithmRunner.cs:line 51
   at SonnetDB.Graphs.GraphStore.RunOfflineAlgorithms(GraphOfflineAlgorithmRequest request, GraphOfflineAlgorithmOptions options, CancellationToken cancellationToken) in D:\source\SonnetDB\src\SonnetDB.Core\Graphs\GraphStore.cs:line 324
   at SonnetDB.Core.Tests.Graphs.GraphOfflineAlgorithmTests.<>c__DisplayClass4_0.<RunOfflineAlgorithms_PreCanceledOperationCanResumeFromDurableManifest>b__0() in D:\source\SonnetDB\tests\SonnetDB.Core.Tests\Graphs\GraphOfflineAlgorithmTests.cs:line 205
  失败 SonnetDB.Core.Tests.Graphs.GraphOfflineAlgorithmTests.RunOfflineAlgorithms_SourceChangesDuringSnapshotCollection_RejectsResume [31 ms]
  错误消息:
   System.IO.IOException : Failed to open directory 'C:\Users\mysti\AppData\Local\Temp\sonnetdb-parallel-third-4eff92966347481daaf27153e9fadd95\scratch\sonnetdb-graph-offline-algorithm-tests\a335dc2043af4993a90215cf8a6d7dd2\graphs\stores\61ee6dfad4b04a80a861d22ee913d809\algorithms\cb00059ef389415ba02c57a3a4e24c92' for durable metadata publication: 系统找不到指定的路径。
  堆栈跟踪:
     at SonnetDB.Wal.DirectoryFsync.FlushWindowsRequired(String directory) in D:\source\SonnetDB\src\SonnetDB.Core\Wal\DirectoryFsync.cs:line 139
   at SonnetDB.Wal.DirectoryFsync.FlushRequired(String directory) in D:\source\SonnetDB\src\SonnetDB.Core\Wal\DirectoryFsync.cs:line 60
   at SonnetDB.Graphs.GraphOfflineAlgorithmManifestCodec.Save(String path, GraphOfflineAlgorithmState state) in D:\source\SonnetDB\src\SonnetDB.Core\Graphs\GraphOfflineAlgorithmManifestCodec.cs:line 176
   at SonnetDB.Graphs.GraphOfflineAlgorithmRunner.Run(GraphStore store, GraphOfflineAlgorithmRequest request, GraphOfflineAlgorithmOptions options, CancellationToken cancellationToken) in D:\source\SonnetDB\src\SonnetDB.Core\Graphs\GraphOfflineAlgorithmRunner.cs:line 51
   at SonnetDB.Graphs.GraphStore.RunOfflineAlgorithms(GraphOfflineAlgorithmRequest request, GraphOfflineAlgorithmOptions options, CancellationToken cancellationToken) in D:\source\SonnetDB\src\SonnetDB.Core\Graphs\GraphStore.cs:line 324
   at SonnetDB.Core.Tests.Graphs.GraphOfflineAlgorithmTests.RunOfflineAlgorithms_SourceChangesDuringSnapshotCollection_RejectsResume() in D:\source\SonnetDB\tests\SonnetDB.Core.Tests\Graphs\GraphOfflineAlgorithmTests.cs:line 173
   at System.RuntimeMethodHandle.InvokeMethod(ObjectHandleOnStack target, Void** arguments, ObjectHandleOnStack sig, BOOL isConstructor, ObjectHandleOnStack result)
   at System.Reflection.MethodBaseInvoker.InvokeWithNoArgs(Object obj, BindingFlags invokeAttr)
  失败 SonnetDB.Core.Tests.Graphs.GraphOfflineAlgorithmTests.RunOfflineAlgorithms_CorruptedManifest_RejectsResume [33 ms]
  错误消息:
   System.IO.IOException : Failed to open directory 'C:\Users\mysti\AppData\Local\Temp\sonnetdb-parallel-third-4eff92966347481daaf27153e9fadd95\scratch\sonnetdb-graph-offline-algorithm-tests\62f98d4d0ea8451a9ee80d377d6c5ae5\graphs\stores\714152e39f894081a8e7ef02d2220115\algorithms\c4dc9bdc2dc64a358f4f881ca5db7898' for durable metadata publication: 系统找不到指定的路径。
  堆栈跟踪:
     at SonnetDB.Wal.DirectoryFsync.FlushWindowsRequired(String directory) in D:\source\SonnetDB\src\SonnetDB.Core\Wal\DirectoryFsync.cs:line 139
   at SonnetDB.Wal.DirectoryFsync.FlushRequired(String directory) in D:\source\SonnetDB\src\SonnetDB.Core\Wal\DirectoryFsync.cs:line 60
   at SonnetDB.Graphs.GraphOfflineAlgorithmManifestCodec.Save(String path, GraphOfflineAlgorithmState state) in D:\source\SonnetDB\src\SonnetDB.Core\Graphs\GraphOfflineAlgorithmManifestCodec.cs:line 176
   at SonnetDB.Graphs.GraphOfflineAlgorithmRunner.Run(GraphStore store, GraphOfflineAlgorithmRequest request, GraphOfflineAlgorithmOptions options, CancellationToken cancellationToken) in D:\source\SonnetDB\src\SonnetDB.Core\Graphs\GraphOfflineAlgorithmRunner.cs:line 51
   at SonnetDB.Graphs.GraphStore.RunOfflineAlgorithms(GraphOfflineAlgorithmRequest request, GraphOfflineAlgorithmOptions options, CancellationToken cancellationToken) in D:\source\SonnetDB\src\SonnetDB.Core\Graphs\GraphStore.cs:line 324
   at SonnetDB.Core.Tests.Graphs.GraphOfflineAlgorithmTests.RunOfflineAlgorithms_CorruptedManifest_RejectsResume() in D:\source\SonnetDB\tests\SonnetDB.Core.Tests\Graphs\GraphOfflineAlgorithmTests.cs:line 252
   at System.RuntimeMethodHandle.InvokeMethod(ObjectHandleOnStack target, Void** arguments, ObjectHandleOnStack sig, BOOL isConstructor, ObjectHandleOnStack result)
   at System.Reflection.MethodBaseInvoker.InvokeWithNoArgs(Object obj, BindingFlags invokeAttr)
  失败 SonnetDB.Core.Tests.SemanticContent.RagGenerationSearchTests.SearchAsync_ProfileMismatch_RejectsEvenEmptyGeneration(mismatch: "normalization") [104 ms]
  错误消息:
   System.AggregateException : One or more errors occurred. (Failed to open directory 'C:\Users\mysti\AppData\Local\Temp\sonnetdb-parallel-third-4eff92966347481daaf27153e9fadd95\scratch\sonnetdb-rag-search-0a341d93e7b2494dbad2a524849f2f9e\documents\vector\7261675f3830643735366238653337323436363761376238363665343865646138633338\7261675f766563746f72\wal' for durable metadata publication: 系统找不到指定的路径。) (The process cannot access the file 'keyspace.lock' because it is being used by another process.)
---- System.IO.IOException : Failed to open directory 'C:\Users\mysti\AppData\Local\Temp\sonnetdb-parallel-third-4eff92966347481daaf27153e9fadd95\scratch\sonnetdb-rag-search-0a341d93e7b2494dbad2a524849f2f9e\documents\vector\7261675f3830643735366238653337323436363761376238363665343865646138633338\7261675f766563746f72\wal' for durable metadata publication: 系统找不到指定的路径。
---- System.IO.IOException : The process cannot access the file 'keyspace.lock' because it is being used by another process.
  堆栈跟踪:
  
----- Inner Stack Trace #1 (System.IO.IOException) -----
   at SonnetDB.Wal.DirectoryFsync.FlushWindowsRequired(String directory) in D:\source\SonnetDB\src\SonnetDB.Core\Wal\DirectoryFsync.cs:line 139
   at SonnetDB.Wal.DirectoryFsync.FlushRequired(String directory) in D:\source\SonnetDB\src\SonnetDB.Core\Wal\DirectoryFsync.cs:line 60
   at SonnetDB.Kv.KvKeyspace.OpenWithLifecycleLease(String name, String rootDirectory, KvOptions options, FileStream lifecycleLease, KvDiskReadBudget diskReadBudget, Boolean ownsDiskReadBudget) in D:\source\SonnetDB\src\SonnetDB.Core\Kv\KvKeyspace.cs:line 567
   at SonnetDB.Kv.KvKeyspace.Open(String name, String rootDirectory, KvOptions options, KvDiskReadBudget diskReadBudget) in D:\source\SonnetDB\src\SonnetDB.Core\Kv\KvKeyspace.cs:line 419
   at SonnetDB.Documents.Vector.DocumentVectorIndexStore.Open(String directory, DocumentVectorIndex definition, KvOptions kvOptions) in D:\source\SonnetDB\src\SonnetDB.Core\Documents\Vector\DocumentVectorIndexStore.cs:line 73
   at SonnetDB.Documents.DocumentCollectionManager.<>c__DisplayClass40_0.<OpenStoreLocked>b__1(DocumentVectorIndex index) in D:\source\SonnetDB\src\SonnetDB.Core\Documents\DocumentCollectionManager.cs:line 760
   at SonnetDB.Documents.DocumentCollectionStore.OpenVectorStoreLocked(DocumentVectorIndex index, Boolean rebuildIfMissing) in D:\source\SonnetDB\src\SonnetDB.Core\Documents\DocumentCollectionStore.cs:line 2461
   at SonnetDB.Documents.DocumentCollectionStore.ReconcileVectorStoresLocked(DocumentCollectionSchema previousSchema, Boolean rebuildAll) in D:\source\SonnetDB\src\SonnetDB.Core\Documents\DocumentCollectionStore.cs:line 2430
   at SonnetDB.Documents.DocumentCollectionStore..ctor(DocumentCollectionSchema schema, KvKeyspace keyspace, Func`2 fullTextIndexFactory, Func`2 vectorIndexFactory) in D:\source\SonnetDB\src\SonnetDB.Core\Documents\DocumentCollectionStore.cs:line 45
   at SonnetDB.Documents.DocumentCollectionManager.OpenStoreLocked(DocumentCollectionSchema schema) in D:\source\SonnetDB\src\SonnetDB.Core\Documents\DocumentCollectionManager.cs:line 756
   at SonnetDB.Documents.DocumentCollectionManager.Create(DocumentCollectionSchema schema) in D:\source\SonnetDB\src\SonnetDB.Core\Documents\DocumentCollectionManager.cs:line 83
   at SonnetDB.SemanticContent.RagIngestionWriter.ExecuteAsync(RagIngestionWriterCheckpoint checkpoint, DatabaseGenerationQueryLease active, RagIngestionWriterCheckpoint previous, Func`3 embedAsync, CancellationToken token) in D:\source\SonnetDB\src\SonnetDB.Core\SemanticContent\RagIngestionWriter.cs:line 223
   at SonnetDB.SemanticContent.RagIngestionWriter.WriteAsync(RagIngestionSnapshot snapshot, Func`3 embedAsync, CancellationToken cancellationToken) in D:\source\SonnetDB\src\SonnetDB.Core\SemanticContent\RagIngestionWriter.cs:line 134
   at SonnetDB.Core.Tests.SemanticContent.RagGenerationSearchTests.SearchAsync_ProfileMismatch_RejectsEvenEmptyGeneration(String mismatch) in D:\source\SonnetDB\tests\SonnetDB.Core.Tests\SemanticContent\RagGenerationSearchTests.cs:line 107
--- End of stack trace from previous location ---
----- Inner Stack Trace #2 (System.IO.IOException) -----
   at System.IO.FileSystem.RemoveDirectoryRecursive(String fullPath, WIN32_FIND_DATA& findData, Boolean topLevel)
   at System.IO.Directory.Delete(String path, Boolean recursive)
   at SonnetDB.Core.Tests.SemanticContent.RagGenerationSearchTests.Dispose() in D:\source\SonnetDB\tests\SonnetDB.Core.Tests\SemanticContent\RagGenerationSearchTests.cs:line 173
  失败 SonnetDB.Core.Tests.SemanticContent.RagGenerationSearchTests.SearchAsync_ProfileMismatch_RejectsEvenEmptyGeneration(mismatch: "model") [61 ms]
  错误消息:
   System.AggregateException : One or more errors occurred. (Failed to open directory 'C:\Users\mysti\AppData\Local\Temp\sonnetdb-parallel-third-4eff92966347481daaf27153e9fadd95\scratch\sonnetdb-rag-search-68a7037776804d49bf05d7ca2edd6aad\documents\vector\7261675f6535323333663836633639333465376461663064623332613561646334323234\7261675f766563746f72\wal' for durable metadata publication: 系统找不到指定的路径。) (The process cannot access the file 'keyspace.lock' because it is being used by another process.)
---- System.IO.IOException : Failed to open directory 'C:\Users\mysti\AppData\Local\Temp\sonnetdb-parallel-third-4eff92966347481daaf27153e9fadd95\scratch\sonnetdb-rag-search-68a7037776804d49bf05d7ca2edd6aad\documents\vector\7261675f6535323333663836633639333465376461663064623332613561646334323234\7261675f766563746f72\wal' for durable metadata publication: 系统找不到指定的路径。
---- System.IO.IOException : The process cannot access the file 'keyspace.lock' because it is being used by another process.
  堆栈跟踪:
  
----- Inner Stack Trace #1 (System.IO.IOException) -----
   at SonnetDB.Wal.DirectoryFsync.FlushWindowsRequired(String directory) in D:\source\SonnetDB\src\SonnetDB.Core\Wal\DirectoryFsync.cs:line 139
   at SonnetDB.Wal.DirectoryFsync.FlushRequired(String directory) in D:\source\SonnetDB\src\SonnetDB.Core\Wal\DirectoryFsync.cs:line 60
   at SonnetDB.Kv.KvKeyspace.OpenWithLifecycleLease(String name, String rootDirectory, KvOptions options, FileStream lifecycleLease, KvDiskReadBudget diskReadBudget, Boolean ownsDiskReadBudget) in D:\source\SonnetDB\src\SonnetDB.Core\Kv\KvKeyspace.cs:line 567
   at SonnetDB.Kv.KvKeyspace.Open(String name, String rootDirectory, KvOptions options, KvDiskReadBudget diskReadBudget) in D:\source\SonnetDB\src\SonnetDB.Core\Kv\KvKeyspace.cs:line 419
   at SonnetDB.Documents.Vector.DocumentVectorIndexStore.Open(String directory, DocumentVectorIndex definition, KvOptions kvOptions) in D:\source\SonnetDB\src\SonnetDB.Core\Documents\Vector\DocumentVectorIndexStore.cs:line 73
   at SonnetDB.Documents.DocumentCollectionManager.<>c__DisplayClass40_0.<OpenStoreLocked>b__1(DocumentVectorIndex index) in D:\source\SonnetDB\src\SonnetDB.Core\Documents\DocumentCollectionManager.cs:line 760
   at SonnetDB.Documents.DocumentCollectionStore.OpenVectorStoreLocked(DocumentVectorIndex index, Boolean rebuildIfMissing) in D:\source\SonnetDB\src\SonnetDB.Core\Documents\DocumentCollectionStore.cs:line 2461
   at SonnetDB.Documents.DocumentCollectionStore.ReconcileVectorStoresLocked(DocumentCollectionSchema previousSchema, Boolean rebuildAll) in D:\source\SonnetDB\src\SonnetDB.Core\Documents\DocumentCollectionStore.cs:line 2430
   at SonnetDB.Documents.DocumentCollectionStore..ctor(DocumentCollectionSchema schema, KvKeyspace keyspace, Func`2 fullTextIndexFactory, Func`2 vectorIndexFactory) in D:\source\SonnetDB\src\SonnetDB.Core\Documents\DocumentCollectionStore.cs:line 45
   at SonnetDB.Documents.DocumentCollectionManager.OpenStoreLocked(DocumentCollectionSchema schema) in D:\source\SonnetDB\src\SonnetDB.Core\Documents\DocumentCollectionManager.cs:line 756
   at SonnetDB.Documents.DocumentCollectionManager.Create(DocumentCollectionSchema schema) in D:\source\SonnetDB\src\SonnetDB.Core\Documents\DocumentCollectionManager.cs:line 83
   at SonnetDB.SemanticContent.RagIngestionWriter.ExecuteAsync(RagIngestionWriterCheckpoint checkpoint, DatabaseGenerationQueryLease active, RagIngestionWriterCheckpoint previous, Func`3 embedAsync, CancellationToken token) in D:\source\SonnetDB\src\SonnetDB.Core\SemanticContent\RagIngestionWriter.cs:line 223
   at SonnetDB.SemanticContent.RagIngestionWriter.WriteAsync(RagIngestionSnapshot snapshot, Func`3 embedAsync, CancellationToken cancellationToken) in D:\source\SonnetDB\src\SonnetDB.Core\SemanticContent\RagIngestionWriter.cs:line 134
   at SonnetDB.Core.Tests.SemanticContent.RagGenerationSearchTests.SearchAsync_ProfileMismatch_RejectsEvenEmptyGeneration(String mismatch) in D:\source\SonnetDB\tests\SonnetDB.Core.Tests\SemanticContent\RagGenerationSearchTests.cs:line 107
--- End of stack trace from previous location ---
----- Inner Stack Trace #2 (System.IO.IOException) -----
   at System.IO.FileSystem.RemoveDirectoryRecursive(String fullPath, WIN32_FIND_DATA& findData, Boolean topLevel)
   at System.IO.Directory.Delete(String path, Boolean recursive)
   at SonnetDB.Core.Tests.SemanticContent.RagGenerationSearchTests.Dispose() in D:\source\SonnetDB\tests\SonnetDB.Core.Tests\SemanticContent\RagGenerationSearchTests.cs:line 173
  失败 SonnetDB.Core.Tests.SemanticContent.RagGenerationSearchTests.SearchAsync_ProfileMismatch_RejectsEvenEmptyGeneration(mismatch: "revision") [54 ms]
  错误消息:
   System.AggregateException : One or more errors occurred. (Failed to open directory 'C:\Users\mysti\AppData\Local\Temp\sonnetdb-parallel-third-4eff92966347481daaf27153e9fadd95\scratch\sonnetdb-rag-search-e8bd866ea9e64f7ab2d005d00dc7222c\documents\vector\7261675f3831306262643837343937313462303461613662396265323435363831633338\7261675f766563746f72\wal' for durable metadata publication: 系统找不到指定的路径。) (The process cannot access the file 'keyspace.lock' because it is being used by another process.)
---- System.IO.IOException : Failed to open directory 'C:\Users\mysti\AppData\Local\Temp\sonnetdb-parallel-third-4eff92966347481daaf27153e9fadd95\scratch\sonnetdb-rag-search-e8bd866ea9e64f7ab2d005d00dc7222c\documents\vector\7261675f3831306262643837343937313462303461613662396265323435363831633338\7261675f766563746f72\wal' for durable metadata publication: 系统找不到指定的路径。
---- System.IO.IOException : The process cannot access the file 'keyspace.lock' because it is being used by another process.
  堆栈跟踪:
  
----- Inner Stack Trace #1 (System.IO.IOException) -----
   at SonnetDB.Wal.DirectoryFsync.FlushWindowsRequired(String directory) in D:\source\SonnetDB\src\SonnetDB.Core\Wal\DirectoryFsync.cs:line 139
   at SonnetDB.Wal.DirectoryFsync.FlushRequired(String directory) in D:\source\SonnetDB\src\SonnetDB.Core\Wal\DirectoryFsync.cs:line 60
   at SonnetDB.Kv.KvKeyspace.OpenWithLifecycleLease(String name, String rootDirectory, KvOptions options, FileStream lifecycleLease, KvDiskReadBudget diskReadBudget, Boolean ownsDiskReadBudget) in D:\source\SonnetDB\src\SonnetDB.Core\Kv\KvKeyspace.cs:line 567
   at SonnetDB.Kv.KvKeyspace.Open(String name, String rootDirectory, KvOptions options, KvDiskReadBudget diskReadBudget) in D:\source\SonnetDB\src\SonnetDB.Core\Kv\KvKeyspace.cs:line 419
   at SonnetDB.Documents.Vector.DocumentVectorIndexStore.Open(String directory, DocumentVectorIndex definition, KvOptions kvOptions) in D:\source\SonnetDB\src\SonnetDB.Core\Documents\Vector\DocumentVectorIndexStore.cs:line 73
   at SonnetDB.Documents.DocumentCollectionManager.<>c__DisplayClass40_0.<OpenStoreLocked>b__1(DocumentVectorIndex index) in D:\source\SonnetDB\src\SonnetDB.Core\Documents\DocumentCollectionManager.cs:line 760
   at SonnetDB.Documents.DocumentCollectionStore.OpenVectorStoreLocked(DocumentVectorIndex index, Boolean rebuildIfMissing) in D:\source\SonnetDB\src\SonnetDB.Core\Documents\DocumentCollectionStore.cs:line 2461
   at SonnetDB.Documents.DocumentCollectionStore.ReconcileVectorStoresLocked(DocumentCollectionSchema previousSchema, Boolean rebuildAll) in D:\source\SonnetDB\src\SonnetDB.Core\Documents\DocumentCollectionStore.cs:line 2430
   at SonnetDB.Documents.DocumentCollectionStore..ctor(DocumentCollectionSchema schema, KvKeyspace keyspace, Func`2 fullTextIndexFactory, Func`2 vectorIndexFactory) in D:\source\SonnetDB\src\SonnetDB.Core\Documents\DocumentCollectionStore.cs:line 45
   at SonnetDB.Documents.DocumentCollectionManager.OpenStoreLocked(DocumentCollectionSchema schema) in D:\source\SonnetDB\src\SonnetDB.Core\Documents\DocumentCollectionManager.cs:line 756
   at SonnetDB.Documents.DocumentCollectionManager.Create(DocumentCollectionSchema schema) in D:\source\SonnetDB\src\SonnetDB.Core\Documents\DocumentCollectionManager.cs:line 83
   at SonnetDB.SemanticContent.RagIngestionWriter.ExecuteAsync(RagIngestionWriterCheckpoint checkpoint, DatabaseGenerationQueryLease active, RagIngestionWriterCheckpoint previous, Func`3 embedAsync, CancellationToken token) in D:\source\SonnetDB\src\SonnetDB.Core\SemanticContent\RagIngestionWriter.cs:line 223
   at SonnetDB.SemanticContent.RagIngestionWriter.WriteAsync(RagIngestionSnapshot snapshot, Func`3 embedAsync, CancellationToken cancellationToken) in D:\source\SonnetDB\src\SonnetDB.Core\SemanticContent\RagIngestionWriter.cs:line 134
   at SonnetDB.Core.Tests.SemanticContent.RagGenerationSearchTests.SearchAsync_ProfileMismatch_RejectsEvenEmptyGeneration(String mismatch) in D:\source\SonnetDB\tests\SonnetDB.Core.Tests\SemanticContent\RagGenerationSearchTests.cs:line 107
--- End of stack trace from previous location ---
----- Inner Stack Trace #2 (System.IO.IOException) -----
   at System.IO.FileSystem.RemoveDirectoryRecursive(String fullPath, WIN32_FIND_DATA& findData, Boolean topLevel)
   at System.IO.Directory.Delete(String path, Boolean recursive)
   at SonnetDB.Core.Tests.SemanticContent.RagGenerationSearchTests.Dispose() in D:\source\SonnetDB\tests\SonnetDB.Core.Tests\SemanticContent\RagGenerationSearchTests.cs:line 173
  失败 SonnetDB.Core.Tests.SemanticContent.RagGenerationSearchTests.SearchAsync_ProfileMismatch_RejectsEvenEmptyGeneration(mismatch: "id") [65 ms]
  错误消息:
   System.AggregateException : One or more errors occurred. (Failed to open directory 'C:\Users\mysti\AppData\Local\Temp\sonnetdb-parallel-third-4eff92966347481daaf27153e9fadd95\scratch\sonnetdb-rag-search-503f5bcdc4aa4dc4ac5239b317d63464\documents\vector\7261675f3163313463666632383739643434383339353561303930636436356535623563\7261675f766563746f72\wal' for durable metadata publication: 系统找不到指定的路径。) (The process cannot access the file 'keyspace.lock' because it is being used by another process.)
---- System.IO.IOException : Failed to open directory 'C:\Users\mysti\AppData\Local\Temp\sonnetdb-parallel-third-4eff92966347481daaf27153e9fadd95\scratch\sonnetdb-rag-search-503f5bcdc4aa4dc4ac5239b317d63464\documents\vector\7261675f3163313463666632383739643434383339353561303930636436356535623563\7261675f766563746f72\wal' for durable metadata publication: 系统找不到指定的路径。
---- System.IO.IOException : The process cannot access the file 'keyspace.lock' because it is being used by another process.
  堆栈跟踪:
  
----- Inner Stack Trace #1 (System.IO.IOException) -----
   at SonnetDB.Wal.DirectoryFsync.FlushWindowsRequired(String directory) in D:\source\SonnetDB\src\SonnetDB.Core\Wal\DirectoryFsync.cs:line 139
   at SonnetDB.Wal.DirectoryFsync.FlushRequired(String directory) in D:\source\SonnetDB\src\SonnetDB.Core\Wal\DirectoryFsync.cs:line 60
   at SonnetDB.Kv.KvKeyspace.OpenWithLifecycleLease(String name, String rootDirectory, KvOptions options, FileStream lifecycleLease, KvDiskReadBudget diskReadBudget, Boolean ownsDiskReadBudget) in D:\source\SonnetDB\src\SonnetDB.Core\Kv\KvKeyspace.cs:line 567
   at SonnetDB.Kv.KvKeyspace.Open(String name, String rootDirectory, KvOptions options, KvDiskReadBudget diskReadBudget) in D:\source\SonnetDB\src\SonnetDB.Core\Kv\KvKeyspace.cs:line 419
   at SonnetDB.Documents.Vector.DocumentVectorIndexStore.Open(String directory, DocumentVectorIndex definition, KvOptions kvOptions) in D:\source\SonnetDB\src\SonnetDB.Core\Documents\Vector\DocumentVectorIndexStore.cs:line 73
   at SonnetDB.Documents.DocumentCollectionManager.<>c__DisplayClass40_0.<OpenStoreLocked>b__1(DocumentVectorIndex index) in D:\source\SonnetDB\src\SonnetDB.Core\Documents\DocumentCollectionManager.cs:line 760
   at SonnetDB.Documents.DocumentCollectionStore.OpenVectorStoreLocked(DocumentVectorIndex index, Boolean rebuildIfMissing) in D:\source\SonnetDB\src\SonnetDB.Core\Documents\DocumentCollectionStore.cs:line 2461
   at SonnetDB.Documents.DocumentCollectionStore.ReconcileVectorStoresLocked(DocumentCollectionSchema previousSchema, Boolean rebuildAll) in D:\source\SonnetDB\src\SonnetDB.Core\Documents\DocumentCollectionStore.cs:line 2430
   at SonnetDB.Documents.DocumentCollectionStore..ctor(DocumentCollectionSchema schema, KvKeyspace keyspace, Func`2 fullTextIndexFactory, Func`2 vectorIndexFactory) in D:\source\SonnetDB\src\SonnetDB.Core\Documents\DocumentCollectionStore.cs:line 45
   at SonnetDB.Documents.DocumentCollectionManager.OpenStoreLocked(DocumentCollectionSchema schema) in D:\source\SonnetDB\src\SonnetDB.Core\Documents\DocumentCollectionManager.cs:line 756
   at SonnetDB.Documents.DocumentCollectionManager.Create(DocumentCollectionSchema schema) in D:\source\SonnetDB\src\SonnetDB.Core\Documents\DocumentCollectionManager.cs:line 83
   at SonnetDB.SemanticContent.RagIngestionWriter.ExecuteAsync(RagIngestionWriterCheckpoint checkpoint, DatabaseGenerationQueryLease active, RagIngestionWriterCheckpoint previous, Func`3 embedAsync, CancellationToken token) in D:\source\SonnetDB\src\SonnetDB.Core\SemanticContent\RagIngestionWriter.cs:line 223
   at SonnetDB.SemanticContent.RagIngestionWriter.WriteAsync(RagIngestionSnapshot snapshot, Func`3 embedAsync, CancellationToken cancellationToken) in D:\source\SonnetDB\src\SonnetDB.Core\SemanticContent\RagIngestionWriter.cs:line 134
   at SonnetDB.Core.Tests.SemanticContent.RagGenerationSearchTests.SearchAsync_ProfileMismatch_RejectsEvenEmptyGeneration(String mismatch) in D:\source\SonnetDB\tests\SonnetDB.Core.Tests\SemanticContent\RagGenerationSearchTests.cs:line 107
--- End of stack trace from previous location ---
----- Inner Stack Trace #2 (System.IO.IOException) -----
   at System.IO.FileSystem.RemoveDirectoryRecursive(String fullPath, WIN32_FIND_DATA& findData, Boolean topLevel)
   at System.IO.Directory.Delete(String path, Boolean recursive)
   at SonnetDB.Core.Tests.SemanticContent.RagGenerationSearchTests.Dispose() in D:\source\SonnetDB\tests\SonnetDB.Core.Tests\SemanticContent\RagGenerationSearchTests.cs:line 173
  失败 SonnetDB.Core.Tests.SemanticContent.RagGenerationSearchTests.SearchAsync_UnnormalizedInnerProduct_PreservesNearestBeforeWindowAndFusion(candidateCount: 1, alphaIsNearest: True) [81 ms]
  错误消息:
   System.AggregateException : One or more errors occurred. (Failed to open directory 'C:\Users\mysti\AppData\Local\Temp\sonnetdb-parallel-third-4eff92966347481daaf27153e9fadd95\scratch\sonnetdb-rag-search-7ce0dc4e5d2241a2b9f6a40940f6e22d\documents\vector\7261675f3737376232353736333134333436333561646433373762663331313333643930\7261675f766563746f72\wal' for durable metadata publication: 系统找不到指定的路径。) (The process cannot access the file 'keyspace.lock' because it is being used by another process.)
---- System.IO.IOException : Failed to open directory 'C:\Users\mysti\AppData\Local\Temp\sonnetdb-parallel-third-4eff92966347481daaf27153e9fadd95\scratch\sonnetdb-rag-search-7ce0dc4e5d2241a2b9f6a40940f6e22d\documents\vector\7261675f3737376232353736333134333436333561646433373762663331313333643930\7261675f766563746f72\wal' for durable metadata publication: 系统找不到指定的路径。
---- System.IO.IOException : The process cannot access the file 'keyspace.lock' because it is being used by another process.
  堆栈跟踪:
  
----- Inner Stack Trace #1 (System.IO.IOException) -----
   at SonnetDB.Wal.DirectoryFsync.FlushWindowsRequired(String directory) in D:\source\SonnetDB\src\SonnetDB.Core\Wal\DirectoryFsync.cs:line 139
   at SonnetDB.Wal.DirectoryFsync.FlushRequired(String directory) in D:\source\SonnetDB\src\SonnetDB.Core\Wal\DirectoryFsync.cs:line 60
   at SonnetDB.Kv.KvKeyspace.OpenWithLifecycleLease(String name, String rootDirectory, KvOptions options, FileStream lifecycleLease, KvDiskReadBudget diskReadBudget, Boolean ownsDiskReadBudget) in D:\source\SonnetDB\src\SonnetDB.Core\Kv\KvKeyspace.cs:line 567
   at SonnetDB.Kv.KvKeyspace.Open(String name, String rootDirectory, KvOptions options, KvDiskReadBudget diskReadBudget) in D:\source\SonnetDB\src\SonnetDB.Core\Kv\KvKeyspace.cs:line 419
   at SonnetDB.Documents.Vector.DocumentVectorIndexStore.Open(String directory, DocumentVectorIndex definition, KvOptions kvOptions) in D:\source\SonnetDB\src\SonnetDB.Core\Documents\Vector\DocumentVectorIndexStore.cs:line 73
   at SonnetDB.Documents.DocumentCollectionManager.<>c__DisplayClass40_0.<OpenStoreLocked>b__1(DocumentVectorIndex index) in D:\source\SonnetDB\src\SonnetDB.Core\Documents\DocumentCollectionManager.cs:line 760
   at SonnetDB.Documents.DocumentCollectionStore.OpenVectorStoreLocked(DocumentVectorIndex index, Boolean rebuildIfMissing) in D:\source\SonnetDB\src\SonnetDB.Core\Documents\DocumentCollectionStore.cs:line 2461
   at SonnetDB.Documents.DocumentCollectionStore.ReconcileVectorStoresLocked(DocumentCollectionSchema previousSchema, Boolean rebuildAll) in D:\source\SonnetDB\src\SonnetDB.Core\Documents\DocumentCollectionStore.cs:line 2430
   at SonnetDB.Documents.DocumentCollectionStore..ctor(DocumentCollectionSchema schema, KvKeyspace keyspace, Func`2 fullTextIndexFactory, Func`2 vectorIndexFactory) in D:\source\SonnetDB\src\SonnetDB.Core\Documents\DocumentCollectionStore.cs:line 45
   at SonnetDB.Documents.DocumentCollectionManager.OpenStoreLocked(DocumentCollectionSchema schema) in D:\source\SonnetDB\src\SonnetDB.Core\Documents\DocumentCollectionManager.cs:line 756
   at SonnetDB.Documents.DocumentCollectionManager.Create(DocumentCollectionSchema schema) in D:\source\SonnetDB\src\SonnetDB.Core\Documents\DocumentCollectionManager.cs:line 83
   at SonnetDB.SemanticContent.RagIngestionWriter.ExecuteAsync(RagIngestionWriterCheckpoint checkpoint, DatabaseGenerationQueryLease active, RagIngestionWriterCheckpoint previous, Func`3 embedAsync, CancellationToken token) in D:\source\SonnetDB\src\SonnetDB.Core\SemanticContent\RagIngestionWriter.cs:line 223
   at SonnetDB.SemanticContent.RagIngestionWriter.WriteAsync(RagIngestionSnapshot snapshot, Func`3 embedAsync, CancellationToken cancellationToken) in D:\source\SonnetDB\src\SonnetDB.Core\SemanticContent\RagIngestionWriter.cs:line 134
   at SonnetDB.Core.Tests.SemanticContent.RagGenerationSearchTests.SearchAsync_UnnormalizedInnerProduct_PreservesNearestBeforeWindowAndFusion(Int32 candidateCount, Boolean alphaIsNearest) in D:\source\SonnetDB\tests\SonnetDB.Core.Tests\SemanticContent\RagGenerationSearchTests.cs:line 27
--- End of stack trace from previous location ---
----- Inner Stack Trace #2 (System.IO.IOException) -----
   at System.IO.FileSystem.RemoveDirectoryRecursive(String fullPath, WIN32_FIND_DATA& findData, Boolean topLevel)
   at System.IO.Directory.Delete(String path, Boolean recursive)
   at SonnetDB.Core.Tests.SemanticContent.RagGenerationSearchTests.Dispose() in D:\source\SonnetDB\tests\SonnetDB.Core.Tests\SemanticContent\RagGenerationSearchTests.cs:line 173
  失败 SonnetDB.Core.Tests.SemanticContent.RagGenerationSearchTests.SearchAsync_UnnormalizedInnerProduct_PreservesNearestBeforeWindowAndFusion(candidateCount: 2, alphaIsNearest: False) [64 ms]
  错误消息:
   System.AggregateException : One or more errors occurred. (Failed to open directory 'C:\Users\mysti\AppData\Local\Temp\sonnetdb-parallel-third-4eff92966347481daaf27153e9fadd95\scratch\sonnetdb-rag-search-c73b06ebd5ad4c8699795dedda59a2b5\documents\vector\7261675f3234633337666462343838373435346361353731613931663134333664626264\7261675f766563746f72\wal' for durable metadata publication: 系统找不到指定的路径。) (The process cannot access the file 'keyspace.lock' because it is being used by another process.)
---- System.IO.IOException : Failed to open directory 'C:\Users\mysti\AppData\Local\Temp\sonnetdb-parallel-third-4eff92966347481daaf27153e9fadd95\scratch\sonnetdb-rag-search-c73b06ebd5ad4c8699795dedda59a2b5\documents\vector\7261675f3234633337666462343838373435346361353731613931663134333664626264\7261675f766563746f72\wal' for durable metadata publication: 系统找不到指定的路径。
---- System.IO.IOException : The process cannot access the file 'keyspace.lock' because it is being used by another process.
  堆栈跟踪:
  
----- Inner Stack Trace #1 (System.IO.IOException) -----
   at SonnetDB.Wal.DirectoryFsync.FlushWindowsRequired(String directory) in D:\source\SonnetDB\src\SonnetDB.Core\Wal\DirectoryFsync.cs:line 139
   at SonnetDB.Wal.DirectoryFsync.FlushRequired(String directory) in D:\source\SonnetDB\src\SonnetDB.Core\Wal\DirectoryFsync.cs:line 60
   at SonnetDB.Kv.KvKeyspace.OpenWithLifecycleLease(String name, String rootDirectory, KvOptions options, FileStream lifecycleLease, KvDiskReadBudget diskReadBudget, Boolean ownsDiskReadBudget) in D:\source\SonnetDB\src\SonnetDB.Core\Kv\KvKeyspace.cs:line 567
   at SonnetDB.Kv.KvKeyspace.Open(String name, String rootDirectory, KvOptions options, KvDiskReadBudget diskReadBudget) in D:\source\SonnetDB\src\SonnetDB.Core\Kv\KvKeyspace.cs:line 419
   at SonnetDB.Documents.Vector.DocumentVectorIndexStore.Open(String directory, DocumentVectorIndex definition, KvOptions kvOptions) in D:\source\SonnetDB\src\SonnetDB.Core\Documents\Vector\DocumentVectorIndexStore.cs:line 73
   at SonnetDB.Documents.DocumentCollectionManager.<>c__DisplayClass40_0.<OpenStoreLocked>b__1(DocumentVectorIndex index) in D:\source\SonnetDB\src\SonnetDB.Core\Documents\DocumentCollectionManager.cs:line 760
   at SonnetDB.Documents.DocumentCollectionStore.OpenVectorStoreLocked(DocumentVectorIndex index, Boolean rebuildIfMissing) in D:\source\SonnetDB\src\SonnetDB.Core\Documents\DocumentCollectionStore.cs:line 2461
   at SonnetDB.Documents.DocumentCollectionStore.ReconcileVectorStoresLocked(DocumentCollectionSchema previousSchema, Boolean rebuildAll) in D:\source\SonnetDB\src\SonnetDB.Core\Documents\DocumentCollectionStore.cs:line 2430
   at SonnetDB.Documents.DocumentCollectionStore..ctor(DocumentCollectionSchema schema, KvKeyspace keyspace, Func`2 fullTextIndexFactory, Func`2 vectorIndexFactory) in D:\source\SonnetDB\src\SonnetDB.Core\Documents\DocumentCollectionStore.cs:line 45
   at SonnetDB.Documents.DocumentCollectionManager.OpenStoreLocked(DocumentCollectionSchema schema) in D:\source\SonnetDB\src\SonnetDB.Core\Documents\DocumentCollectionManager.cs:line 756
   at SonnetDB.Documents.DocumentCollectionManager.Create(DocumentCollectionSchema schema) in D:\source\SonnetDB\src\SonnetDB.Core\Documents\DocumentCollectionManager.cs:line 83
   at SonnetDB.SemanticContent.RagIngestionWriter.ExecuteAsync(RagIngestionWriterCheckpoint checkpoint, DatabaseGenerationQueryLease active, RagIngestionWriterCheckpoint previous, Func`3 embedAsync, CancellationToken token) in D:\source\SonnetDB\src\SonnetDB.Core\SemanticContent\RagIngestionWriter.cs:line 223
   at SonnetDB.SemanticContent.RagIngestionWriter.WriteAsync(RagIngestionSnapshot snapshot, Func`3 embedAsync, CancellationToken cancellationToken) in D:\source\SonnetDB\src\SonnetDB.Core\SemanticContent\RagIngestionWriter.cs:line 134
   at SonnetDB.Core.Tests.SemanticContent.RagGenerationSearchTests.SearchAsync_UnnormalizedInnerProduct_PreservesNearestBeforeWindowAndFusion(Int32 candidateCount, Boolean alphaIsNearest) in D:\source\SonnetDB\tests\SonnetDB.Core.Tests\SemanticContent\RagGenerationSearchTests.cs:line 27
--- End of stack trace from previous location ---
----- Inner Stack Trace #2 (System.IO.IOException) -----
   at System.IO.FileSystem.RemoveDirectoryRecursive(String fullPath, WIN32_FIND_DATA& findData, Boolean topLevel)
   at System.IO.Directory.Delete(String path, Boolean recursive)
   at SonnetDB.Core.Tests.SemanticContent.RagGenerationSearchTests.Dispose() in D:\source\SonnetDB\tests\SonnetDB.Core.Tests\SemanticContent\RagGenerationSearchTests.cs:line 173
  失败 SonnetDB.Core.Tests.SemanticContent.RagGenerationSearchTests.SearchAsync_UnnormalizedInnerProduct_PreservesNearestBeforeWindowAndFusion(candidateCount: 1, alphaIsNearest: False) [68 ms]
  错误消息:
   System.AggregateException : One or more errors occurred. (Failed to open directory 'C:\Users\mysti\AppData\Local\Temp\sonnetdb-parallel-third-4eff92966347481daaf27153e9fadd95\scratch\sonnetdb-rag-search-e270fbf26b544a1f90d6491c8a9f6224\documents\vector\7261675f3862316263373630633264353434616538386466656330326639313862616661\7261675f766563746f72\wal' for durable metadata publication: 系统找不到指定的路径。) (The process cannot access the file 'keyspace.lock' because it is being used by another process.)
---- System.IO.IOException : Failed to open directory 'C:\Users\mysti\AppData\Local\Temp\sonnetdb-parallel-third-4eff92966347481daaf27153e9fadd95\scratch\sonnetdb-rag-search-e270fbf26b544a1f90d6491c8a9f6224\documents\vector\7261675f3862316263373630633264353434616538386466656330326639313862616661\7261675f766563746f72\wal' for durable metadata publication: 系统找不到指定的路径。
---- System.IO.IOException : The process cannot access the file 'keyspace.lock' because it is being used by another process.
  堆栈跟踪:
  
----- Inner Stack Trace #1 (System.IO.IOException) -----
   at SonnetDB.Wal.DirectoryFsync.FlushWindowsRequired(String directory) in D:\source\SonnetDB\src\SonnetDB.Core\Wal\DirectoryFsync.cs:line 139
   at SonnetDB.Wal.DirectoryFsync.FlushRequired(String directory) in D:\source\SonnetDB\src\SonnetDB.Core\Wal\DirectoryFsync.cs:line 60
   at SonnetDB.Kv.KvKeyspace.OpenWithLifecycleLease(String name, String rootDirectory, KvOptions options, FileStream lifecycleLease, KvDiskReadBudget diskReadBudget, Boolean ownsDiskReadBudget) in D:\source\SonnetDB\src\SonnetDB.Core\Kv\KvKeyspace.cs:line 567
   at SonnetDB.Kv.KvKeyspace.Open(String name, String rootDirectory, KvOptions options, KvDiskReadBudget diskReadBudget) in D:\source\SonnetDB\src\SonnetDB.Core\Kv\KvKeyspace.cs:line 419
   at SonnetDB.Documents.Vector.DocumentVectorIndexStore.Open(String directory, DocumentVectorIndex definition, KvOptions kvOptions) in D:\source\SonnetDB\src\SonnetDB.Core\Documents\Vector\DocumentVectorIndexStore.cs:line 73
   at SonnetDB.Documents.DocumentCollectionManager.<>c__DisplayClass40_0.<OpenStoreLocked>b__1(DocumentVectorIndex index) in D:\source\SonnetDB\src\SonnetDB.Core\Documents\DocumentCollectionManager.cs:line 760
   at SonnetDB.Documents.DocumentCollectionStore.OpenVectorStoreLocked(DocumentVectorIndex index, Boolean rebuildIfMissing) in D:\source\SonnetDB\src\SonnetDB.Core\Documents\DocumentCollectionStore.cs:line 2461
   at SonnetDB.Documents.DocumentCollectionStore.ReconcileVectorStoresLocked(DocumentCollectionSchema previousSchema, Boolean rebuildAll) in D:\source\SonnetDB\src\SonnetDB.Core\Documents\DocumentCollectionStore.cs:line 2430
   at SonnetDB.Documents.DocumentCollectionStore..ctor(DocumentCollectionSchema schema, KvKeyspace keyspace, Func`2 fullTextIndexFactory, Func`2 vectorIndexFactory) in D:\source\SonnetDB\src\SonnetDB.Core\Documents\DocumentCollectionStore.cs:line 45
   at SonnetDB.Documents.DocumentCollectionManager.OpenStoreLocked(DocumentCollectionSchema schema) in D:\source\SonnetDB\src\SonnetDB.Core\Documents\DocumentCollectionManager.cs:line 756
   at SonnetDB.Documents.DocumentCollectionManager.Create(DocumentCollectionSchema schema) in D:\source\SonnetDB\src\SonnetDB.Core\Documents\DocumentCollectionManager.cs:line 83
   at SonnetDB.SemanticContent.RagIngestionWriter.ExecuteAsync(RagIngestionWriterCheckpoint checkpoint, DatabaseGenerationQueryLease active, RagIngestionWriterCheckpoint previous, Func`3 embedAsync, CancellationToken token) in D:\source\SonnetDB\src\SonnetDB.Core\SemanticContent\RagIngestionWriter.cs:line 223
   at SonnetDB.SemanticContent.RagIngestionWriter.WriteAsync(RagIngestionSnapshot snapshot, Func`3 embedAsync, CancellationToken cancellationToken) in D:\source\SonnetDB\src\SonnetDB.Core\SemanticContent\RagIngestionWriter.cs:line 134
   at SonnetDB.Core.Tests.SemanticContent.RagGenerationSearchTests.SearchAsync_UnnormalizedInnerProduct_PreservesNearestBeforeWindowAndFusion(Int32 candidateCount, Boolean alphaIsNearest) in D:\source\SonnetDB\tests\SonnetDB.Core.Tests\SemanticContent\RagGenerationSearchTests.cs:line 27
--- End of stack trace from previous location ---
----- Inner Stack Trace #2 (System.IO.IOException) -----
   at System.IO.FileSystem.RemoveDirectoryRecursive(String fullPath, WIN32_FIND_DATA& findData, Boolean topLevel)
   at System.IO.Directory.Delete(String path, Boolean recursive)
   at SonnetDB.Core.Tests.SemanticContent.RagGenerationSearchTests.Dispose() in D:\source\SonnetDB\tests\SonnetDB.Core.Tests\SemanticContent\RagGenerationSearchTests.cs:line 173
  失败 SonnetDB.Core.Tests.SemanticContent.RagGenerationSearchTests.SearchAsync_UnnormalizedInnerProduct_PreservesNearestBeforeWindowAndFusion(candidateCount: 2, alphaIsNearest: True) [64 ms]
  错误消息:
   System.AggregateException : One or more errors occurred. (Failed to open directory 'C:\Users\mysti\AppData\Local\Temp\sonnetdb-parallel-third-4eff92966347481daaf27153e9fadd95\scratch\sonnetdb-rag-search-ac95ee19b04a4e74be8df834e9138ea5\documents\vector\7261675f6336636533336631353737383431316239663266303633333666306366303931\7261675f766563746f72\wal' for durable metadata publication: 系统找不到指定的路径。) (The process cannot access the file 'keyspace.lock' because it is being used by another process.)
---- System.IO.IOException : Failed to open directory 'C:\Users\mysti\AppData\Local\Temp\sonnetdb-parallel-third-4eff92966347481daaf27153e9fadd95\scratch\sonnetdb-rag-search-ac95ee19b04a4e74be8df834e9138ea5\documents\vector\7261675f6336636533336631353737383431316239663266303633333666306366303931\7261675f766563746f72\wal' for durable metadata publication: 系统找不到指定的路径。
---- System.IO.IOException : The process cannot access the file 'keyspace.lock' because it is being used by another process.
  堆栈跟踪:
  
----- Inner Stack Trace #1 (System.IO.IOException) -----
   at SonnetDB.Wal.DirectoryFsync.FlushWindowsRequired(String directory) in D:\source\SonnetDB\src\SonnetDB.Core\Wal\DirectoryFsync.cs:line 139
   at SonnetDB.Wal.DirectoryFsync.FlushRequired(String directory) in D:\source\SonnetDB\src\SonnetDB.Core\Wal\DirectoryFsync.cs:line 60
   at SonnetDB.Kv.KvKeyspace.OpenWithLifecycleLease(String name, String rootDirectory, KvOptions options, FileStream lifecycleLease, KvDiskReadBudget diskReadBudget, Boolean ownsDiskReadBudget) in D:\source\SonnetDB\src\SonnetDB.Core\Kv\KvKeyspace.cs:line 567
   at SonnetDB.Kv.KvKeyspace.Open(String name, String rootDirectory, KvOptions options, KvDiskReadBudget diskReadBudget) in D:\source\SonnetDB\src\SonnetDB.Core\Kv\KvKeyspace.cs:line 419
   at SonnetDB.Documents.Vector.DocumentVectorIndexStore.Open(String directory, DocumentVectorIndex definition, KvOptions kvOptions) in D:\source\SonnetDB\src\SonnetDB.Core\Documents\Vector\DocumentVectorIndexStore.cs:line 73
   at SonnetDB.Documents.DocumentCollectionManager.<>c__DisplayClass40_0.<OpenStoreLocked>b__1(DocumentVectorIndex index) in D:\source\SonnetDB\src\SonnetDB.Core\Documents\DocumentCollectionManager.cs:line 760
   at SonnetDB.Documents.DocumentCollectionStore.OpenVectorStoreLocked(DocumentVectorIndex index, Boolean rebuildIfMissing) in D:\source\SonnetDB\src\SonnetDB.Core\Documents\DocumentCollectionStore.cs:line 2461
   at SonnetDB.Documents.DocumentCollectionStore.ReconcileVectorStoresLocked(DocumentCollectionSchema previousSchema, Boolean rebuildAll) in D:\source\SonnetDB\src\SonnetDB.Core\Documents\DocumentCollectionStore.cs:line 2430
   at SonnetDB.Documents.DocumentCollectionStore..ctor(DocumentCollectionSchema schema, KvKeyspace keyspace, Func`2 fullTextIndexFactory, Func`2 vectorIndexFactory) in D:\source\SonnetDB\src\SonnetDB.Core\Documents\DocumentCollectionStore.cs:line 45
   at SonnetDB.Documents.DocumentCollectionManager.OpenStoreLocked(DocumentCollectionSchema schema) in D:\source\SonnetDB\src\SonnetDB.Core\Documents\DocumentCollectionManager.cs:line 756
   at SonnetDB.Documents.DocumentCollectionManager.Create(DocumentCollectionSchema schema) in D:\source\SonnetDB\src\SonnetDB.Core\Documents\DocumentCollectionManager.cs:line 83
   at SonnetDB.SemanticContent.RagIngestionWriter.ExecuteAsync(RagIngestionWriterCheckpoint checkpoint, DatabaseGenerationQueryLease active, RagIngestionWriterCheckpoint previous, Func`3 embedAsync, CancellationToken token) in D:\source\SonnetDB\src\SonnetDB.Core\SemanticContent\RagIngestionWriter.cs:line 223
   at SonnetDB.SemanticContent.RagIngestionWriter.WriteAsync(RagIngestionSnapshot snapshot, Func`3 embedAsync, CancellationToken cancellationToken) in D:\source\SonnetDB\src\SonnetDB.Core\SemanticContent\RagIngestionWriter.cs:line 134
   at SonnetDB.Core.Tests.SemanticContent.RagGenerationSearchTests.SearchAsync_UnnormalizedInnerProduct_PreservesNearestBeforeWindowAndFusion(Int32 candidateCount, Boolean alphaIsNearest) in D:\source\SonnetDB\tests\SonnetDB.Core.Tests\SemanticContent\RagGenerationSearchTests.cs:line 27
--- End of stack trace from previous location ---
----- Inner Stack Trace #2 (System.IO.IOException) -----
   at System.IO.FileSystem.RemoveDirectoryRecursive(String fullPath, WIN32_FIND_DATA& findData, Boolean topLevel)
   at System.IO.Directory.Delete(String path, Boolean recursive)
   at SonnetDB.Core.Tests.SemanticContent.RagGenerationSearchTests.Dispose() in D:\source\SonnetDB\tests\SonnetDB.Core.Tests\SemanticContent\RagGenerationSearchTests.cs:line 173
  失败 SonnetDB.Core.Tests.SemanticContent.RagGenerationSearchTests.SearchAsync_BudgetsAndCancellation_RejectAndReleaseLease [55 ms]
  错误消息:
   System.AggregateException : One or more errors occurred. (Failed to open directory 'C:\Users\mysti\AppData\Local\Temp\sonnetdb-parallel-third-4eff92966347481daaf27153e9fadd95\scratch\sonnetdb-rag-search-1fc76ed900604fb9927d9a7f5830d7f7\documents\vector\7261675f3864353961373662346265333437616361346363646666383766636461353666\7261675f766563746f72\wal' for durable metadata publication: 系统找不到指定的路径。) (The process cannot access the file 'keyspace.lock' because it is being used by another process.)
---- System.IO.IOException : Failed to open directory 'C:\Users\mysti\AppData\Local\Temp\sonnetdb-parallel-third-4eff92966347481daaf27153e9fadd95\scratch\sonnetdb-rag-search-1fc76ed900604fb9927d9a7f5830d7f7\documents\vector\7261675f3864353961373662346265333437616361346363646666383766636461353666\7261675f766563746f72\wal' for durable metadata publication: 系统找不到指定的路径。
---- System.IO.IOException : The process cannot access the file 'keyspace.lock' because it is being used by another process.
  堆栈跟踪:
  
----- Inner Stack Trace #1 (System.IO.IOException) -----
   at SonnetDB.Wal.DirectoryFsync.FlushWindowsRequired(String directory) in D:\source\SonnetDB\src\SonnetDB.Core\Wal\DirectoryFsync.cs:line 139
   at SonnetDB.Wal.DirectoryFsync.FlushRequired(String directory) in D:\source\SonnetDB\src\SonnetDB.Core\Wal\DirectoryFsync.cs:line 60
   at SonnetDB.Kv.KvKeyspace.OpenWithLifecycleLease(String name, String rootDirectory, KvOptions options, FileStream lifecycleLease, KvDiskReadBudget diskReadBudget, Boolean ownsDiskReadBudget) in D:\source\SonnetDB\src\SonnetDB.Core\Kv\KvKeyspace.cs:line 567
   at SonnetDB.Kv.KvKeyspace.Open(String name, String rootDirectory, KvOptions options, KvDiskReadBudget diskReadBudget) in D:\source\SonnetDB\src\SonnetDB.Core\Kv\KvKeyspace.cs:line 419
   at SonnetDB.Documents.Vector.DocumentVectorIndexStore.Open(String directory, DocumentVectorIndex definition, KvOptions kvOptions) in D:\source\SonnetDB\src\SonnetDB.Core\Documents\Vector\DocumentVectorIndexStore.cs:line 73
   at SonnetDB.Documents.DocumentCollectionManager.<>c__DisplayClass40_0.<OpenStoreLocked>b__1(DocumentVectorIndex index) in D:\source\SonnetDB\src\SonnetDB.Core\Documents\DocumentCollectionManager.cs:line 760
   at SonnetDB.Documents.DocumentCollectionStore.OpenVectorStoreLocked(DocumentVectorIndex index, Boolean rebuildIfMissing) in D:\source\SonnetDB\src\SonnetDB.Core\Documents\DocumentCollectionStore.cs:line 2461
   at SonnetDB.Documents.DocumentCollectionStore.ReconcileVectorStoresLocked(DocumentCollectionSchema previousSchema, Boolean rebuildAll) in D:\source\SonnetDB\src\SonnetDB.Core\Documents\DocumentCollectionStore.cs:line 2430
   at SonnetDB.Documents.DocumentCollectionStore..ctor(DocumentCollectionSchema schema, KvKeyspace keyspace, Func`2 fullTextIndexFactory, Func`2 vectorIndexFactory) in D:\source\SonnetDB\src\SonnetDB.Core\Documents\DocumentCollectionStore.cs:line 45
   at SonnetDB.Documents.DocumentCollectionManager.OpenStoreLocked(DocumentCollectionSchema schema) in D:\source\SonnetDB\src\SonnetDB.Core\Documents\DocumentCollectionManager.cs:line 756
   at SonnetDB.Documents.DocumentCollectionManager.Create(DocumentCollectionSchema schema) in D:\source\SonnetDB\src\SonnetDB.Core\Documents\DocumentCollectionManager.cs:line 83
   at SonnetDB.SemanticContent.RagIngestionWriter.ExecuteAsync(RagIngestionWriterCheckpoint checkpoint, DatabaseGenerationQueryLease active, RagIngestionWriterCheckpoint previous, Func`3 embedAsync, CancellationToken token) in D:\source\SonnetDB\src\SonnetDB.Core\SemanticContent\RagIngestionWriter.cs:line 223
   at SonnetDB.SemanticContent.RagIngestionWriter.WriteAsync(RagIngestionSnapshot snapshot, Func`3 embedAsync, CancellationToken cancellationToken) in D:\source\SonnetDB\src\SonnetDB.Core\SemanticContent\RagIngestionWriter.cs:line 134
   at SonnetDB.Core.Tests.SemanticContent.RagGenerationSearchTests.SearchAsync_BudgetsAndCancellation_RejectAndReleaseLease() in D:\source\SonnetDB\tests\SonnetDB.Core.Tests\SemanticContent\RagGenerationSearchTests.cs:line 123
--- End of stack trace from previous location ---
----- Inner Stack Trace #2 (System.IO.IOException) -----
   at System.IO.FileSystem.RemoveDirectoryRecursive(String fullPath, WIN32_FIND_DATA& findData, Boolean topLevel)
   at System.IO.Directory.Delete(String path, Boolean recursive)
   at SonnetDB.Core.Tests.SemanticContent.RagGenerationSearchTests.Dispose() in D:\source\SonnetDB\tests\SonnetDB.Core.Tests\SemanticContent\RagGenerationSearchTests.cs:line 173
  失败 SonnetDB.Core.Tests.SemanticContent.RagGenerationSearchTests.SearchAsync_AuthorizedIds_RestrictsBothRetrievalAndReranker [67 ms]
  错误消息:
   System.AggregateException : One or more errors occurred. (Failed to open directory 'C:\Users\mysti\AppData\Local\Temp\sonnetdb-parallel-third-4eff92966347481daaf27153e9fadd95\scratch\sonnetdb-rag-search-a4ba1271f7ea4b7bb5c903aadb17cdb0\documents\vector\7261675f3362626562366637343361373434613162363730373834386166623334636137\7261675f766563746f72\wal' for durable metadata publication: 系统找不到指定的路径。) (The process cannot access the file 'keyspace.lock' because it is being used by another process.)
---- System.IO.IOException : Failed to open directory 'C:\Users\mysti\AppData\Local\Temp\sonnetdb-parallel-third-4eff92966347481daaf27153e9fadd95\scratch\sonnetdb-rag-search-a4ba1271f7ea4b7bb5c903aadb17cdb0\documents\vector\7261675f3362626562366637343361373434613162363730373834386166623334636137\7261675f766563746f72\wal' for durable metadata publication: 系统找不到指定的路径。
---- System.IO.IOException : The process cannot access the file 'keyspace.lock' because it is being used by another process.
  堆栈跟踪:
  
----- Inner Stack Trace #1 (System.IO.IOException) -----
   at SonnetDB.Wal.DirectoryFsync.FlushWindowsRequired(String directory) in D:\source\SonnetDB\src\SonnetDB.Core\Wal\DirectoryFsync.cs:line 139
   at SonnetDB.Wal.DirectoryFsync.FlushRequired(String directory) in D:\source\SonnetDB\src\SonnetDB.Core\Wal\DirectoryFsync.cs:line 60
   at SonnetDB.Kv.KvKeyspace.OpenWithLifecycleLease(String name, String rootDirectory, KvOptions options, FileStream lifecycleLease, KvDiskReadBudget diskReadBudget, Boolean ownsDiskReadBudget) in D:\source\SonnetDB\src\SonnetDB.Core\Kv\KvKeyspace.cs:line 567
   at SonnetDB.Kv.KvKeyspace.Open(String name, String rootDirectory, KvOptions options, KvDiskReadBudget diskReadBudget) in D:\source\SonnetDB\src\SonnetDB.Core\Kv\KvKeyspace.cs:line 419
   at SonnetDB.Documents.Vector.DocumentVectorIndexStore.Open(String directory, DocumentVectorIndex definition, KvOptions kvOptions) in D:\source\SonnetDB\src\SonnetDB.Core\Documents\Vector\DocumentVectorIndexStore.cs:line 73
   at SonnetDB.Documents.DocumentCollectionManager.<>c__DisplayClass40_0.<OpenStoreLocked>b__1(DocumentVectorIndex index) in D:\source\SonnetDB\src\SonnetDB.Core\Documents\DocumentCollectionManager.cs:line 760
   at SonnetDB.Documents.DocumentCollectionStore.OpenVectorStoreLocked(DocumentVectorIndex index, Boolean rebuildIfMissing) in D:\source\SonnetDB\src\SonnetDB.Core\Documents\DocumentCollectionStore.cs:line 2461
   at SonnetDB.Documents.DocumentCollectionStore.ReconcileVectorStoresLocked(DocumentCollectionSchema previousSchema, Boolean rebuildAll) in D:\source\SonnetDB\src\SonnetDB.Core\Documents\DocumentCollectionStore.cs:line 2430
   at SonnetDB.Documents.DocumentCollectionStore..ctor(DocumentCollectionSchema schema, KvKeyspace keyspace, Func`2 fullTextIndexFactory, Func`2 vectorIndexFactory) in D:\source\SonnetDB\src\SonnetDB.Core\Documents\DocumentCollectionStore.cs:line 45
   at SonnetDB.Documents.DocumentCollectionManager.OpenStoreLocked(DocumentCollectionSchema schema) in D:\source\SonnetDB\src\SonnetDB.Core\Documents\DocumentCollectionManager.cs:line 756
   at SonnetDB.Documents.DocumentCollectionManager.Create(DocumentCollectionSchema schema) in D:\source\SonnetDB\src\SonnetDB.Core\Documents\DocumentCollectionManager.cs:line 83
   at SonnetDB.SemanticContent.RagIngestionWriter.ExecuteAsync(RagIngestionWriterCheckpoint checkpoint, DatabaseGenerationQueryLease active, RagIngestionWriterCheckpoint previous, Func`3 embedAsync, CancellationToken token) in D:\source\SonnetDB\src\SonnetDB.Core\SemanticContent\RagIngestionWriter.cs:line 223
   at SonnetDB.SemanticContent.RagIngestionWriter.WriteAsync(RagIngestionSnapshot snapshot, Func`3 embedAsync, CancellationToken cancellationToken) in D:\source\SonnetDB\src\SonnetDB.Core\SemanticContent\RagIngestionWriter.cs:line 134
   at SonnetDB.Core.Tests.SemanticContent.RagGenerationSearchTests.SearchAsync_AuthorizedIds_RestrictsBothRetrievalAndReranker() in D:\source\SonnetDB\tests\SonnetDB.Core.Tests\SemanticContent\RagGenerationSearchTests.cs:line 68
--- End of stack trace from previous location ---
----- Inner Stack Trace #2 (System.IO.IOException) -----
   at System.IO.FileSystem.RemoveDirectoryRecursive(String fullPath, WIN32_FIND_DATA& findData, Boolean topLevel)
   at System.IO.Directory.Delete(String path, Boolean recursive)
   at SonnetDB.Core.Tests.SemanticContent.RagGenerationSearchTests.Dispose() in D:\source\SonnetDB\tests\SonnetDB.Core.Tests\SemanticContent\RagGenerationSearchTests.cs:line 173
  失败 SonnetDB.Core.Tests.SemanticContent.RagGenerationSearchTests.SearchAsync_GenerationChangesDuringRerank_HoldsOldLeaseUntilCompletion [71 ms]
  错误消息:
   System.AggregateException : One or more errors occurred. (Failed to open directory 'C:\Users\mysti\AppData\Local\Temp\sonnetdb-parallel-third-4eff92966347481daaf27153e9fadd95\scratch\sonnetdb-rag-search-e8d22aa2cdc84f249c99ebd6bfe5d6db\documents\vector\7261675f3065353066373131306463393432613638393532363862343262306331316237\7261675f766563746f72\wal' for durable metadata publication: 系统找不到指定的路径。) (The process cannot access the file 'keyspace.lock' because it is being used by another process.)
---- System.IO.IOException : Failed to open directory 'C:\Users\mysti\AppData\Local\Temp\sonnetdb-parallel-third-4eff92966347481daaf27153e9fadd95\scratch\sonnetdb-rag-search-e8d22aa2cdc84f249c99ebd6bfe5d6db\documents\vector\7261675f3065353066373131306463393432613638393532363862343262306331316237\7261675f766563746f72\wal' for durable metadata publication: 系统找不到指定的路径。
---- System.IO.IOException : The process cannot access the file 'keyspace.lock' because it is being used by another process.
  堆栈跟踪:
  
----- Inner Stack Trace #1 (System.IO.IOException) -----
   at SonnetDB.Wal.DirectoryFsync.FlushWindowsRequired(String directory) in D:\source\SonnetDB\src\SonnetDB.Core\Wal\DirectoryFsync.cs:line 139
   at SonnetDB.Wal.DirectoryFsync.FlushRequired(String directory) in D:\source\SonnetDB\src\SonnetDB.Core\Wal\DirectoryFsync.cs:line 60
   at SonnetDB.Kv.KvKeyspace.OpenWithLifecycleLease(String name, String rootDirectory, KvOptions options, FileStream lifecycleLease, KvDiskReadBudget diskReadBudget, Boolean ownsDiskReadBudget) in D:\source\SonnetDB\src\SonnetDB.Core\Kv\KvKeyspace.cs:line 567
   at SonnetDB.Kv.KvKeyspace.Open(String name, String rootDirectory, KvOptions options, KvDiskReadBudget diskReadBudget) in D:\source\SonnetDB\src\SonnetDB.Core\Kv\KvKeyspace.cs:line 419
   at SonnetDB.Documents.Vector.DocumentVectorIndexStore.Open(String directory, DocumentVectorIndex definition, KvOptions kvOptions) in D:\source\SonnetDB\src\SonnetDB.Core\Documents\Vector\DocumentVectorIndexStore.cs:line 73
   at SonnetDB.Documents.DocumentCollectionManager.<>c__DisplayClass40_0.<OpenStoreLocked>b__1(DocumentVectorIndex index) in D:\source\SonnetDB\src\SonnetDB.Core\Documents\DocumentCollectionManager.cs:line 760
   at SonnetDB.Documents.DocumentCollectionStore.OpenVectorStoreLocked(DocumentVectorIndex index, Boolean rebuildIfMissing) in D:\source\SonnetDB\src\SonnetDB.Core\Documents\DocumentCollectionStore.cs:line 2461
   at SonnetDB.Documents.DocumentCollectionStore.ReconcileVectorStoresLocked(DocumentCollectionSchema previousSchema, Boolean rebuildAll) in D:\source\SonnetDB\src\SonnetDB.Core\Documents\DocumentCollectionStore.cs:line 2430
   at SonnetDB.Documents.DocumentCollectionStore..ctor(DocumentCollectionSchema schema, KvKeyspace keyspace, Func`2 fullTextIndexFactory, Func`2 vectorIndexFactory) in D:\source\SonnetDB\src\SonnetDB.Core\Documents\DocumentCollectionStore.cs:line 45
   at SonnetDB.Documents.DocumentCollectionManager.OpenStoreLocked(DocumentCollectionSchema schema) in D:\source\SonnetDB\src\SonnetDB.Core\Documents\DocumentCollectionManager.cs:line 756
   at SonnetDB.Documents.DocumentCollectionManager.Create(DocumentCollectionSchema schema) in D:\source\SonnetDB\src\SonnetDB.Core\Documents\DocumentCollectionManager.cs:line 83
   at SonnetDB.SemanticContent.RagIngestionWriter.ExecuteAsync(RagIngestionWriterCheckpoint checkpoint, DatabaseGenerationQueryLease active, RagIngestionWriterCheckpoint previous, Func`3 embedAsync, CancellationToken token) in D:\source\SonnetDB\src\SonnetDB.Core\SemanticContent\RagIngestionWriter.cs:line 223
   at SonnetDB.SemanticContent.RagIngestionWriter.WriteAsync(RagIngestionSnapshot snapshot, Func`3 embedAsync, CancellationToken cancellationToken) in D:\source\SonnetDB\src\SonnetDB.Core\SemanticContent\RagIngestionWriter.cs:line 134
   at SonnetDB.Core.Tests.SemanticContent.RagGenerationSearchTests.SearchAsync_GenerationChangesDuringRerank_HoldsOldLeaseUntilCompletion() in D:\source\SonnetDB\tests\SonnetDB.Core.Tests\SemanticContent\RagGenerationSearchTests.cs:line 87
--- End of stack trace from previous location ---
----- Inner Stack Trace #2 (System.IO.IOException) -----
   at System.IO.FileSystem.RemoveDirectoryRecursive(String fullPath, WIN32_FIND_DATA& findData, Boolean topLevel)
   at System.IO.Directory.Delete(String path, Boolean recursive)
   at SonnetDB.Core.Tests.SemanticContent.RagGenerationSearchTests.Dispose() in D:\source\SonnetDB\tests\SonnetDB.Core.Tests\SemanticContent\RagGenerationSearchTests.cs:line 173
  失败 SonnetDB.Core.Tests.SemanticContent.RagGenerationSearchTests.SearchAsync_RealPublishedIndexes_ReopenAndReplacementRemainConsistent [63 ms]
  错误消息:
   System.AggregateException : One or more errors occurred. (Failed to open directory 'C:\Users\mysti\AppData\Local\Temp\sonnetdb-parallel-third-4eff92966347481daaf27153e9fadd95\scratch\sonnetdb-rag-search-f9992d34574743ed842dd39447ea8075\documents\vector\7261675f3132363131313038646430303434653361393663636262666630646666613835\7261675f766563746f72\wal' for durable metadata publication: 系统找不到指定的路径。) (The process cannot access the file 'keyspace.lock' because it is being used by another process.)
---- System.IO.IOException : Failed to open directory 'C:\Users\mysti\AppData\Local\Temp\sonnetdb-parallel-third-4eff92966347481daaf27153e9fadd95\scratch\sonnetdb-rag-search-f9992d34574743ed842dd39447ea8075\documents\vector\7261675f3132363131313038646430303434653361393663636262666630646666613835\7261675f766563746f72\wal' for durable metadata publication: 系统找不到指定的路径。
---- System.IO.IOException : The process cannot access the file 'keyspace.lock' because it is being used by another process.
  堆栈跟踪:
  
----- Inner Stack Trace #1 (System.IO.IOException) -----
   at SonnetDB.Wal.DirectoryFsync.FlushWindowsRequired(String directory) in D:\source\SonnetDB\src\SonnetDB.Core\Wal\DirectoryFsync.cs:line 139
   at SonnetDB.Wal.DirectoryFsync.FlushRequired(String directory) in D:\source\SonnetDB\src\SonnetDB.Core\Wal\DirectoryFsync.cs:line 60
   at SonnetDB.Kv.KvKeyspace.OpenWithLifecycleLease(String name, String rootDirectory, KvOptions options, FileStream lifecycleLease, KvDiskReadBudget diskReadBudget, Boolean ownsDiskReadBudget) in D:\source\SonnetDB\src\SonnetDB.Core\Kv\KvKeyspace.cs:line 567
   at SonnetDB.Kv.KvKeyspace.Open(String name, String rootDirectory, KvOptions options, KvDiskReadBudget diskReadBudget) in D:\source\SonnetDB\src\SonnetDB.Core\Kv\KvKeyspace.cs:line 419
   at SonnetDB.Documents.Vector.DocumentVectorIndexStore.Open(String directory, DocumentVectorIndex definition, KvOptions kvOptions) in D:\source\SonnetDB\src\SonnetDB.Core\Documents\Vector\DocumentVectorIndexStore.cs:line 73
   at SonnetDB.Documents.DocumentCollectionManager.<>c__DisplayClass40_0.<OpenStoreLocked>b__1(DocumentVectorIndex index) in D:\source\SonnetDB\src\SonnetDB.Core\Documents\DocumentCollectionManager.cs:line 760
   at SonnetDB.Documents.DocumentCollectionStore.OpenVectorStoreLocked(DocumentVectorIndex index, Boolean rebuildIfMissing) in D:\source\SonnetDB\src\SonnetDB.Core\Documents\DocumentCollectionStore.cs:line 2461
   at SonnetDB.Documents.DocumentCollectionStore.ReconcileVectorStoresLocked(DocumentCollectionSchema previousSchema, Boolean rebuildAll) in D:\source\SonnetDB\src\SonnetDB.Core\Documents\DocumentCollectionStore.cs:line 2430
   at SonnetDB.Documents.DocumentCollectionStore..ctor(DocumentCollectionSchema schema, KvKeyspace keyspace, Func`2 fullTextIndexFactory, Func`2 vectorIndexFactory) in D:\source\SonnetDB\src\SonnetDB.Core\Documents\DocumentCollectionStore.cs:line 45
   at SonnetDB.Documents.DocumentCollectionManager.OpenStoreLocked(DocumentCollectionSchema schema) in D:\source\SonnetDB\src\SonnetDB.Core\Documents\DocumentCollectionManager.cs:line 756
   at SonnetDB.Documents.DocumentCollectionManager.Create(DocumentCollectionSchema schema) in D:\source\SonnetDB\src\SonnetDB.Core\Documents\DocumentCollectionManager.cs:line 83
   at SonnetDB.SemanticContent.RagIngestionWriter.ExecuteAsync(RagIngestionWriterCheckpoint checkpoint, DatabaseGenerationQueryLease active, RagIngestionWriterCheckpoint previous, Func`3 embedAsync, CancellationToken token) in D:\source\SonnetDB\src\SonnetDB.Core\SemanticContent\RagIngestionWriter.cs:line 223
   at SonnetDB.SemanticContent.RagIngestionWriter.WriteAsync(RagIngestionSnapshot snapshot, Func`3 embedAsync, CancellationToken cancellationToken) in D:\source\SonnetDB\src\SonnetDB.Core\SemanticContent\RagIngestionWriter.cs:line 134
   at SonnetDB.Core.Tests.SemanticContent.RagGenerationSearchTests.SearchAsync_RealPublishedIndexes_ReopenAndReplacementRemainConsistent() in D:\source\SonnetDB\tests\SonnetDB.Core.Tests\SemanticContent\RagGenerationSearchTests.cs:line 50
--- End of stack trace from previous location ---
----- Inner Stack Trace #2 (System.IO.IOException) -----
   at System.IO.FileSystem.RemoveDirectoryRecursive(String fullPath, WIN32_FIND_DATA& findData, Boolean topLevel)
   at System.IO.Directory.Delete(String path, Boolean recursive)
   at SonnetDB.Core.Tests.SemanticContent.RagGenerationSearchTests.Dispose() in D:\source\SonnetDB\tests\SonnetDB.Core.Tests\SemanticContent\RagGenerationSearchTests.cs:line 173
  失败 SonnetDB.Core.Tests.Cli.RagOnlineCommandTests.Ingest_CancelledHttpCall_LeavesTaskResumable [109 ms]
  错误消息:
   System.AggregateException : One or more errors occurred. (Assert.ThrowsAny() Failure: Exception type was not compatible
Expected: typeof(System.OperationCanceledException)
Actual:   typeof(System.IO.IOException)) (The process cannot access the file 'keyspace.lock' because it is being used by another process.)
---- Assert.ThrowsAny() Failure: Exception type was not compatible
Expected: typeof(System.OperationCanceledException)
Actual:   typeof(System.IO.IOException)
-------- System.IO.IOException : Failed to open directory 'C:\Users\mysti\AppData\Local\Temp\sonnetdb-parallel-third-4eff92966347481daaf27153e9fadd95\scratch\sndb-rag-online-711075efad1c479a96b5b9fab52790a5\database\documents\vector\7261675f3838623563363330313065343466336161393435326530336536303961626333\7261675f766563746f72\wal' for durable metadata publication: 系统找不到指定的路径。
---- System.IO.IOException : The process cannot access the file 'keyspace.lock' because it is being used by another process.
  堆栈跟踪:
  
----- Inner Stack Trace #1 (Xunit.Sdk.ThrowsAnyException) -----
   at SonnetDB.Core.Tests.Cli.RagOnlineCommandTests.Ingest_CancelledHttpCall_LeavesTaskResumable() in D:\source\SonnetDB\tests\SonnetDB.Core.Tests\Cli\RagOnlineCommandTests.cs:line 115
   at System.RuntimeMethodHandle.InvokeMethod(ObjectHandleOnStack target, Void** arguments, ObjectHandleOnStack sig, BOOL isConstructor, ObjectHandleOnStack result)
   at System.Reflection.MethodBaseInvoker.InvokeWithNoArgs(Object obj, BindingFlags invokeAttr)
----- Inner Stack Trace -----
   at SonnetDB.Wal.DirectoryFsync.FlushWindowsRequired(String directory) in D:\source\SonnetDB\src\SonnetDB.Core\Wal\DirectoryFsync.cs:line 139
   at SonnetDB.Wal.DirectoryFsync.FlushRequired(String directory) in D:\source\SonnetDB\src\SonnetDB.Core\Wal\DirectoryFsync.cs:line 60
   at SonnetDB.Kv.KvKeyspace.OpenWithLifecycleLease(String name, String rootDirectory, KvOptions options, FileStream lifecycleLease, KvDiskReadBudget diskReadBudget, Boolean ownsDiskReadBudget) in D:\source\SonnetDB\src\SonnetDB.Core\Kv\KvKeyspace.cs:line 567
   at SonnetDB.Kv.KvKeyspace.Open(String name, String rootDirectory, KvOptions options, KvDiskReadBudget diskReadBudget) in D:\source\SonnetDB\src\SonnetDB.Core\Kv\KvKeyspace.cs:line 419
   at SonnetDB.Documents.Vector.DocumentVectorIndexStore.Open(String directory, DocumentVectorIndex definition, KvOptions kvOptions) in D:\source\SonnetDB\src\SonnetDB.Core\Documents\Vector\DocumentVectorIndexStore.cs:line 73
   at SonnetDB.Documents.DocumentCollectionManager.<>c__DisplayClass40_0.<OpenStoreLocked>b__1(DocumentVectorIndex index) in D:\source\SonnetDB\src\SonnetDB.Core\Documents\DocumentCollectionManager.cs:line 760
   at SonnetDB.Documents.DocumentCollectionStore.OpenVectorStoreLocked(DocumentVectorIndex index, Boolean rebuildIfMissing) in D:\source\SonnetDB\src\SonnetDB.Core\Documents\DocumentCollectionStore.cs:line 2461
   at SonnetDB.Documents.DocumentCollectionStore.ReconcileVectorStoresLocked(DocumentCollectionSchema previousSchema, Boolean rebuildAll) in D:\source\SonnetDB\src\SonnetDB.Core\Documents\DocumentCollectionStore.cs:line 2430
   at SonnetDB.Documents.DocumentCollectionStore..ctor(DocumentCollectionSchema schema, KvKeyspace keyspace, Func`2 fullTextIndexFactory, Func`2 vectorIndexFactory) in D:\source\SonnetDB\src\SonnetDB.Core\Documents\DocumentCollectionStore.cs:line 45
   at SonnetDB.Documents.DocumentCollectionManager.OpenStoreLocked(DocumentCollectionSchema schema) in D:\source\SonnetDB\src\SonnetDB.Core\Documents\DocumentCollectionManager.cs:line 756
   at SonnetDB.Documents.DocumentCollectionManager.Create(DocumentCollectionSchema schema) in D:\source\SonnetDB\src\SonnetDB.Core\Documents\DocumentCollectionManager.cs:line 83
   at SonnetDB.SemanticContent.RagIngestionWriter.ExecuteAsync(RagIngestionWriterCheckpoint checkpoint, DatabaseGenerationQueryLease active, RagIngestionWriterCheckpoint previous, Func`3 embedAsync, CancellationToken token) in D:\source\SonnetDB\src\SonnetDB.Core\SemanticContent\RagIngestionWriter.cs:line 223
   at SonnetDB.SemanticContent.RagIngestionWriter.WriteAsync(RagIngestionSnapshot snapshot, Func`3 embedAsync, CancellationToken cancellationToken) in D:\source\SonnetDB\src\SonnetDB.Core\SemanticContent\RagIngestionWriter.cs:line 134
   at SonnetDB.Cli.RagCommandRunner.RunAsync(Options options) in D:\source\SonnetDB\src\SonnetDB.Cli\RagCommandRunner.cs:line 111
   at SonnetDB.Cli.RagCommandRunner.Run(IReadOnlyList`1 args) in D:\source\SonnetDB\src\SonnetDB.Cli\RagCommandRunner.cs:line 18
   at SonnetDB.Core.Tests.Cli.RagOnlineCommandTests.Run(Handler handler, RagCliBundle bundle, Boolean dryRun, Boolean resume, String timeout) in D:\source\SonnetDB\tests\SonnetDB.Core.Tests\Cli\RagOnlineCommandTests.cs:line 129
   at SonnetDB.Core.Tests.Cli.RagOnlineCommandTests.<>c__DisplayClass14_0.<Ingest_CancelledHttpCall_LeavesTaskResumable>b__2() in D:\source\SonnetDB\tests\SonnetDB.Core.Tests\Cli\RagOnlineCommandTests.cs:line 115
----- Inner Stack Trace #2 (System.IO.IOException) -----
   at System.IO.FileSystem.RemoveDirectoryRecursive(String fullPath, WIN32_FIND_DATA& findData, Boolean topLevel)
   at System.IO.Directory.Delete(String path, Boolean recursive)
   at SonnetDB.Core.Tests.Cli.RagOnlineCommandTests.Dispose() in D:\source\SonnetDB\tests\SonnetDB.Core.Tests\Cli\RagOnlineCommandTests.cs:line 156
  失败 SonnetDB.Core.Tests.Cli.RagOnlineCommandTests.Ingest_InvalidProtocol_DoesNotRetryOrPublish(payload: "{\"data\":[{\"index\":2,\"embedding\":[1,0]}]}") [73 ms]
  错误消息:
   System.AggregateException : One or more errors occurred. (Assert.Throws() Failure: Exception type was not an exact match
Expected: typeof(System.InvalidOperationException)
Actual:   typeof(System.IO.IOException)) (The process cannot access the file 'keyspace.lock' because it is being used by another process.)
---- Assert.Throws() Failure: Exception type was not an exact match
Expected: typeof(System.InvalidOperationException)
Actual:   typeof(System.IO.IOException)
-------- System.IO.IOException : Failed to open directory 'C:\Users\mysti\AppData\Local\Temp\sonnetdb-parallel-third-4eff92966347481daaf27153e9fadd95\scratch\sndb-rag-online-04288727256f447b9d2ed4d20117885c\database\documents\vector\7261675f3432643138333062313065633463666561303034373530346333353264633033\7261675f766563746f72\wal' for durable metadata publication: 系统找不到指定的路径。
---- System.IO.IOException : The process cannot access the file 'keyspace.lock' because it is being used by another process.
  堆栈跟踪:
  
----- Inner Stack Trace #1 (Xunit.Sdk.ThrowsException) -----
   at SonnetDB.Core.Tests.Cli.RagOnlineCommandTests.Ingest_InvalidProtocol_DoesNotRetryOrPublish(String payload) in D:\source\SonnetDB\tests\SonnetDB.Core.Tests\Cli\RagOnlineCommandTests.cs:line 84
   at System.RuntimeMethodHandle.InvokeMethod(ObjectHandleOnStack target, Void** arguments, ObjectHandleOnStack sig, BOOL isConstructor, ObjectHandleOnStack result)
   at System.Reflection.MethodBaseInvoker.InvokeDirectByRefWithFewArgs(Object obj, Span`1 copyOfArgs, BindingFlags invokeAttr)
----- Inner Stack Trace -----
   at SonnetDB.Wal.DirectoryFsync.FlushWindowsRequired(String directory) in D:\source\SonnetDB\src\SonnetDB.Core\Wal\DirectoryFsync.cs:line 139
   at SonnetDB.Wal.DirectoryFsync.FlushRequired(String directory) in D:\source\SonnetDB\src\SonnetDB.Core\Wal\DirectoryFsync.cs:line 60
   at SonnetDB.Kv.KvKeyspace.OpenWithLifecycleLease(String name, String rootDirectory, KvOptions options, FileStream lifecycleLease, KvDiskReadBudget diskReadBudget, Boolean ownsDiskReadBudget) in D:\source\SonnetDB\src\SonnetDB.Core\Kv\KvKeyspace.cs:line 567
   at SonnetDB.Kv.KvKeyspace.Open(String name, String rootDirectory, KvOptions options, KvDiskReadBudget diskReadBudget) in D:\source\SonnetDB\src\SonnetDB.Core\Kv\KvKeyspace.cs:line 419
   at SonnetDB.Documents.Vector.DocumentVectorIndexStore.Open(String directory, DocumentVectorIndex definition, KvOptions kvOptions) in D:\source\SonnetDB\src\SonnetDB.Core\Documents\Vector\DocumentVectorIndexStore.cs:line 73
   at SonnetDB.Documents.DocumentCollectionManager.<>c__DisplayClass40_0.<OpenStoreLocked>b__1(DocumentVectorIndex index) in D:\source\SonnetDB\src\SonnetDB.Core\Documents\DocumentCollectionManager.cs:line 760
   at SonnetDB.Documents.DocumentCollectionStore.OpenVectorStoreLocked(DocumentVectorIndex index, Boolean rebuildIfMissing) in D:\source\SonnetDB\src\SonnetDB.Core\Documents\DocumentCollectionStore.cs:line 2461
   at SonnetDB.Documents.DocumentCollectionStore.ReconcileVectorStoresLocked(DocumentCollectionSchema previousSchema, Boolean rebuildAll) in D:\source\SonnetDB\src\SonnetDB.Core\Documents\DocumentCollectionStore.cs:line 2430
   at SonnetDB.Documents.DocumentCollectionStore..ctor(DocumentCollectionSchema schema, KvKeyspace keyspace, Func`2 fullTextIndexFactory, Func`2 vectorIndexFactory) in D:\source\SonnetDB\src\SonnetDB.Core\Documents\DocumentCollectionStore.cs:line 45
   at SonnetDB.Documents.DocumentCollectionManager.OpenStoreLocked(DocumentCollectionSchema schema) in D:\source\SonnetDB\src\SonnetDB.Core\Documents\DocumentCollectionManager.cs:line 756
   at SonnetDB.Documents.DocumentCollectionManager.Create(DocumentCollectionSchema schema) in D:\source\SonnetDB\src\SonnetDB.Core\Documents\DocumentCollectionManager.cs:line 83
   at SonnetDB.SemanticContent.RagIngestionWriter.ExecuteAsync(RagIngestionWriterCheckpoint checkpoint, DatabaseGenerationQueryLease active, RagIngestionWriterCheckpoint previous, Func`3 embedAsync, CancellationToken token) in D:\source\SonnetDB\src\SonnetDB.Core\SemanticContent\RagIngestionWriter.cs:line 223
   at SonnetDB.SemanticContent.RagIngestionWriter.WriteAsync(RagIngestionSnapshot snapshot, Func`3 embedAsync, CancellationToken cancellationToken) in D:\source\SonnetDB\src\SonnetDB.Core\SemanticContent\RagIngestionWriter.cs:line 134
   at SonnetDB.Cli.RagCommandRunner.RunAsync(Options options) in D:\source\SonnetDB\src\SonnetDB.Cli\RagCommandRunner.cs:line 111
   at SonnetDB.Cli.RagCommandRunner.Run(IReadOnlyList`1 args) in D:\source\SonnetDB\src\SonnetDB.Cli\RagCommandRunner.cs:line 18
   at SonnetDB.Core.Tests.Cli.RagOnlineCommandTests.Run(Handler handler, RagCliBundle bundle, Boolean dryRun, Boolean resume, String timeout) in D:\source\SonnetDB\tests\SonnetDB.Core.Tests\Cli\RagOnlineCommandTests.cs:line 129
   at SonnetDB.Core.Tests.Cli.RagOnlineCommandTests.<>c__DisplayClass12_0.<Ingest_InvalidProtocol_DoesNotRetryOrPublish>b__1() in D:\source\SonnetDB\tests\SonnetDB.Core.Tests\Cli\RagOnlineCommandTests.cs:line 84
----- Inner Stack Trace #2 (System.IO.IOException) -----
   at System.IO.FileSystem.RemoveDirectoryRecursive(String fullPath, WIN32_FIND_DATA& findData, Boolean topLevel)
   at System.IO.Directory.Delete(String path, Boolean recursive)
   at SonnetDB.Core.Tests.Cli.RagOnlineCommandTests.Dispose() in D:\source\SonnetDB\tests\SonnetDB.Core.Tests\Cli\RagOnlineCommandTests.cs:line 156
  失败 SonnetDB.Core.Tests.Cli.RagOnlineCommandTests.Ingest_InvalidProtocol_DoesNotRetryOrPublish(payload: "{\"model\":\"other\",\"data\":[{\"index\":0,\"embe"···) [69 ms]
  错误消息:
   System.AggregateException : One or more errors occurred. (Assert.Throws() Failure: Exception type was not an exact match
Expected: typeof(System.InvalidOperationException)
Actual:   typeof(System.IO.IOException)) (The process cannot access the file 'keyspace.lock' because it is being used by another process.)
---- Assert.Throws() Failure: Exception type was not an exact match
Expected: typeof(System.InvalidOperationException)
Actual:   typeof(System.IO.IOException)
-------- System.IO.IOException : Failed to open directory 'C:\Users\mysti\AppData\Local\Temp\sonnetdb-parallel-third-4eff92966347481daaf27153e9fadd95\scratch\sndb-rag-online-94734acb9e4e4230b89bb95ad9e40cbc\database\documents\vector\7261675f3463643166383839373734303430646539356138353739646165306633373764\7261675f766563746f72\wal' for durable metadata publication: 系统找不到指定的路径。
---- System.IO.IOException : The process cannot access the file 'keyspace.lock' because it is being used by another process.
  堆栈跟踪:
  
----- Inner Stack Trace #1 (Xunit.Sdk.ThrowsException) -----
   at SonnetDB.Core.Tests.Cli.RagOnlineCommandTests.Ingest_InvalidProtocol_DoesNotRetryOrPublish(String payload) in D:\source\SonnetDB\tests\SonnetDB.Core.Tests\Cli\RagOnlineCommandTests.cs:line 84
   at InvokeStub_RagOnlineCommandTests.Ingest_InvalidProtocol_DoesNotRetryOrPublish(Object, Span`1)
   at System.Reflection.MethodBaseInvoker.InvokeWithOneArg(Object obj, BindingFlags invokeAttr, Binder binder, Object[] parameters, CultureInfo culture)
----- Inner Stack Trace -----
   at SonnetDB.Wal.DirectoryFsync.FlushWindowsRequired(String directory) in D:\source\SonnetDB\src\SonnetDB.Core\Wal\DirectoryFsync.cs:line 139
   at SonnetDB.Wal.DirectoryFsync.FlushRequired(String directory) in D:\source\SonnetDB\src\SonnetDB.Core\Wal\DirectoryFsync.cs:line 60
   at SonnetDB.Kv.KvKeyspace.OpenWithLifecycleLease(String name, String rootDirectory, KvOptions options, FileStream lifecycleLease, KvDiskReadBudget diskReadBudget, Boolean ownsDiskReadBudget) in D:\source\SonnetDB\src\SonnetDB.Core\Kv\KvKeyspace.cs:line 567
   at SonnetDB.Kv.KvKeyspace.Open(String name, String rootDirectory, KvOptions options, KvDiskReadBudget diskReadBudget) in D:\source\SonnetDB\src\SonnetDB.Core\Kv\KvKeyspace.cs:line 419
   at SonnetDB.Documents.Vector.DocumentVectorIndexStore.Open(String directory, DocumentVectorIndex definition, KvOptions kvOptions) in D:\source\SonnetDB\src\SonnetDB.Core\Documents\Vector\DocumentVectorIndexStore.cs:line 73
   at SonnetDB.Documents.DocumentCollectionManager.<>c__DisplayClass40_0.<OpenStoreLocked>b__1(DocumentVectorIndex index) in D:\source\SonnetDB\src\SonnetDB.Core\Documents\DocumentCollectionManager.cs:line 760
   at SonnetDB.Documents.DocumentCollectionStore.OpenVectorStoreLocked(DocumentVectorIndex index, Boolean rebuildIfMissing) in D:\source\SonnetDB\src\SonnetDB.Core\Documents\DocumentCollectionStore.cs:line 2461
   at SonnetDB.Documents.DocumentCollectionStore.ReconcileVectorStoresLocked(DocumentCollectionSchema previousSchema, Boolean rebuildAll) in D:\source\SonnetDB\src\SonnetDB.Core\Documents\DocumentCollectionStore.cs:line 2430
   at SonnetDB.Documents.DocumentCollectionStore..ctor(DocumentCollectionSchema schema, KvKeyspace keyspace, Func`2 fullTextIndexFactory, Func`2 vectorIndexFactory) in D:\source\SonnetDB\src\SonnetDB.Core\Documents\DocumentCollectionStore.cs:line 45
   at SonnetDB.Documents.DocumentCollectionManager.OpenStoreLocked(DocumentCollectionSchema schema) in D:\source\SonnetDB\src\SonnetDB.Core\Documents\DocumentCollectionManager.cs:line 756
   at SonnetDB.Documents.DocumentCollectionManager.Create(DocumentCollectionSchema schema) in D:\source\SonnetDB\src\SonnetDB.Core\Documents\DocumentCollectionManager.cs:line 83
   at SonnetDB.SemanticContent.RagIngestionWriter.ExecuteAsync(RagIngestionWriterCheckpoint checkpoint, DatabaseGenerationQueryLease active, RagIngestionWriterCheckpoint previous, Func`3 embedAsync, CancellationToken token) in D:\source\SonnetDB\src\SonnetDB.Core\SemanticContent\RagIngestionWriter.cs:line 223
   at SonnetDB.SemanticContent.RagIngestionWriter.WriteAsync(RagIngestionSnapshot snapshot, Func`3 embedAsync, CancellationToken cancellationToken) in D:\source\SonnetDB\src\SonnetDB.Core\SemanticContent\RagIngestionWriter.cs:line 134
   at SonnetDB.Cli.RagCommandRunner.RunAsync(Options options) in D:\source\SonnetDB\src\SonnetDB.Cli\RagCommandRunner.cs:line 111
   at SonnetDB.Cli.RagCommandRunner.Run(IReadOnlyList`1 args) in D:\source\SonnetDB\src\SonnetDB.Cli\RagCommandRunner.cs:line 18
   at SonnetDB.Core.Tests.Cli.RagOnlineCommandTests.Run(Handler handler, RagCliBundle bundle, Boolean dryRun, Boolean resume, String timeout) in D:\source\SonnetDB\tests\SonnetDB.Core.Tests\Cli\RagOnlineCommandTests.cs:line 129
   at SonnetDB.Core.Tests.Cli.RagOnlineCommandTests.<>c__DisplayClass12_0.<Ingest_InvalidProtocol_DoesNotRetryOrPublish>b__1() in D:\source\SonnetDB\tests\SonnetDB.Core.Tests\Cli\RagOnlineCommandTests.cs:line 84
----- Inner Stack Trace #2 (System.IO.IOException) -----
   at System.IO.FileSystem.RemoveDirectoryRecursive(String fullPath, WIN32_FIND_DATA& findData, Boolean topLevel)
   at System.IO.Directory.Delete(String path, Boolean recursive)
   at SonnetDB.Core.Tests.Cli.RagOnlineCommandTests.Dispose() in D:\source\SonnetDB\tests\SonnetDB.Core.Tests\Cli\RagOnlineCommandTests.cs:line 156
  失败 SonnetDB.Core.Tests.Cli.RagOnlineCommandTests.Ingest_InvalidProtocol_DoesNotRetryOrPublish(payload: "{\"data\":[null]}") [77 ms]
  错误消息:
   System.AggregateException : One or more errors occurred. (Assert.Throws() Failure: Exception type was not an exact match
Expected: typeof(System.InvalidOperationException)
Actual:   typeof(System.IO.IOException)) (The process cannot access the file 'keyspace.lock' because it is being used by another process.)
---- Assert.Throws() Failure: Exception type was not an exact match
Expected: typeof(System.InvalidOperationException)
Actual:   typeof(System.IO.IOException)
-------- System.IO.IOException : Failed to open directory 'C:\Users\mysti\AppData\Local\Temp\sonnetdb-parallel-third-4eff92966347481daaf27153e9fadd95\scratch\sndb-rag-online-e3ba9191777842dfa7828f03ea968d1d\database\documents\vector\7261675f3839633062346664333834373461363138316139386137396339353236396263\7261675f766563746f72\wal' for durable metadata publication: 系统找不到指定的路径。
---- System.IO.IOException : The process cannot access the file 'keyspace.lock' because it is being used by another process.
  堆栈跟踪:
  
----- Inner Stack Trace #1 (Xunit.Sdk.ThrowsException) -----
   at SonnetDB.Core.Tests.Cli.RagOnlineCommandTests.Ingest_InvalidProtocol_DoesNotRetryOrPublish(String payload) in D:\source\SonnetDB\tests\SonnetDB.Core.Tests\Cli\RagOnlineCommandTests.cs:line 84
   at InvokeStub_RagOnlineCommandTests.Ingest_InvalidProtocol_DoesNotRetryOrPublish(Object, Span`1)
   at System.Reflection.MethodBaseInvoker.InvokeWithOneArg(Object obj, BindingFlags invokeAttr, Binder binder, Object[] parameters, CultureInfo culture)
----- Inner Stack Trace -----
   at SonnetDB.Wal.DirectoryFsync.FlushWindowsRequired(String directory) in D:\source\SonnetDB\src\SonnetDB.Core\Wal\DirectoryFsync.cs:line 139
   at SonnetDB.Wal.DirectoryFsync.FlushRequired(String directory) in D:\source\SonnetDB\src\SonnetDB.Core\Wal\DirectoryFsync.cs:line 60
   at SonnetDB.Kv.KvKeyspace.OpenWithLifecycleLease(String name, String rootDirectory, KvOptions options, FileStream lifecycleLease, KvDiskReadBudget diskReadBudget, Boolean ownsDiskReadBudget) in D:\source\SonnetDB\src\SonnetDB.Core\Kv\KvKeyspace.cs:line 567
   at SonnetDB.Kv.KvKeyspace.Open(String name, String rootDirectory, KvOptions options, KvDiskReadBudget diskReadBudget) in D:\source\SonnetDB\src\SonnetDB.Core\Kv\KvKeyspace.cs:line 419
   at SonnetDB.Documents.Vector.DocumentVectorIndexStore.Open(String directory, DocumentVectorIndex definition, KvOptions kvOptions) in D:\source\SonnetDB\src\SonnetDB.Core\Documents\Vector\DocumentVectorIndexStore.cs:line 73
   at SonnetDB.Documents.DocumentCollectionManager.<>c__DisplayClass40_0.<OpenStoreLocked>b__1(DocumentVectorIndex index) in D:\source\SonnetDB\src\SonnetDB.Core\Documents\DocumentCollectionManager.cs:line 760
   at SonnetDB.Documents.DocumentCollectionStore.OpenVectorStoreLocked(DocumentVectorIndex index, Boolean rebuildIfMissing) in D:\source\SonnetDB\src\SonnetDB.Core\Documents\DocumentCollectionStore.cs:line 2461
   at SonnetDB.Documents.DocumentCollectionStore.ReconcileVectorStoresLocked(DocumentCollectionSchema previousSchema, Boolean rebuildAll) in D:\source\SonnetDB\src\SonnetDB.Core\Documents\DocumentCollectionStore.cs:line 2430
   at SonnetDB.Documents.DocumentCollectionStore..ctor(DocumentCollectionSchema schema, KvKeyspace keyspace, Func`2 fullTextIndexFactory, Func`2 vectorIndexFactory) in D:\source\SonnetDB\src\SonnetDB.Core\Documents\DocumentCollectionStore.cs:line 45
   at SonnetDB.Documents.DocumentCollectionManager.OpenStoreLocked(DocumentCollectionSchema schema) in D:\source\SonnetDB\src\SonnetDB.Core\Documents\DocumentCollectionManager.cs:line 756
   at SonnetDB.Documents.DocumentCollectionManager.Create(DocumentCollectionSchema schema) in D:\source\SonnetDB\src\SonnetDB.Core\Documents\DocumentCollectionManager.cs:line 83
   at SonnetDB.SemanticContent.RagIngestionWriter.ExecuteAsync(RagIngestionWriterCheckpoint checkpoint, DatabaseGenerationQueryLease active, RagIngestionWriterCheckpoint previous, Func`3 embedAsync, CancellationToken token) in D:\source\SonnetDB\src\SonnetDB.Core\SemanticContent\RagIngestionWriter.cs:line 223
   at SonnetDB.SemanticContent.RagIngestionWriter.WriteAsync(RagIngestionSnapshot snapshot, Func`3 embedAsync, CancellationToken cancellationToken) in D:\source\SonnetDB\src\SonnetDB.Core\SemanticContent\RagIngestionWriter.cs:line 134
   at SonnetDB.Cli.RagCommandRunner.RunAsync(Options options) in D:\source\SonnetDB\src\SonnetDB.Cli\RagCommandRunner.cs:line 111
   at SonnetDB.Cli.RagCommandRunner.Run(IReadOnlyList`1 args) in D:\source\SonnetDB\src\SonnetDB.Cli\RagCommandRunner.cs:line 18
   at SonnetDB.Core.Tests.Cli.RagOnlineCommandTests.Run(Handler handler, RagCliBundle bundle, Boolean dryRun, Boolean resume, String timeout) in D:\source\SonnetDB\tests\SonnetDB.Core.Tests\Cli\RagOnlineCommandTests.cs:line 129
   at SonnetDB.Core.Tests.Cli.RagOnlineCommandTests.<>c__DisplayClass12_0.<Ingest_InvalidProtocol_DoesNotRetryOrPublish>b__1() in D:\source\SonnetDB\tests\SonnetDB.Core.Tests\Cli\RagOnlineCommandTests.cs:line 84
----- Inner Stack Trace #2 (System.IO.IOException) -----
   at System.IO.FileSystem.RemoveDirectoryRecursive(String fullPath, WIN32_FIND_DATA& findData, Boolean topLevel)
   at System.IO.Directory.Delete(String path, Boolean recursive)
   at SonnetDB.Core.Tests.Cli.RagOnlineCommandTests.Dispose() in D:\source\SonnetDB\tests\SonnetDB.Core.Tests\Cli\RagOnlineCommandTests.cs:line 156
  失败 SonnetDB.Core.Tests.Cli.RagOnlineCommandTests.Ingest_OnlineProfile_PublishesAndAuditsWithoutSecrets [74 ms]
  错误消息:
   System.AggregateException : One or more errors occurred. (Failed to open directory 'C:\Users\mysti\AppData\Local\Temp\sonnetdb-parallel-third-4eff92966347481daaf27153e9fadd95\scratch\sndb-rag-online-e33ee1b0351b4080a488b146e52d8ace\database\documents\vector\7261675f3562633733363235333336663432376162343139333963323931323333343638\7261675f766563746f72\wal' for durable metadata publication: 系统找不到指定的路径。) (The process cannot access the file 'keyspace.lock' because it is being used by another process.)
---- System.IO.IOException : Failed to open directory 'C:\Users\mysti\AppData\Local\Temp\sonnetdb-parallel-third-4eff92966347481daaf27153e9fadd95\scratch\sndb-rag-online-e33ee1b0351b4080a488b146e52d8ace\database\documents\vector\7261675f3562633733363235333336663432376162343139333963323931323333343638\7261675f766563746f72\wal' for durable metadata publication: 系统找不到指定的路径。
---- System.IO.IOException : The process cannot access the file 'keyspace.lock' because it is being used by another process.
  堆栈跟踪:
  
----- Inner Stack Trace #1 (System.IO.IOException) -----
   at SonnetDB.Wal.DirectoryFsync.FlushWindowsRequired(String directory) in D:\source\SonnetDB\src\SonnetDB.Core\Wal\DirectoryFsync.cs:line 139
   at SonnetDB.Wal.DirectoryFsync.FlushRequired(String directory) in D:\source\SonnetDB\src\SonnetDB.Core\Wal\DirectoryFsync.cs:line 60
   at SonnetDB.Kv.KvKeyspace.OpenWithLifecycleLease(String name, String rootDirectory, KvOptions options, FileStream lifecycleLease, KvDiskReadBudget diskReadBudget, Boolean ownsDiskReadBudget) in D:\source\SonnetDB\src\SonnetDB.Core\Kv\KvKeyspace.cs:line 567
   at SonnetDB.Kv.KvKeyspace.Open(String name, String rootDirectory, KvOptions options, KvDiskReadBudget diskReadBudget) in D:\source\SonnetDB\src\SonnetDB.Core\Kv\KvKeyspace.cs:line 419
   at SonnetDB.Documents.Vector.DocumentVectorIndexStore.Open(String directory, DocumentVectorIndex definition, KvOptions kvOptions) in D:\source\SonnetDB\src\SonnetDB.Core\Documents\Vector\DocumentVectorIndexStore.cs:line 73
   at SonnetDB.Documents.DocumentCollectionManager.<>c__DisplayClass40_0.<OpenStoreLocked>b__1(DocumentVectorIndex index) in D:\source\SonnetDB\src\SonnetDB.Core\Documents\DocumentCollectionManager.cs:line 760
   at SonnetDB.Documents.DocumentCollectionStore.OpenVectorStoreLocked(DocumentVectorIndex index, Boolean rebuildIfMissing) in D:\source\SonnetDB\src\SonnetDB.Core\Documents\DocumentCollectionStore.cs:line 2461
   at SonnetDB.Documents.DocumentCollectionStore.ReconcileVectorStoresLocked(DocumentCollectionSchema previousSchema, Boolean rebuildAll) in D:\source\SonnetDB\src\SonnetDB.Core\Documents\DocumentCollectionStore.cs:line 2430
   at SonnetDB.Documents.DocumentCollectionStore..ctor(DocumentCollectionSchema schema, KvKeyspace keyspace, Func`2 fullTextIndexFactory, Func`2 vectorIndexFactory) in D:\source\SonnetDB\src\SonnetDB.Core\Documents\DocumentCollectionStore.cs:line 45
   at SonnetDB.Documents.DocumentCollectionManager.OpenStoreLocked(DocumentCollectionSchema schema) in D:\source\SonnetDB\src\SonnetDB.Core\Documents\DocumentCollectionManager.cs:line 756
   at SonnetDB.Documents.DocumentCollectionManager.Create(DocumentCollectionSchema schema) in D:\source\SonnetDB\src\SonnetDB.Core\Documents\DocumentCollectionManager.cs:line 83
   at SonnetDB.SemanticContent.RagIngestionWriter.ExecuteAsync(RagIngestionWriterCheckpoint checkpoint, DatabaseGenerationQueryLease active, RagIngestionWriterCheckpoint previous, Func`3 embedAsync, CancellationToken token) in D:\source\SonnetDB\src\SonnetDB.Core\SemanticContent\RagIngestionWriter.cs:line 223
   at SonnetDB.SemanticContent.RagIngestionWriter.WriteAsync(RagIngestionSnapshot snapshot, Func`3 embedAsync, CancellationToken cancellationToken) in D:\source\SonnetDB\src\SonnetDB.Core\SemanticContent\RagIngestionWriter.cs:line 134
   at SonnetDB.Cli.RagCommandRunner.RunAsync(Options options) in D:\source\SonnetDB\src\SonnetDB.Cli\RagCommandRunner.cs:line 111
   at SonnetDB.Cli.RagCommandRunner.Run(IReadOnlyList`1 args) in D:\source\SonnetDB\src\SonnetDB.Cli\RagCommandRunner.cs:line 18
   at SonnetDB.Core.Tests.Cli.RagOnlineCommandTests.Run(Handler handler, RagCliBundle bundle, Boolean dryRun, Boolean resume, String timeout) in D:\source\SonnetDB\tests\SonnetDB.Core.Tests\Cli\RagOnlineCommandTests.cs:line 129
   at SonnetDB.Core.Tests.Cli.RagOnlineCommandTests.Ingest_OnlineProfile_PublishesAndAuditsWithoutSecrets() in D:\source\SonnetDB\tests\SonnetDB.Core.Tests\Cli\RagOnlineCommandTests.cs:line 42
   at System.RuntimeMethodHandle.InvokeMethod(ObjectHandleOnStack target, Void** arguments, ObjectHandleOnStack sig, BOOL isConstructor, ObjectHandleOnStack result)
   at System.Reflection.MethodBaseInvoker.InvokeWithNoArgs(Object obj, BindingFlags invokeAttr)
----- Inner Stack Trace #2 (System.IO.IOException) -----
   at System.IO.FileSystem.RemoveDirectoryRecursive(String fullPath, WIN32_FIND_DATA& findData, Boolean topLevel)
   at System.IO.Directory.Delete(String path, Boolean recursive)
   at SonnetDB.Core.Tests.Cli.RagOnlineCommandTests.Dispose() in D:\source\SonnetDB\tests\SonnetDB.Core.Tests\Cli\RagOnlineCommandTests.cs:line 156
  失败 SonnetDB.Core.Tests.Cli.RagOnlineCommandTests.Ingest_ProviderFailure_PreservesOldGenerationAndResumesFrozenTask [72 ms]
  错误消息:
   System.AggregateException : One or more errors occurred. (Failed to open directory 'C:\Users\mysti\AppData\Local\Temp\sonnetdb-parallel-third-4eff92966347481daaf27153e9fadd95\scratch\sndb-rag-online-547af033399a4479918676c40f77d21c\database\documents\vector\7261675f3935386565663737353866663463303739326532376235643238633935393634\7261675f766563746f72\wal' for durable metadata publication: 系统找不到指定的路径。) (The process cannot access the file 'keyspace.lock' because it is being used by another process.)
---- System.IO.IOException : Failed to open directory 'C:\Users\mysti\AppData\Local\Temp\sonnetdb-parallel-third-4eff92966347481daaf27153e9fadd95\scratch\sndb-rag-online-547af033399a4479918676c40f77d21c\database\documents\vector\7261675f3935386565663737353866663463303739326532376235643238633935393634\7261675f766563746f72\wal' for durable metadata publication: 系统找不到指定的路径。
---- System.IO.IOException : The process cannot access the file 'keyspace.lock' because it is being used by another process.
  堆栈跟踪:
  
----- Inner Stack Trace #1 (System.IO.IOException) -----
   at SonnetDB.Wal.DirectoryFsync.FlushWindowsRequired(String directory) in D:\source\SonnetDB\src\SonnetDB.Core\Wal\DirectoryFsync.cs:line 139
   at SonnetDB.Wal.DirectoryFsync.FlushRequired(String directory) in D:\source\SonnetDB\src\SonnetDB.Core\Wal\DirectoryFsync.cs:line 60
   at SonnetDB.Kv.KvKeyspace.OpenWithLifecycleLease(String name, String rootDirectory, KvOptions options, FileStream lifecycleLease, KvDiskReadBudget diskReadBudget, Boolean ownsDiskReadBudget) in D:\source\SonnetDB\src\SonnetDB.Core\Kv\KvKeyspace.cs:line 567
   at SonnetDB.Kv.KvKeyspace.Open(String name, String rootDirectory, KvOptions options, KvDiskReadBudget diskReadBudget) in D:\source\SonnetDB\src\SonnetDB.Core\Kv\KvKeyspace.cs:line 419
   at SonnetDB.Documents.Vector.DocumentVectorIndexStore.Open(String directory, DocumentVectorIndex definition, KvOptions kvOptions) in D:\source\SonnetDB\src\SonnetDB.Core\Documents\Vector\DocumentVectorIndexStore.cs:line 73
   at SonnetDB.Documents.DocumentCollectionManager.<>c__DisplayClass40_0.<OpenStoreLocked>b__1(DocumentVectorIndex index) in D:\source\SonnetDB\src\SonnetDB.Core\Documents\DocumentCollectionManager.cs:line 760
   at SonnetDB.Documents.DocumentCollectionStore.OpenVectorStoreLocked(DocumentVectorIndex index, Boolean rebuildIfMissing) in D:\source\SonnetDB\src\SonnetDB.Core\Documents\DocumentCollectionStore.cs:line 2461
   at SonnetDB.Documents.DocumentCollectionStore.ReconcileVectorStoresLocked(DocumentCollectionSchema previousSchema, Boolean rebuildAll) in D:\source\SonnetDB\src\SonnetDB.Core\Documents\DocumentCollectionStore.cs:line 2430
   at SonnetDB.Documents.DocumentCollectionStore..ctor(DocumentCollectionSchema schema, KvKeyspace keyspace, Func`2 fullTextIndexFactory, Func`2 vectorIndexFactory) in D:\source\SonnetDB\src\SonnetDB.Core\Documents\DocumentCollectionStore.cs:line 45
   at SonnetDB.Documents.DocumentCollectionManager.OpenStoreLocked(DocumentCollectionSchema schema) in D:\source\SonnetDB\src\SonnetDB.Core\Documents\DocumentCollectionManager.cs:line 756
   at SonnetDB.Documents.DocumentCollectionManager.Create(DocumentCollectionSchema schema) in D:\source\SonnetDB\src\SonnetDB.Core\Documents\DocumentCollectionManager.cs:line 83
   at SonnetDB.SemanticContent.RagIngestionWriter.ExecuteAsync(RagIngestionWriterCheckpoint checkpoint, DatabaseGenerationQueryLease active, RagIngestionWriterCheckpoint previous, Func`3 embedAsync, CancellationToken token) in D:\source\SonnetDB\src\SonnetDB.Core\SemanticContent\RagIngestionWriter.cs:line 223
   at SonnetDB.SemanticContent.RagIngestionWriter.WriteAsync(RagIngestionSnapshot snapshot, Func`3 embedAsync, CancellationToken cancellationToken) in D:\source\SonnetDB\src\SonnetDB.Core\SemanticContent\RagIngestionWriter.cs:line 134
   at SonnetDB.Cli.RagCommandRunner.RunAsync(Options options) in D:\source\SonnetDB\src\SonnetDB.Cli\RagCommandRunner.cs:line 111
   at SonnetDB.Cli.RagCommandRunner.Run(IReadOnlyList`1 args) in D:\source\SonnetDB\src\SonnetDB.Cli\RagCommandRunner.cs:line 18
   at SonnetDB.Core.Tests.Cli.RagOnlineCommandTests.Run(Handler handler, RagCliBundle bundle, Boolean dryRun, Boolean resume, String timeout) in D:\source\SonnetDB\tests\SonnetDB.Core.Tests\Cli\RagOnlineCommandTests.cs:line 129
   at SonnetDB.Core.Tests.Cli.RagOnlineCommandTests.Ingest_ProviderFailure_PreservesOldGenerationAndResumesFrozenTask() in D:\source\SonnetDB\tests\SonnetDB.Core.Tests\Cli\RagOnlineCommandTests.cs:line 94
   at System.RuntimeMethodHandle.InvokeMethod(ObjectHandleOnStack target, Void** arguments, ObjectHandleOnStack sig, BOOL isConstructor, ObjectHandleOnStack result)
   at System.Reflection.MethodBaseInvoker.InvokeWithNoArgs(Object obj, BindingFlags invokeAttr)
----- Inner Stack Trace #2 (System.IO.IOException) -----
   at System.IO.FileSystem.RemoveDirectoryRecursive(String fullPath, WIN32_FIND_DATA& findData, Boolean topLevel)
   at System.IO.Directory.Delete(String path, Boolean recursive)
   at SonnetDB.Core.Tests.Cli.RagOnlineCommandTests.Dispose() in D:\source\SonnetDB\tests\SonnetDB.Core.Tests\Cli\RagOnlineCommandTests.cs:line 156
  失败 SonnetDB.Core.Tests.SemanticContent.RagIngestionManagementTests.RebuildAsync_UnchangedSnapshot_ReembedsAndKeepsLeasedOldGeneration [81 ms]
  错误消息:
   System.AggregateException : One or more errors occurred. (Failed to open directory 'C:\Users\mysti\AppData\Local\Temp\sonnetdb-parallel-third-4eff92966347481daaf27153e9fadd95\scratch\sndb-rag-management-22e5d824d33c4bdfa03cd828fec27e2c\documents\vector\7261675f6335363035663364666361633437326639643330343237613536633361353531\7261675f766563746f72\wal' for durable metadata publication: 系统找不到指定的路径。) (The process cannot access the file 'keyspace.lock' because it is being used by another process.)
---- System.IO.IOException : Failed to open directory 'C:\Users\mysti\AppData\Local\Temp\sonnetdb-parallel-third-4eff92966347481daaf27153e9fadd95\scratch\sndb-rag-management-22e5d824d33c4bdfa03cd828fec27e2c\documents\vector\7261675f6335363035663364666361633437326639643330343237613536633361353531\7261675f766563746f72\wal' for durable metadata publication: 系统找不到指定的路径。
---- System.IO.IOException : The process cannot access the file 'keyspace.lock' because it is being used by another process.
  堆栈跟踪:
  
----- Inner Stack Trace #1 (System.IO.IOException) -----
   at SonnetDB.Wal.DirectoryFsync.FlushWindowsRequired(String directory) in D:\source\SonnetDB\src\SonnetDB.Core\Wal\DirectoryFsync.cs:line 139
   at SonnetDB.Wal.DirectoryFsync.FlushRequired(String directory) in D:\source\SonnetDB\src\SonnetDB.Core\Wal\DirectoryFsync.cs:line 60
   at SonnetDB.Kv.KvKeyspace.OpenWithLifecycleLease(String name, String rootDirectory, KvOptions options, FileStream lifecycleLease, KvDiskReadBudget diskReadBudget, Boolean ownsDiskReadBudget) in D:\source\SonnetDB\src\SonnetDB.Core\Kv\KvKeyspace.cs:line 567
   at SonnetDB.Kv.KvKeyspace.Open(String name, String rootDirectory, KvOptions options, KvDiskReadBudget diskReadBudget) in D:\source\SonnetDB\src\SonnetDB.Core\Kv\KvKeyspace.cs:line 419
   at SonnetDB.Documents.Vector.DocumentVectorIndexStore.Open(String directory, DocumentVectorIndex definition, KvOptions kvOptions) in D:\source\SonnetDB\src\SonnetDB.Core\Documents\Vector\DocumentVectorIndexStore.cs:line 73
   at SonnetDB.Documents.DocumentCollectionManager.<>c__DisplayClass40_0.<OpenStoreLocked>b__1(DocumentVectorIndex index) in D:\source\SonnetDB\src\SonnetDB.Core\Documents\DocumentCollectionManager.cs:line 760
   at SonnetDB.Documents.DocumentCollectionStore.OpenVectorStoreLocked(DocumentVectorIndex index, Boolean rebuildIfMissing) in D:\source\SonnetDB\src\SonnetDB.Core\Documents\DocumentCollectionStore.cs:line 2461
   at SonnetDB.Documents.DocumentCollectionStore.ReconcileVectorStoresLocked(DocumentCollectionSchema previousSchema, Boolean rebuildAll) in D:\source\SonnetDB\src\SonnetDB.Core\Documents\DocumentCollectionStore.cs:line 2430
   at SonnetDB.Documents.DocumentCollectionStore..ctor(DocumentCollectionSchema schema, KvKeyspace keyspace, Func`2 fullTextIndexFactory, Func`2 vectorIndexFactory) in D:\source\SonnetDB\src\SonnetDB.Core\Documents\DocumentCollectionStore.cs:line 45
   at SonnetDB.Documents.DocumentCollectionManager.OpenStoreLocked(DocumentCollectionSchema schema) in D:\source\SonnetDB\src\SonnetDB.Core\Documents\DocumentCollectionManager.cs:line 756
   at SonnetDB.Documents.DocumentCollectionManager.Create(DocumentCollectionSchema schema) in D:\source\SonnetDB\src\SonnetDB.Core\Documents\DocumentCollectionManager.cs:line 83
   at SonnetDB.SemanticContent.RagIngestionWriter.ExecuteAsync(RagIngestionWriterCheckpoint checkpoint, DatabaseGenerationQueryLease active, RagIngestionWriterCheckpoint previous, Func`3 embedAsync, CancellationToken token) in D:\source\SonnetDB\src\SonnetDB.Core\SemanticContent\RagIngestionWriter.cs:line 223
   at SonnetDB.SemanticContent.RagIngestionWriter.WriteAsync(RagIngestionSnapshot snapshot, Func`3 embedAsync, CancellationToken cancellationToken) in D:\source\SonnetDB\src\SonnetDB.Core\SemanticContent\RagIngestionWriter.cs:line 134
   at SonnetDB.Core.Tests.SemanticContent.RagIngestionManagementTests.RebuildAsync_UnchangedSnapshot_ReembedsAndKeepsLeasedOldGeneration() in D:\source\SonnetDB\tests\SonnetDB.Core.Tests\SemanticContent\RagIngestionManagementTests.cs:line 46
--- End of stack trace from previous location ---
----- Inner Stack Trace #2 (System.IO.IOException) -----
   at System.IO.FileSystem.RemoveDirectoryRecursive(String fullPath, WIN32_FIND_DATA& findData, Boolean topLevel)
   at System.IO.Directory.Delete(String path, Boolean recursive)
   at SonnetDB.Core.Tests.SemanticContent.RagIngestionManagementTests.Dispose() in D:\source\SonnetDB\tests\SonnetDB.Core.Tests\SemanticContent\RagIngestionManagementTests.cs:line 272
  失败 SonnetDB.Core.Tests.SemanticContent.RagIngestionManagementTests.DiscardPendingAsync_PublishedLeftoverOrDamagedPublishedResource_NeverDropsPublishedData [76 ms]
  错误消息:
   System.AggregateException : One or more errors occurred. (Failed to open directory 'C:\Users\mysti\AppData\Local\Temp\sonnetdb-parallel-third-4eff92966347481daaf27153e9fadd95\scratch\sndb-rag-management-20ea456cfc31409c822c76d16bedefdd\documents\vector\7261675f3433616631376264363363363434306162323937336566333731636666383938\7261675f766563746f72\wal' for durable metadata publication: 系统找不到指定的路径。) (The process cannot access the file 'keyspace.lock' because it is being used by another process.)
---- System.IO.IOException : Failed to open directory 'C:\Users\mysti\AppData\Local\Temp\sonnetdb-parallel-third-4eff92966347481daaf27153e9fadd95\scratch\sndb-rag-management-20ea456cfc31409c822c76d16bedefdd\documents\vector\7261675f3433616631376264363363363434306162323937336566333731636666383938\7261675f766563746f72\wal' for durable metadata publication: 系统找不到指定的路径。
---- System.IO.IOException : The process cannot access the file 'keyspace.lock' because it is being used by another process.
  堆栈跟踪:
  
----- Inner Stack Trace #1 (System.IO.IOException) -----
   at SonnetDB.Wal.DirectoryFsync.FlushWindowsRequired(String directory) in D:\source\SonnetDB\src\SonnetDB.Core\Wal\DirectoryFsync.cs:line 139
   at SonnetDB.Wal.DirectoryFsync.FlushRequired(String directory) in D:\source\SonnetDB\src\SonnetDB.Core\Wal\DirectoryFsync.cs:line 60
   at SonnetDB.Kv.KvKeyspace.OpenWithLifecycleLease(String name, String rootDirectory, KvOptions options, FileStream lifecycleLease, KvDiskReadBudget diskReadBudget, Boolean ownsDiskReadBudget) in D:\source\SonnetDB\src\SonnetDB.Core\Kv\KvKeyspace.cs:line 567
   at SonnetDB.Kv.KvKeyspace.Open(String name, String rootDirectory, KvOptions options, KvDiskReadBudget diskReadBudget) in D:\source\SonnetDB\src\SonnetDB.Core\Kv\KvKeyspace.cs:line 419
   at SonnetDB.Documents.Vector.DocumentVectorIndexStore.Open(String directory, DocumentVectorIndex definition, KvOptions kvOptions) in D:\source\SonnetDB\src\SonnetDB.Core\Documents\Vector\DocumentVectorIndexStore.cs:line 73
   at SonnetDB.Documents.DocumentCollectionManager.<>c__DisplayClass40_0.<OpenStoreLocked>b__1(DocumentVectorIndex index) in D:\source\SonnetDB\src\SonnetDB.Core\Documents\DocumentCollectionManager.cs:line 760
   at SonnetDB.Documents.DocumentCollectionStore.OpenVectorStoreLocked(DocumentVectorIndex index, Boolean rebuildIfMissing) in D:\source\SonnetDB\src\SonnetDB.Core\Documents\DocumentCollectionStore.cs:line 2461
   at SonnetDB.Documents.DocumentCollectionStore.ReconcileVectorStoresLocked(DocumentCollectionSchema previousSchema, Boolean rebuildAll) in D:\source\SonnetDB\src\SonnetDB.Core\Documents\DocumentCollectionStore.cs:line 2430
   at SonnetDB.Documents.DocumentCollectionStore..ctor(DocumentCollectionSchema schema, KvKeyspace keyspace, Func`2 fullTextIndexFactory, Func`2 vectorIndexFactory) in D:\source\SonnetDB\src\SonnetDB.Core\Documents\DocumentCollectionStore.cs:line 45
   at SonnetDB.Documents.DocumentCollectionManager.OpenStoreLocked(DocumentCollectionSchema schema) in D:\source\SonnetDB\src\SonnetDB.Core\Documents\DocumentCollectionManager.cs:line 756
   at SonnetDB.Documents.DocumentCollectionManager.Create(DocumentCollectionSchema schema) in D:\source\SonnetDB\src\SonnetDB.Core\Documents\DocumentCollectionManager.cs:line 83
   at SonnetDB.SemanticContent.RagIngestionWriter.ExecuteAsync(RagIngestionWriterCheckpoint checkpoint, DatabaseGenerationQueryLease active, RagIngestionWriterCheckpoint previous, Func`3 embedAsync, CancellationToken token) in D:\source\SonnetDB\src\SonnetDB.Core\SemanticContent\RagIngestionWriter.cs:line 223
   at SonnetDB.SemanticContent.RagIngestionWriter.WriteAsync(RagIngestionSnapshot snapshot, Func`3 embedAsync, CancellationToken cancellationToken) in D:\source\SonnetDB\src\SonnetDB.Core\SemanticContent\RagIngestionWriter.cs:line 134
   at SonnetDB.Core.Tests.SemanticContent.RagIngestionManagementTests.DiscardPendingAsync_PublishedLeftoverOrDamagedPublishedResource_NeverDropsPublishedData() in D:\source\SonnetDB\tests\SonnetDB.Core.Tests\SemanticContent\RagIngestionManagementTests.cs:line 210
--- End of stack trace from previous location ---
----- Inner Stack Trace #2 (System.IO.IOException) -----
   at System.IO.FileSystem.RemoveDirectoryRecursive(String fullPath, WIN32_FIND_DATA& findData, Boolean topLevel)
   at System.IO.Directory.Delete(String path, Boolean recursive)
   at SonnetDB.Core.Tests.SemanticContent.RagIngestionManagementTests.Dispose() in D:\source\SonnetDB\tests\SonnetDB.Core.Tests\SemanticContent\RagIngestionManagementTests.cs:line 272
  失败 SonnetDB.Core.Tests.SemanticContent.RagIngestionManagementTests.GetStatusAsync_OverBudgetCheckpoint_FailsWithoutReturningPartialMetadata [77 ms]
  错误消息:
   System.AggregateException : One or more errors occurred. (Failed to open directory 'C:\Users\mysti\AppData\Local\Temp\sonnetdb-parallel-third-4eff92966347481daaf27153e9fadd95\scratch\sndb-rag-management-7a94cb951ab345abb7050bf2e80c5a00\documents\vector\7261675f6163373239346633626333313466393239653531666363666665623834333062\7261675f766563746f72\wal' for durable metadata publication: 系统找不到指定的路径。) (The process cannot access the file 'keyspace.lock' because it is being used by another process.)
---- System.IO.IOException : Failed to open directory 'C:\Users\mysti\AppData\Local\Temp\sonnetdb-parallel-third-4eff92966347481daaf27153e9fadd95\scratch\sndb-rag-management-7a94cb951ab345abb7050bf2e80c5a00\documents\vector\7261675f6163373239346633626333313466393239653531666363666665623834333062\7261675f766563746f72\wal' for durable metadata publication: 系统找不到指定的路径。
---- System.IO.IOException : The process cannot access the file 'keyspace.lock' because it is being used by another process.
  堆栈跟踪:
  
----- Inner Stack Trace #1 (System.IO.IOException) -----
   at SonnetDB.Wal.DirectoryFsync.FlushWindowsRequired(String directory) in D:\source\SonnetDB\src\SonnetDB.Core\Wal\DirectoryFsync.cs:line 139
   at SonnetDB.Wal.DirectoryFsync.FlushRequired(String directory) in D:\source\SonnetDB\src\SonnetDB.Core\Wal\DirectoryFsync.cs:line 60
   at SonnetDB.Kv.KvKeyspace.OpenWithLifecycleLease(String name, String rootDirectory, KvOptions options, FileStream lifecycleLease, KvDiskReadBudget diskReadBudget, Boolean ownsDiskReadBudget) in D:\source\SonnetDB\src\SonnetDB.Core\Kv\KvKeyspace.cs:line 567
   at SonnetDB.Kv.KvKeyspace.Open(String name, String rootDirectory, KvOptions options, KvDiskReadBudget diskReadBudget) in D:\source\SonnetDB\src\SonnetDB.Core\Kv\KvKeyspace.cs:line 419
   at SonnetDB.Documents.Vector.DocumentVectorIndexStore.Open(String directory, DocumentVectorIndex definition, KvOptions kvOptions) in D:\source\SonnetDB\src\SonnetDB.Core\Documents\Vector\DocumentVectorIndexStore.cs:line 73
   at SonnetDB.Documents.DocumentCollectionManager.<>c__DisplayClass40_0.<OpenStoreLocked>b__1(DocumentVectorIndex index) in D:\source\SonnetDB\src\SonnetDB.Core\Documents\DocumentCollectionManager.cs:line 760
   at SonnetDB.Documents.DocumentCollectionStore.OpenVectorStoreLocked(DocumentVectorIndex index, Boolean rebuildIfMissing) in D:\source\SonnetDB\src\SonnetDB.Core\Documents\DocumentCollectionStore.cs:line 2461
   at SonnetDB.Documents.DocumentCollectionStore.ReconcileVectorStoresLocked(DocumentCollectionSchema previousSchema, Boolean rebuildAll) in D:\source\SonnetDB\src\SonnetDB.Core\Documents\DocumentCollectionStore.cs:line 2430
   at SonnetDB.Documents.DocumentCollectionStore..ctor(DocumentCollectionSchema schema, KvKeyspace keyspace, Func`2 fullTextIndexFactory, Func`2 vectorIndexFactory) in D:\source\SonnetDB\src\SonnetDB.Core\Documents\DocumentCollectionStore.cs:line 45
   at SonnetDB.Documents.DocumentCollectionManager.OpenStoreLocked(DocumentCollectionSchema schema) in D:\source\SonnetDB\src\SonnetDB.Core\Documents\DocumentCollectionManager.cs:line 756
   at SonnetDB.Documents.DocumentCollectionManager.Create(DocumentCollectionSchema schema) in D:\source\SonnetDB\src\SonnetDB.Core\Documents\DocumentCollectionManager.cs:line 83
   at SonnetDB.SemanticContent.RagIngestionWriter.ExecuteAsync(RagIngestionWriterCheckpoint checkpoint, DatabaseGenerationQueryLease active, RagIngestionWriterCheckpoint previous, Func`3 embedAsync, CancellationToken token) in D:\source\SonnetDB\src\SonnetDB.Core\SemanticContent\RagIngestionWriter.cs:line 223
   at SonnetDB.SemanticContent.RagIngestionWriter.WriteAsync(RagIngestionSnapshot snapshot, Func`3 embedAsync, CancellationToken cancellationToken) in D:\source\SonnetDB\src\SonnetDB.Core\SemanticContent\RagIngestionWriter.cs:line 134
   at SonnetDB.Core.Tests.SemanticContent.RagIngestionManagementTests.GetStatusAsync_OverBudgetCheckpoint_FailsWithoutReturningPartialMetadata() in D:\source\SonnetDB\tests\SonnetDB.Core.Tests\SemanticContent\RagIngestionManagementTests.cs:line 243
--- End of stack trace from previous location ---
----- Inner Stack Trace #2 (System.IO.IOException) -----
   at System.IO.FileSystem.RemoveDirectoryRecursive(String fullPath, WIN32_FIND_DATA& findData, Boolean topLevel)
   at System.IO.Directory.Delete(String path, Boolean recursive)
   at SonnetDB.Core.Tests.SemanticContent.RagIngestionManagementTests.Dispose() in D:\source\SonnetDB\tests\SonnetDB.Core.Tests\SemanticContent\RagIngestionManagementTests.cs:line 272
  失败 SonnetDB.Core.Tests.SemanticContent.RagIngestionManagementTests.RebuildAsync_StaleRevisionOrChangedSameProfile_RejectsBeforeProvider [64 ms]
  错误消息:
   System.AggregateException : One or more errors occurred. (Failed to open directory 'C:\Users\mysti\AppData\Local\Temp\sonnetdb-parallel-third-4eff92966347481daaf27153e9fadd95\scratch\sndb-rag-management-e40dbf87849b40aaa1f90c43a6fcf3a1\documents\vector\7261675f3035323833393437303231623434356538346462343738303930623432303732\7261675f766563746f72\wal' for durable metadata publication: 系统找不到指定的路径。) (The process cannot access the file 'keyspace.lock' because it is being used by another process.)
---- System.IO.IOException : Failed to open directory 'C:\Users\mysti\AppData\Local\Temp\sonnetdb-parallel-third-4eff92966347481daaf27153e9fadd95\scratch\sndb-rag-management-e40dbf87849b40aaa1f90c43a6fcf3a1\documents\vector\7261675f3035323833393437303231623434356538346462343738303930623432303732\7261675f766563746f72\wal' for durable metadata publication: 系统找不到指定的路径。
---- System.IO.IOException : The process cannot access the file 'keyspace.lock' because it is being used by another process.
  堆栈跟踪:
  
----- Inner Stack Trace #1 (System.IO.IOException) -----
   at SonnetDB.Wal.DirectoryFsync.FlushWindowsRequired(String directory) in D:\source\SonnetDB\src\SonnetDB.Core\Wal\DirectoryFsync.cs:line 139
   at SonnetDB.Wal.DirectoryFsync.FlushRequired(String directory) in D:\source\SonnetDB\src\SonnetDB.Core\Wal\DirectoryFsync.cs:line 60
   at SonnetDB.Kv.KvKeyspace.OpenWithLifecycleLease(String name, String rootDirectory, KvOptions options, FileStream lifecycleLease, KvDiskReadBudget diskReadBudget, Boolean ownsDiskReadBudget) in D:\source\SonnetDB\src\SonnetDB.Core\Kv\KvKeyspace.cs:line 567
   at SonnetDB.Kv.KvKeyspace.Open(String name, String rootDirectory, KvOptions options, KvDiskReadBudget diskReadBudget) in D:\source\SonnetDB\src\SonnetDB.Core\Kv\KvKeyspace.cs:line 419
   at SonnetDB.Documents.Vector.DocumentVectorIndexStore.Open(String directory, DocumentVectorIndex definition, KvOptions kvOptions) in D:\source\SonnetDB\src\SonnetDB.Core\Documents\Vector\DocumentVectorIndexStore.cs:line 73
   at SonnetDB.Documents.DocumentCollectionManager.<>c__DisplayClass40_0.<OpenStoreLocked>b__1(DocumentVectorIndex index) in D:\source\SonnetDB\src\SonnetDB.Core\Documents\DocumentCollectionManager.cs:line 760
   at SonnetDB.Documents.DocumentCollectionStore.OpenVectorStoreLocked(DocumentVectorIndex index, Boolean rebuildIfMissing) in D:\source\SonnetDB\src\SonnetDB.Core\Documents\DocumentCollectionStore.cs:line 2461
   at SonnetDB.Documents.DocumentCollectionStore.ReconcileVectorStoresLocked(DocumentCollectionSchema previousSchema, Boolean rebuildAll) in D:\source\SonnetDB\src\SonnetDB.Core\Documents\DocumentCollectionStore.cs:line 2430
   at SonnetDB.Documents.DocumentCollectionStore..ctor(DocumentCollectionSchema schema, KvKeyspace keyspace, Func`2 fullTextIndexFactory, Func`2 vectorIndexFactory) in D:\source\SonnetDB\src\SonnetDB.Core\Documents\DocumentCollectionStore.cs:line 45
   at SonnetDB.Documents.DocumentCollectionManager.OpenStoreLocked(DocumentCollectionSchema schema) in D:\source\SonnetDB\src\SonnetDB.Core\Documents\DocumentCollectionManager.cs:line 756
   at SonnetDB.Documents.DocumentCollectionManager.Create(DocumentCollectionSchema schema) in D:\source\SonnetDB\src\SonnetDB.Core\Documents\DocumentCollectionManager.cs:line 83
   at SonnetDB.SemanticContent.RagIngestionWriter.ExecuteAsync(RagIngestionWriterCheckpoint checkpoint, DatabaseGenerationQueryLease active, RagIngestionWriterCheckpoint previous, Func`3 embedAsync, CancellationToken token) in D:\source\SonnetDB\src\SonnetDB.Core\SemanticContent\RagIngestionWriter.cs:line 223
   at SonnetDB.SemanticContent.RagIngestionWriter.WriteAsync(RagIngestionSnapshot snapshot, Func`3 embedAsync, CancellationToken cancellationToken) in D:\source\SonnetDB\src\SonnetDB.Core\SemanticContent\RagIngestionWriter.cs:line 134
   at SonnetDB.Core.Tests.SemanticContent.RagIngestionManagementTests.RebuildAsync_StaleRevisionOrChangedSameProfile_RejectsBeforeProvider() in D:\source\SonnetDB\tests\SonnetDB.Core.Tests\SemanticContent\RagIngestionManagementTests.cs:line 96
--- End of stack trace from previous location ---
----- Inner Stack Trace #2 (System.IO.IOException) -----
   at System.IO.FileSystem.RemoveDirectoryRecursive(String fullPath, WIN32_FIND_DATA& findData, Boolean topLevel)
   at System.IO.Directory.Delete(String path, Boolean recursive)
   at SonnetDB.Core.Tests.SemanticContent.RagIngestionManagementTests.Dispose() in D:\source\SonnetDB\tests\SonnetDB.Core.Tests\SemanticContent\RagIngestionManagementTests.cs:line 272
  失败 SonnetDB.Core.Tests.SemanticContent.RagIngestionManagementTests.RebuildAsync_ChangedProfileIdFromRetainedHistory_RejectsBeforeProvider [74 ms]
  错误消息:
   System.AggregateException : One or more errors occurred. (Failed to open directory 'C:\Users\mysti\AppData\Local\Temp\sonnetdb-parallel-third-4eff92966347481daaf27153e9fadd95\scratch\sndb-rag-management-5a0fafaf85d94202b239b27df27f11cc\documents\vector\7261675f3832373937343432306564313438353739356637323032663839336532663434\7261675f766563746f72\wal' for durable metadata publication: 系统找不到指定的路径。) (The process cannot access the file 'keyspace.lock' because it is being used by another process.)
---- System.IO.IOException : Failed to open directory 'C:\Users\mysti\AppData\Local\Temp\sonnetdb-parallel-third-4eff92966347481daaf27153e9fadd95\scratch\sndb-rag-management-5a0fafaf85d94202b239b27df27f11cc\documents\vector\7261675f3832373937343432306564313438353739356637323032663839336532663434\7261675f766563746f72\wal' for durable metadata publication: 系统找不到指定的路径。
---- System.IO.IOException : The process cannot access the file 'keyspace.lock' because it is being used by another process.
  堆栈跟踪:
  
----- Inner Stack Trace #1 (System.IO.IOException) -----
   at SonnetDB.Wal.DirectoryFsync.FlushWindowsRequired(String directory) in D:\source\SonnetDB\src\SonnetDB.Core\Wal\DirectoryFsync.cs:line 139
   at SonnetDB.Wal.DirectoryFsync.FlushRequired(String directory) in D:\source\SonnetDB\src\SonnetDB.Core\Wal\DirectoryFsync.cs:line 60
   at SonnetDB.Kv.KvKeyspace.OpenWithLifecycleLease(String name, String rootDirectory, KvOptions options, FileStream lifecycleLease, KvDiskReadBudget diskReadBudget, Boolean ownsDiskReadBudget) in D:\source\SonnetDB\src\SonnetDB.Core\Kv\KvKeyspace.cs:line 567
   at SonnetDB.Kv.KvKeyspace.Open(String name, String rootDirectory, KvOptions options, KvDiskReadBudget diskReadBudget) in D:\source\SonnetDB\src\SonnetDB.Core\Kv\KvKeyspace.cs:line 419
   at SonnetDB.Documents.Vector.DocumentVectorIndexStore.Open(String directory, DocumentVectorIndex definition, KvOptions kvOptions) in D:\source\SonnetDB\src\SonnetDB.Core\Documents\Vector\DocumentVectorIndexStore.cs:line 73
   at SonnetDB.Documents.DocumentCollectionManager.<>c__DisplayClass40_0.<OpenStoreLocked>b__1(DocumentVectorIndex index) in D:\source\SonnetDB\src\SonnetDB.Core\Documents\DocumentCollectionManager.cs:line 760
   at SonnetDB.Documents.DocumentCollectionStore.OpenVectorStoreLocked(DocumentVectorIndex index, Boolean rebuildIfMissing) in D:\source\SonnetDB\src\SonnetDB.Core\Documents\DocumentCollectionStore.cs:line 2461
   at SonnetDB.Documents.DocumentCollectionStore.ReconcileVectorStoresLocked(DocumentCollectionSchema previousSchema, Boolean rebuildAll) in D:\source\SonnetDB\src\SonnetDB.Core\Documents\DocumentCollectionStore.cs:line 2430
   at SonnetDB.Documents.DocumentCollectionStore..ctor(DocumentCollectionSchema schema, KvKeyspace keyspace, Func`2 fullTextIndexFactory, Func`2 vectorIndexFactory) in D:\source\SonnetDB\src\SonnetDB.Core\Documents\DocumentCollectionStore.cs:line 45
   at SonnetDB.Documents.DocumentCollectionManager.OpenStoreLocked(DocumentCollectionSchema schema) in D:\source\SonnetDB\src\SonnetDB.Core\Documents\DocumentCollectionManager.cs:line 756
   at SonnetDB.Documents.DocumentCollectionManager.Create(DocumentCollectionSchema schema) in D:\source\SonnetDB\src\SonnetDB.Core\Documents\DocumentCollectionManager.cs:line 83
   at SonnetDB.SemanticContent.RagIngestionWriter.ExecuteAsync(RagIngestionWriterCheckpoint checkpoint, DatabaseGenerationQueryLease active, RagIngestionWriterCheckpoint previous, Func`3 embedAsync, CancellationToken token) in D:\source\SonnetDB\src\SonnetDB.Core\SemanticContent\RagIngestionWriter.cs:line 223
   at SonnetDB.SemanticContent.RagIngestionWriter.WriteAsync(RagIngestionSnapshot snapshot, Func`3 embedAsync, CancellationToken cancellationToken) in D:\source\SonnetDB\src\SonnetDB.Core\SemanticContent\RagIngestionWriter.cs:line 134
   at SonnetDB.Core.Tests.SemanticContent.RagIngestionManagementTests.RebuildAsync_ChangedProfileIdFromRetainedHistory_RejectsBeforeProvider() in D:\source\SonnetDB\tests\SonnetDB.Core.Tests\SemanticContent\RagIngestionManagementTests.cs:line 109
--- End of stack trace from previous location ---
----- Inner Stack Trace #2 (System.IO.IOException) -----
   at System.IO.FileSystem.RemoveDirectoryRecursive(String fullPath, WIN32_FIND_DATA& findData, Boolean topLevel)
   at System.IO.Directory.Delete(String path, Boolean recursive)
   at SonnetDB.Core.Tests.SemanticContent.RagIngestionManagementTests.Dispose() in D:\source\SonnetDB\tests\SonnetDB.Core.Tests\SemanticContent\RagIngestionManagementTests.cs:line 272
  失败 SonnetDB.Core.Tests.SemanticContent.RagIngestionManagementTests.RebuildAsync_CancelledProvider_LeavesOldActiveAndInspectablePending [75 ms]
  错误消息:
   System.AggregateException : One or more errors occurred. (Failed to open directory 'C:\Users\mysti\AppData\Local\Temp\sonnetdb-parallel-third-4eff92966347481daaf27153e9fadd95\scratch\sndb-rag-management-30834deac3e84c349ce550cf2d512a99\documents\vector\7261675f3032653938393831333036373461333462363762363237636462396462333537\7261675f766563746f72\wal' for durable metadata publication: 系统找不到指定的路径。) (The process cannot access the file 'keyspace.lock' because it is being used by another process.)
---- System.IO.IOException : Failed to open directory 'C:\Users\mysti\AppData\Local\Temp\sonnetdb-parallel-third-4eff92966347481daaf27153e9fadd95\scratch\sndb-rag-management-30834deac3e84c349ce550cf2d512a99\documents\vector\7261675f3032653938393831333036373461333462363762363237636462396462333537\7261675f766563746f72\wal' for durable metadata publication: 系统找不到指定的路径。
---- System.IO.IOException : The process cannot access the file 'keyspace.lock' because it is being used by another process.
  堆栈跟踪:
  
----- Inner Stack Trace #1 (System.IO.IOException) -----
   at SonnetDB.Wal.DirectoryFsync.FlushWindowsRequired(String directory) in D:\source\SonnetDB\src\SonnetDB.Core\Wal\DirectoryFsync.cs:line 139
   at SonnetDB.Wal.DirectoryFsync.FlushRequired(String directory) in D:\source\SonnetDB\src\SonnetDB.Core\Wal\DirectoryFsync.cs:line 60
   at SonnetDB.Kv.KvKeyspace.OpenWithLifecycleLease(String name, String rootDirectory, KvOptions options, FileStream lifecycleLease, KvDiskReadBudget diskReadBudget, Boolean ownsDiskReadBudget) in D:\source\SonnetDB\src\SonnetDB.Core\Kv\KvKeyspace.cs:line 567
   at SonnetDB.Kv.KvKeyspace.Open(String name, String rootDirectory, KvOptions options, KvDiskReadBudget diskReadBudget) in D:\source\SonnetDB\src\SonnetDB.Core\Kv\KvKeyspace.cs:line 419
   at SonnetDB.Documents.Vector.DocumentVectorIndexStore.Open(String directory, DocumentVectorIndex definition, KvOptions kvOptions) in D:\source\SonnetDB\src\SonnetDB.Core\Documents\Vector\DocumentVectorIndexStore.cs:line 73
   at SonnetDB.Documents.DocumentCollectionManager.<>c__DisplayClass40_0.<OpenStoreLocked>b__1(DocumentVectorIndex index) in D:\source\SonnetDB\src\SonnetDB.Core\Documents\DocumentCollectionManager.cs:line 760
   at SonnetDB.Documents.DocumentCollectionStore.OpenVectorStoreLocked(DocumentVectorIndex index, Boolean rebuildIfMissing) in D:\source\SonnetDB\src\SonnetDB.Core\Documents\DocumentCollectionStore.cs:line 2461
   at SonnetDB.Documents.DocumentCollectionStore.ReconcileVectorStoresLocked(DocumentCollectionSchema previousSchema, Boolean rebuildAll) in D:\source\SonnetDB\src\SonnetDB.Core\Documents\DocumentCollectionStore.cs:line 2430
   at SonnetDB.Documents.DocumentCollectionStore..ctor(DocumentCollectionSchema schema, KvKeyspace keyspace, Func`2 fullTextIndexFactory, Func`2 vectorIndexFactory) in D:\source\SonnetDB\src\SonnetDB.Core\Documents\DocumentCollectionStore.cs:line 45
   at SonnetDB.Documents.DocumentCollectionManager.OpenStoreLocked(DocumentCollectionSchema schema) in D:\source\SonnetDB\src\SonnetDB.Core\Documents\DocumentCollectionManager.cs:line 756
   at SonnetDB.Documents.DocumentCollectionManager.Create(DocumentCollectionSchema schema) in D:\source\SonnetDB\src\SonnetDB.Core\Documents\DocumentCollectionManager.cs:line 83
   at SonnetDB.SemanticContent.RagIngestionWriter.ExecuteAsync(RagIngestionWriterCheckpoint checkpoint, DatabaseGenerationQueryLease active, RagIngestionWriterCheckpoint previous, Func`3 embedAsync, CancellationToken token) in D:\source\SonnetDB\src\SonnetDB.Core\SemanticContent\RagIngestionWriter.cs:line 223
   at SonnetDB.SemanticContent.RagIngestionWriter.WriteAsync(RagIngestionSnapshot snapshot, Func`3 embedAsync, CancellationToken cancellationToken) in D:\source\SonnetDB\src\SonnetDB.Core\SemanticContent\RagIngestionWriter.cs:line 134
   at SonnetDB.Core.Tests.SemanticContent.RagIngestionManagementTests.RebuildAsync_CancelledProvider_LeavesOldActiveAndInspectablePending() in D:\source\SonnetDB\tests\SonnetDB.Core.Tests\SemanticContent\RagIngestionManagementTests.cs:line 227
--- End of stack trace from previous location ---
----- Inner Stack Trace #2 (System.IO.IOException) -----
   at System.IO.FileSystem.RemoveDirectoryRecursive(String fullPath, WIN32_FIND_DATA& findData, Boolean topLevel)
   at System.IO.Directory.Delete(String path, Boolean recursive)
   at SonnetDB.Core.Tests.SemanticContent.RagIngestionManagementTests.Dispose() in D:\source\SonnetDB\tests\SonnetDB.Core.Tests\SemanticContent\RagIngestionManagementTests.cs:line 272
  失败 SonnetDB.Core.Tests.SemanticContent.RagIngestionManagementTests.GetStatusAsync_FreshAndPublished_ReturnsMetadataWithoutCreatingStorageOrLeakingContent [78 ms]
  错误消息:
   System.AggregateException : One or more errors occurred. (Failed to open directory 'C:\Users\mysti\AppData\Local\Temp\sonnetdb-parallel-third-4eff92966347481daaf27153e9fadd95\scratch\sndb-rag-management-6c0bda9a66224c5b9c7040b5a591c3a9\documents\vector\7261675f6136336464363665663636393462323861343936613661396630333432666665\7261675f766563746f72\wal' for durable metadata publication: 系统找不到指定的路径。) (The process cannot access the file 'keyspace.lock' because it is being used by another process.)
---- System.IO.IOException : Failed to open directory 'C:\Users\mysti\AppData\Local\Temp\sonnetdb-parallel-third-4eff92966347481daaf27153e9fadd95\scratch\sndb-rag-management-6c0bda9a66224c5b9c7040b5a591c3a9\documents\vector\7261675f6136336464363665663636393462323861343936613661396630333432666665\7261675f766563746f72\wal' for durable metadata publication: 系统找不到指定的路径。
---- System.IO.IOException : The process cannot access the file 'keyspace.lock' because it is being used by another process.
  堆栈跟踪:
  
----- Inner Stack Trace #1 (System.IO.IOException) -----
   at SonnetDB.Wal.DirectoryFsync.FlushWindowsRequired(String directory) in D:\source\SonnetDB\src\SonnetDB.Core\Wal\DirectoryFsync.cs:line 139
   at SonnetDB.Wal.DirectoryFsync.FlushRequired(String directory) in D:\source\SonnetDB\src\SonnetDB.Core\Wal\DirectoryFsync.cs:line 60
   at SonnetDB.Kv.KvKeyspace.OpenWithLifecycleLease(String name, String rootDirectory, KvOptions options, FileStream lifecycleLease, KvDiskReadBudget diskReadBudget, Boolean ownsDiskReadBudget) in D:\source\SonnetDB\src\SonnetDB.Core\Kv\KvKeyspace.cs:line 567
   at SonnetDB.Kv.KvKeyspace.Open(String name, String rootDirectory, KvOptions options, KvDiskReadBudget diskReadBudget) in D:\source\SonnetDB\src\SonnetDB.Core\Kv\KvKeyspace.cs:line 419
   at SonnetDB.Documents.Vector.DocumentVectorIndexStore.Open(String directory, DocumentVectorIndex definition, KvOptions kvOptions) in D:\source\SonnetDB\src\SonnetDB.Core\Documents\Vector\DocumentVectorIndexStore.cs:line 73
   at SonnetDB.Documents.DocumentCollectionManager.<>c__DisplayClass40_0.<OpenStoreLocked>b__1(DocumentVectorIndex index) in D:\source\SonnetDB\src\SonnetDB.Core\Documents\DocumentCollectionManager.cs:line 760
   at SonnetDB.Documents.DocumentCollectionStore.OpenVectorStoreLocked(DocumentVectorIndex index, Boolean rebuildIfMissing) in D:\source\SonnetDB\src\SonnetDB.Core\Documents\DocumentCollectionStore.cs:line 2461
   at SonnetDB.Documents.DocumentCollectionStore.ReconcileVectorStoresLocked(DocumentCollectionSchema previousSchema, Boolean rebuildAll) in D:\source\SonnetDB\src\SonnetDB.Core\Documents\DocumentCollectionStore.cs:line 2430
   at SonnetDB.Documents.DocumentCollectionStore..ctor(DocumentCollectionSchema schema, KvKeyspace keyspace, Func`2 fullTextIndexFactory, Func`2 vectorIndexFactory) in D:\source\SonnetDB\src\SonnetDB.Core\Documents\DocumentCollectionStore.cs:line 45
   at SonnetDB.Documents.DocumentCollectionManager.OpenStoreLocked(DocumentCollectionSchema schema) in D:\source\SonnetDB\src\SonnetDB.Core\Documents\DocumentCollectionManager.cs:line 756
   at SonnetDB.Documents.DocumentCollectionManager.Create(DocumentCollectionSchema schema) in D:\source\SonnetDB\src\SonnetDB.Core\Documents\DocumentCollectionManager.cs:line 83
   at SonnetDB.SemanticContent.RagIngestionWriter.ExecuteAsync(RagIngestionWriterCheckpoint checkpoint, DatabaseGenerationQueryLease active, RagIngestionWriterCheckpoint previous, Func`3 embedAsync, CancellationToken token) in D:\source\SonnetDB\src\SonnetDB.Core\SemanticContent\RagIngestionWriter.cs:line 223
   at SonnetDB.SemanticContent.RagIngestionWriter.WriteAsync(RagIngestionSnapshot snapshot, Func`3 embedAsync, CancellationToken cancellationToken) in D:\source\SonnetDB\src\SonnetDB.Core\SemanticContent\RagIngestionWriter.cs:line 134
   at SonnetDB.Core.Tests.SemanticContent.RagIngestionManagementTests.GetStatusAsync_FreshAndPublished_ReturnsMetadataWithoutCreatingStorageOrLeakingContent() in D:\source\SonnetDB\tests\SonnetDB.Core.Tests\SemanticContent\RagIngestionManagementTests.cs:line 29
--- End of stack trace from previous location ---
----- Inner Stack Trace #2 (System.IO.IOException) -----
   at System.IO.FileSystem.RemoveDirectoryRecursive(String fullPath, WIN32_FIND_DATA& findData, Boolean topLevel)
   at System.IO.Directory.Delete(String path, Boolean recursive)
   at SonnetDB.Core.Tests.SemanticContent.RagIngestionManagementTests.Dispose() in D:\source\SonnetDB\tests\SonnetDB.Core.Tests\SemanticContent\RagIngestionManagementTests.cs:line 272
  失败 SonnetDB.Core.Tests.SemanticContent.RagIngestionManagementTests.CleanupRetiredAsync_CorruptActiveSnapshot_PreservesRetiredGeneration [76 ms]
  错误消息:
   System.AggregateException : One or more errors occurred. (Failed to open directory 'C:\Users\mysti\AppData\Local\Temp\sonnetdb-parallel-third-4eff92966347481daaf27153e9fadd95\scratch\sndb-rag-management-17696922dace430389dad63d464d681d\documents\vector\7261675f6638336430653366396562653463303861356361666638666537626231626139\7261675f766563746f72\wal' for durable metadata publication: 系统找不到指定的路径。) (The process cannot access the file 'keyspace.lock' because it is being used by another process.)
---- System.IO.IOException : Failed to open directory 'C:\Users\mysti\AppData\Local\Temp\sonnetdb-parallel-third-4eff92966347481daaf27153e9fadd95\scratch\sndb-rag-management-17696922dace430389dad63d464d681d\documents\vector\7261675f6638336430653366396562653463303861356361666638666537626231626139\7261675f766563746f72\wal' for durable metadata publication: 系统找不到指定的路径。
---- System.IO.IOException : The process cannot access the file 'keyspace.lock' because it is being used by another process.
  堆栈跟踪:
  
----- Inner Stack Trace #1 (System.IO.IOException) -----
   at SonnetDB.Wal.DirectoryFsync.FlushWindowsRequired(String directory) in D:\source\SonnetDB\src\SonnetDB.Core\Wal\DirectoryFsync.cs:line 139
   at SonnetDB.Wal.DirectoryFsync.FlushRequired(String directory) in D:\source\SonnetDB\src\SonnetDB.Core\Wal\DirectoryFsync.cs:line 60
   at SonnetDB.Kv.KvKeyspace.OpenWithLifecycleLease(String name, String rootDirectory, KvOptions options, FileStream lifecycleLease, KvDiskReadBudget diskReadBudget, Boolean ownsDiskReadBudget) in D:\source\SonnetDB\src\SonnetDB.Core\Kv\KvKeyspace.cs:line 567
   at SonnetDB.Kv.KvKeyspace.Open(String name, String rootDirectory, KvOptions options, KvDiskReadBudget diskReadBudget) in D:\source\SonnetDB\src\SonnetDB.Core\Kv\KvKeyspace.cs:line 419
   at SonnetDB.Documents.Vector.DocumentVectorIndexStore.Open(String directory, DocumentVectorIndex definition, KvOptions kvOptions) in D:\source\SonnetDB\src\SonnetDB.Core\Documents\Vector\DocumentVectorIndexStore.cs:line 73
   at SonnetDB.Documents.DocumentCollectionManager.<>c__DisplayClass40_0.<OpenStoreLocked>b__1(DocumentVectorIndex index) in D:\source\SonnetDB\src\SonnetDB.Core\Documents\DocumentCollectionManager.cs:line 760
   at SonnetDB.Documents.DocumentCollectionStore.OpenVectorStoreLocked(DocumentVectorIndex index, Boolean rebuildIfMissing) in D:\source\SonnetDB\src\SonnetDB.Core\Documents\DocumentCollectionStore.cs:line 2461
   at SonnetDB.Documents.DocumentCollectionStore.ReconcileVectorStoresLocked(DocumentCollectionSchema previousSchema, Boolean rebuildAll) in D:\source\SonnetDB\src\SonnetDB.Core\Documents\DocumentCollectionStore.cs:line 2430
   at SonnetDB.Documents.DocumentCollectionStore..ctor(DocumentCollectionSchema schema, KvKeyspace keyspace, Func`2 fullTextIndexFactory, Func`2 vectorIndexFactory) in D:\source\SonnetDB\src\SonnetDB.Core\Documents\DocumentCollectionStore.cs:line 45
   at SonnetDB.Documents.DocumentCollectionManager.OpenStoreLocked(DocumentCollectionSchema schema) in D:\source\SonnetDB\src\SonnetDB.Core\Documents\DocumentCollectionManager.cs:line 756
   at SonnetDB.Documents.DocumentCollectionManager.Create(DocumentCollectionSchema schema) in D:\source\SonnetDB\src\SonnetDB.Core\Documents\DocumentCollectionManager.cs:line 83
   at SonnetDB.SemanticContent.RagIngestionWriter.ExecuteAsync(RagIngestionWriterCheckpoint checkpoint, DatabaseGenerationQueryLease active, RagIngestionWriterCheckpoint previous, Func`3 embedAsync, CancellationToken token) in D:\source\SonnetDB\src\SonnetDB.Core\SemanticContent\RagIngestionWriter.cs:line 223
   at SonnetDB.SemanticContent.RagIngestionWriter.WriteAsync(RagIngestionSnapshot snapshot, Func`3 embedAsync, CancellationToken cancellationToken) in D:\source\SonnetDB\src\SonnetDB.Core\SemanticContent\RagIngestionWriter.cs:line 134
   at SonnetDB.Core.Tests.SemanticContent.RagIngestionManagementTests.CleanupRetiredAsync_CorruptActiveSnapshot_PreservesRetiredGeneration() in D:\source\SonnetDB\tests\SonnetDB.Core.Tests\SemanticContent\RagIngestionManagementTests.cs:line 152
--- End of stack trace from previous location ---
----- Inner Stack Trace #2 (System.IO.IOException) -----
   at System.IO.FileSystem.RemoveDirectoryRecursive(String fullPath, WIN32_FIND_DATA& findData, Boolean topLevel)
   at System.IO.Directory.Delete(String path, Boolean recursive)
   at SonnetDB.Core.Tests.SemanticContent.RagIngestionManagementTests.Dispose() in D:\source\SonnetDB\tests\SonnetDB.Core.Tests\SemanticContent\RagIngestionManagementTests.cs:line 272
  失败 SonnetDB.Core.Tests.SemanticContent.RagIngestionManagementTests.CleanupRetiredAsync_BoundedAndConditional_InspectsOnlyRequestedBatch [75 ms]
  错误消息:
   System.AggregateException : One or more errors occurred. (Failed to open directory 'C:\Users\mysti\AppData\Local\Temp\sonnetdb-parallel-third-4eff92966347481daaf27153e9fadd95\scratch\sndb-rag-management-c6b38c9090d74ab88d70bd11567f9d92\documents\vector\7261675f3164353032363534316530393462633938656532386165343533343937366130\7261675f766563746f72\wal' for durable metadata publication: 系统找不到指定的路径。) (The process cannot access the file 'keyspace.lock' because it is being used by another process.)
---- System.IO.IOException : Failed to open directory 'C:\Users\mysti\AppData\Local\Temp\sonnetdb-parallel-third-4eff92966347481daaf27153e9fadd95\scratch\sndb-rag-management-c6b38c9090d74ab88d70bd11567f9d92\documents\vector\7261675f3164353032363534316530393462633938656532386165343533343937366130\7261675f766563746f72\wal' for durable metadata publication: 系统找不到指定的路径。
---- System.IO.IOException : The process cannot access the file 'keyspace.lock' because it is being used by another process.
  堆栈跟踪:
  
----- Inner Stack Trace #1 (System.IO.IOException) -----
   at SonnetDB.Wal.DirectoryFsync.FlushWindowsRequired(String directory) in D:\source\SonnetDB\src\SonnetDB.Core\Wal\DirectoryFsync.cs:line 139
   at SonnetDB.Wal.DirectoryFsync.FlushRequired(String directory) in D:\source\SonnetDB\src\SonnetDB.Core\Wal\DirectoryFsync.cs:line 60
   at SonnetDB.Kv.KvKeyspace.OpenWithLifecycleLease(String name, String rootDirectory, KvOptions options, FileStream lifecycleLease, KvDiskReadBudget diskReadBudget, Boolean ownsDiskReadBudget) in D:\source\SonnetDB\src\SonnetDB.Core\Kv\KvKeyspace.cs:line 567
   at SonnetDB.Kv.KvKeyspace.Open(String name, String rootDirectory, KvOptions options, KvDiskReadBudget diskReadBudget) in D:\source\SonnetDB\src\SonnetDB.Core\Kv\KvKeyspace.cs:line 419
   at SonnetDB.Documents.Vector.DocumentVectorIndexStore.Open(String directory, DocumentVectorIndex definition, KvOptions kvOptions) in D:\source\SonnetDB\src\SonnetDB.Core\Documents\Vector\DocumentVectorIndexStore.cs:line 73
   at SonnetDB.Documents.DocumentCollectionManager.<>c__DisplayClass40_0.<OpenStoreLocked>b__1(DocumentVectorIndex index) in D:\source\SonnetDB\src\SonnetDB.Core\Documents\DocumentCollectionManager.cs:line 760
   at SonnetDB.Documents.DocumentCollectionStore.OpenVectorStoreLocked(DocumentVectorIndex index, Boolean rebuildIfMissing) in D:\source\SonnetDB\src\SonnetDB.Core\Documents\DocumentCollectionStore.cs:line 2461
   at SonnetDB.Documents.DocumentCollectionStore.ReconcileVectorStoresLocked(DocumentCollectionSchema previousSchema, Boolean rebuildAll) in D:\source\SonnetDB\src\SonnetDB.Core\Documents\DocumentCollectionStore.cs:line 2430
   at SonnetDB.Documents.DocumentCollectionStore..ctor(DocumentCollectionSchema schema, KvKeyspace keyspace, Func`2 fullTextIndexFactory, Func`2 vectorIndexFactory) in D:\source\SonnetDB\src\SonnetDB.Core\Documents\DocumentCollectionStore.cs:line 45
   at SonnetDB.Documents.DocumentCollectionManager.OpenStoreLocked(DocumentCollectionSchema schema) in D:\source\SonnetDB\src\SonnetDB.Core\Documents\DocumentCollectionManager.cs:line 756
   at SonnetDB.Documents.DocumentCollectionManager.Create(DocumentCollectionSchema schema) in D:\source\SonnetDB\src\SonnetDB.Core\Documents\DocumentCollectionManager.cs:line 83
   at SonnetDB.SemanticContent.RagIngestionWriter.ExecuteAsync(RagIngestionWriterCheckpoint checkpoint, DatabaseGenerationQueryLease active, RagIngestionWriterCheckpoint previous, Func`3 embedAsync, CancellationToken token) in D:\source\SonnetDB\src\SonnetDB.Core\SemanticContent\RagIngestionWriter.cs:line 223
   at SonnetDB.SemanticContent.RagIngestionWriter.WriteAsync(RagIngestionSnapshot snapshot, Func`3 embedAsync, CancellationToken cancellationToken) in D:\source\SonnetDB\src\SonnetDB.Core\SemanticContent\RagIngestionWriter.cs:line 134
   at SonnetDB.Core.Tests.SemanticContent.RagIngestionManagementTests.CleanupRetiredAsync_BoundedAndConditional_InspectsOnlyRequestedBatch() in D:\source\SonnetDB\tests\SonnetDB.Core.Tests\SemanticContent\RagIngestionManagementTests.cs:line 188
--- End of stack trace from previous location ---
----- Inner Stack Trace #2 (System.IO.IOException) -----
   at System.IO.FileSystem.RemoveDirectoryRecursive(String fullPath, WIN32_FIND_DATA& findData, Boolean topLevel)
   at System.IO.Directory.Delete(String path, Boolean recursive)
   at SonnetDB.Core.Tests.SemanticContent.RagIngestionManagementTests.Dispose() in D:\source\SonnetDB\tests\SonnetDB.Core.Tests\SemanticContent\RagIngestionManagementTests.cs:line 272
  失败 SonnetDB.Core.Tests.SemanticContent.RagIngestionManagementTests.ResumeAndDiscardAsync_IdentityAndRevisionPreconditions_PreserveUnrelatedPending [65 ms]
  错误消息:
   System.AggregateException : One or more errors occurred. (Failed to open directory 'C:\Users\mysti\AppData\Local\Temp\sonnetdb-parallel-third-4eff92966347481daaf27153e9fadd95\scratch\sndb-rag-management-e20687b9a82d4c3b8dfb295230a27521\documents\vector\7261675f3535653462323265646533383463613462383439386132303463653965653765\7261675f766563746f72\wal' for durable metadata publication: 系统找不到指定的路径。) (The process cannot access the file 'keyspace.lock' because it is being used by another process.)
---- System.IO.IOException : Failed to open directory 'C:\Users\mysti\AppData\Local\Temp\sonnetdb-parallel-third-4eff92966347481daaf27153e9fadd95\scratch\sndb-rag-management-e20687b9a82d4c3b8dfb295230a27521\documents\vector\7261675f3535653462323265646533383463613462383439386132303463653965653765\7261675f766563746f72\wal' for durable metadata publication: 系统找不到指定的路径。
---- System.IO.IOException : The process cannot access the file 'keyspace.lock' because it is being used by another process.
  堆栈跟踪:
  
----- Inner Stack Trace #1 (System.IO.IOException) -----
   at SonnetDB.Wal.DirectoryFsync.FlushWindowsRequired(String directory) in D:\source\SonnetDB\src\SonnetDB.Core\Wal\DirectoryFsync.cs:line 139
   at SonnetDB.Wal.DirectoryFsync.FlushRequired(String directory) in D:\source\SonnetDB\src\SonnetDB.Core\Wal\DirectoryFsync.cs:line 60
   at SonnetDB.Kv.KvKeyspace.OpenWithLifecycleLease(String name, String rootDirectory, KvOptions options, FileStream lifecycleLease, KvDiskReadBudget diskReadBudget, Boolean ownsDiskReadBudget) in D:\source\SonnetDB\src\SonnetDB.Core\Kv\KvKeyspace.cs:line 567
   at SonnetDB.Kv.KvKeyspace.Open(String name, String rootDirectory, KvOptions options, KvDiskReadBudget diskReadBudget) in D:\source\SonnetDB\src\SonnetDB.Core\Kv\KvKeyspace.cs:line 419
   at SonnetDB.Documents.Vector.DocumentVectorIndexStore.Open(String directory, DocumentVectorIndex definition, KvOptions kvOptions) in D:\source\SonnetDB\src\SonnetDB.Core\Documents\Vector\DocumentVectorIndexStore.cs:line 73
   at SonnetDB.Documents.DocumentCollectionManager.<>c__DisplayClass40_0.<OpenStoreLocked>b__1(DocumentVectorIndex index) in D:\source\SonnetDB\src\SonnetDB.Core\Documents\DocumentCollectionManager.cs:line 760
   at SonnetDB.Documents.DocumentCollectionStore.OpenVectorStoreLocked(DocumentVectorIndex index, Boolean rebuildIfMissing) in D:\source\SonnetDB\src\SonnetDB.Core\Documents\DocumentCollectionStore.cs:line 2461
   at SonnetDB.Documents.DocumentCollectionStore.ReconcileVectorStoresLocked(DocumentCollectionSchema previousSchema, Boolean rebuildAll) in D:\source\SonnetDB\src\SonnetDB.Core\Documents\DocumentCollectionStore.cs:line 2430
   at SonnetDB.Documents.DocumentCollectionStore..ctor(DocumentCollectionSchema schema, KvKeyspace keyspace, Func`2 fullTextIndexFactory, Func`2 vectorIndexFactory) in D:\source\SonnetDB\src\SonnetDB.Core\Documents\DocumentCollectionStore.cs:line 45
   at SonnetDB.Documents.DocumentCollectionManager.OpenStoreLocked(DocumentCollectionSchema schema) in D:\source\SonnetDB\src\SonnetDB.Core\Documents\DocumentCollectionManager.cs:line 756
   at SonnetDB.Documents.DocumentCollectionManager.Create(DocumentCollectionSchema schema) in D:\source\SonnetDB\src\SonnetDB.Core\Documents\DocumentCollectionManager.cs:line 83
   at SonnetDB.SemanticContent.RagIngestionWriter.ExecuteAsync(RagIngestionWriterCheckpoint checkpoint, DatabaseGenerationQueryLease active, RagIngestionWriterCheckpoint previous, Func`3 embedAsync, CancellationToken token) in D:\source\SonnetDB\src\SonnetDB.Core\SemanticContent\RagIngestionWriter.cs:line 223
   at SonnetDB.SemanticContent.RagIngestionWriter.WriteAsync(RagIngestionSnapshot snapshot, Func`3 embedAsync, CancellationToken cancellationToken) in D:\source\SonnetDB\src\SonnetDB.Core\SemanticContent\RagIngestionWriter.cs:line 134
   at SonnetDB.Core.Tests.SemanticContent.RagIngestionManagementTests.ResumeAndDiscardAsync_IdentityAndRevisionPreconditions_PreserveUnrelatedPending() in D:\source\SonnetDB\tests\SonnetDB.Core.Tests\SemanticContent\RagIngestionManagementTests.cs:line 165
--- End of stack trace from previous location ---
----- Inner Stack Trace #2 (System.IO.IOException) -----
   at System.IO.FileSystem.RemoveDirectoryRecursive(String fullPath, WIN32_FIND_DATA& findData, Boolean topLevel)
   at System.IO.Directory.Delete(String path, Boolean recursive)
   at SonnetDB.Core.Tests.SemanticContent.RagIngestionManagementTests.Dispose() in D:\source\SonnetDB\tests\SonnetDB.Core.Tests\SemanticContent\RagIngestionManagementTests.cs:line 272
  失败 SonnetDB.Core.Tests.SemanticContent.RagIngestionManagementTests.RebuildAsync_NewProfileFailure_ReopenResumesOnlyCompletedStagingChunks [77 ms]
  错误消息:
   System.AggregateException : One or more errors occurred. (Failed to open directory 'C:\Users\mysti\AppData\Local\Temp\sonnetdb-parallel-third-4eff92966347481daaf27153e9fadd95\scratch\sndb-rag-management-3404d7e8f7b549ffa198bebcdc316197\documents\vector\7261675f3033333138363932653230373463613561363432326164383030656162663962\7261675f766563746f72\wal' for durable metadata publication: 系统找不到指定的路径。) (The process cannot access the file 'keyspace.lock' because it is being used by another process.)
---- System.IO.IOException : Failed to open directory 'C:\Users\mysti\AppData\Local\Temp\sonnetdb-parallel-third-4eff92966347481daaf27153e9fadd95\scratch\sndb-rag-management-3404d7e8f7b549ffa198bebcdc316197\documents\vector\7261675f3033333138363932653230373463613561363432326164383030656162663962\7261675f766563746f72\wal' for durable metadata publication: 系统找不到指定的路径。
---- System.IO.IOException : The process cannot access the file 'keyspace.lock' because it is being used by another process.
  堆栈跟踪:
  
----- Inner Stack Trace #1 (System.IO.IOException) -----
   at SonnetDB.Wal.DirectoryFsync.FlushWindowsRequired(String directory) in D:\source\SonnetDB\src\SonnetDB.Core\Wal\DirectoryFsync.cs:line 139
   at SonnetDB.Wal.DirectoryFsync.FlushRequired(String directory) in D:\source\SonnetDB\src\SonnetDB.Core\Wal\DirectoryFsync.cs:line 60
   at SonnetDB.Kv.KvKeyspace.OpenWithLifecycleLease(String name, String rootDirectory, KvOptions options, FileStream lifecycleLease, KvDiskReadBudget diskReadBudget, Boolean ownsDiskReadBudget) in D:\source\SonnetDB\src\SonnetDB.Core\Kv\KvKeyspace.cs:line 567
   at SonnetDB.Kv.KvKeyspace.Open(String name, String rootDirectory, KvOptions options, KvDiskReadBudget diskReadBudget) in D:\source\SonnetDB\src\SonnetDB.Core\Kv\KvKeyspace.cs:line 419
   at SonnetDB.Documents.Vector.DocumentVectorIndexStore.Open(String directory, DocumentVectorIndex definition, KvOptions kvOptions) in D:\source\SonnetDB\src\SonnetDB.Core\Documents\Vector\DocumentVectorIndexStore.cs:line 73
   at SonnetDB.Documents.DocumentCollectionManager.<>c__DisplayClass40_0.<OpenStoreLocked>b__1(DocumentVectorIndex index) in D:\source\SonnetDB\src\SonnetDB.Core\Documents\DocumentCollectionManager.cs:line 760
   at SonnetDB.Documents.DocumentCollectionStore.OpenVectorStoreLocked(DocumentVectorIndex index, Boolean rebuildIfMissing) in D:\source\SonnetDB\src\SonnetDB.Core\Documents\DocumentCollectionStore.cs:line 2461
   at SonnetDB.Documents.DocumentCollectionStore.ReconcileVectorStoresLocked(DocumentCollectionSchema previousSchema, Boolean rebuildAll) in D:\source\SonnetDB\src\SonnetDB.Core\Documents\DocumentCollectionStore.cs:line 2430
   at SonnetDB.Documents.DocumentCollectionStore..ctor(DocumentCollectionSchema schema, KvKeyspace keyspace, Func`2 fullTextIndexFactory, Func`2 vectorIndexFactory) in D:\source\SonnetDB\src\SonnetDB.Core\Documents\DocumentCollectionStore.cs:line 45
   at SonnetDB.Documents.DocumentCollectionManager.OpenStoreLocked(DocumentCollectionSchema schema) in D:\source\SonnetDB\src\SonnetDB.Core\Documents\DocumentCollectionManager.cs:line 756
   at SonnetDB.Documents.DocumentCollectionManager.Create(DocumentCollectionSchema schema) in D:\source\SonnetDB\src\SonnetDB.Core\Documents\DocumentCollectionManager.cs:line 83
   at SonnetDB.SemanticContent.RagIngestionWriter.ExecuteAsync(RagIngestionWriterCheckpoint checkpoint, DatabaseGenerationQueryLease active, RagIngestionWriterCheckpoint previous, Func`3 embedAsync, CancellationToken token) in D:\source\SonnetDB\src\SonnetDB.Core\SemanticContent\RagIngestionWriter.cs:line 223
   at SonnetDB.SemanticContent.RagIngestionWriter.WriteAsync(RagIngestionSnapshot snapshot, Func`3 embedAsync, CancellationToken cancellationToken) in D:\source\SonnetDB\src\SonnetDB.Core\SemanticContent\RagIngestionWriter.cs:line 134
   at SonnetDB.Core.Tests.SemanticContent.RagIngestionManagementTests.RebuildAsync_NewProfileFailure_ReopenResumesOnlyCompletedStagingChunks() in D:\source\SonnetDB\tests\SonnetDB.Core.Tests\SemanticContent\RagIngestionManagementTests.cs:line 66
--- End of stack trace from previous location ---
----- Inner Stack Trace #2 (System.IO.IOException) -----
   at System.IO.FileSystem.RemoveDirectoryRecursive(String fullPath, WIN32_FIND_DATA& findData, Boolean topLevel)
   at System.IO.Directory.Delete(String path, Boolean recursive)
   at SonnetDB.Core.Tests.SemanticContent.RagIngestionManagementTests.Dispose() in D:\source\SonnetDB\tests\SonnetDB.Core.Tests\SemanticContent\RagIngestionManagementTests.cs:line 272
  失败 SonnetDB.Core.Tests.Ado.SonnetDBVectorLifecycleTests.PreflightRagAsync_CatalogDriftsFromPersistentProfile_RejectsContract(dimensions: 3, metric: L2) [73 ms]
  错误消息:
   System.AggregateException : One or more errors occurred. (Failed to open directory 'C:\Users\mysti\AppData\Local\Temp\sonnetdb-parallel-third-4eff92966347481daaf27153e9fadd95\scratch\sndb-vector-lifecycle-d7ff6ab677f64837a52ad28ac1f87597\documents\vector\7261675f3132316532346366323466353437633361666537316332396438326139326439\7261675f766563746f72\wal' for durable metadata publication: 系统找不到指定的路径。) (The process cannot access the file 'keyspace.lock' because it is being used by another process.)
---- System.IO.IOException : Failed to open directory 'C:\Users\mysti\AppData\Local\Temp\sonnetdb-parallel-third-4eff92966347481daaf27153e9fadd95\scratch\sndb-vector-lifecycle-d7ff6ab677f64837a52ad28ac1f87597\documents\vector\7261675f3132316532346366323466353437633361666537316332396438326139326439\7261675f766563746f72\wal' for durable metadata publication: 系统找不到指定的路径。
---- System.IO.IOException : The process cannot access the file 'keyspace.lock' because it is being used by another process.
  堆栈跟踪:
  
----- Inner Stack Trace #1 (System.IO.IOException) -----
   at SonnetDB.Wal.DirectoryFsync.FlushWindowsRequired(String directory) in D:\source\SonnetDB\src\SonnetDB.Core\Wal\DirectoryFsync.cs:line 139
   at SonnetDB.Wal.DirectoryFsync.FlushRequired(String directory) in D:\source\SonnetDB\src\SonnetDB.Core\Wal\DirectoryFsync.cs:line 60
   at SonnetDB.Kv.KvKeyspace.OpenWithLifecycleLease(String name, String rootDirectory, KvOptions options, FileStream lifecycleLease, KvDiskReadBudget diskReadBudget, Boolean ownsDiskReadBudget) in D:\source\SonnetDB\src\SonnetDB.Core\Kv\KvKeyspace.cs:line 567
   at SonnetDB.Kv.KvKeyspace.Open(String name, String rootDirectory, KvOptions options, KvDiskReadBudget diskReadBudget) in D:\source\SonnetDB\src\SonnetDB.Core\Kv\KvKeyspace.cs:line 419
   at SonnetDB.Documents.Vector.DocumentVectorIndexStore.Open(String directory, DocumentVectorIndex definition, KvOptions kvOptions) in D:\source\SonnetDB\src\SonnetDB.Core\Documents\Vector\DocumentVectorIndexStore.cs:line 73
   at SonnetDB.Documents.DocumentCollectionManager.<>c__DisplayClass40_0.<OpenStoreLocked>b__1(DocumentVectorIndex index) in D:\source\SonnetDB\src\SonnetDB.Core\Documents\DocumentCollectionManager.cs:line 760
   at SonnetDB.Documents.DocumentCollectionStore.OpenVectorStoreLocked(DocumentVectorIndex index, Boolean rebuildIfMissing) in D:\source\SonnetDB\src\SonnetDB.Core\Documents\DocumentCollectionStore.cs:line 2461
   at SonnetDB.Documents.DocumentCollectionStore.ReconcileVectorStoresLocked(DocumentCollectionSchema previousSchema, Boolean rebuildAll) in D:\source\SonnetDB\src\SonnetDB.Core\Documents\DocumentCollectionStore.cs:line 2430
   at SonnetDB.Documents.DocumentCollectionStore..ctor(DocumentCollectionSchema schema, KvKeyspace keyspace, Func`2 fullTextIndexFactory, Func`2 vectorIndexFactory) in D:\source\SonnetDB\src\SonnetDB.Core\Documents\DocumentCollectionStore.cs:line 45
   at SonnetDB.Documents.DocumentCollectionManager.OpenStoreLocked(DocumentCollectionSchema schema) in D:\source\SonnetDB\src\SonnetDB.Core\Documents\DocumentCollectionManager.cs:line 756
   at SonnetDB.Documents.DocumentCollectionManager.Create(DocumentCollectionSchema schema) in D:\source\SonnetDB\src\SonnetDB.Core\Documents\DocumentCollectionManager.cs:line 83
   at SonnetDB.SemanticContent.RagIngestionWriter.ExecuteAsync(RagIngestionWriterCheckpoint checkpoint, DatabaseGenerationQueryLease active, RagIngestionWriterCheckpoint previous, Func`3 embedAsync, CancellationToken token) in D:\source\SonnetDB\src\SonnetDB.Core\SemanticContent\RagIngestionWriter.cs:line 223
   at SonnetDB.SemanticContent.RagIngestionWriter.WriteAsync(RagIngestionSnapshot snapshot, Func`3 embedAsync, CancellationToken cancellationToken) in D:\source\SonnetDB\src\SonnetDB.Core\SemanticContent\RagIngestionWriter.cs:line 134
   at SonnetDB.Core.Tests.Ado.SonnetDBVectorLifecycleTests.PublishAsync(SndbConnection connection, EmbeddingProfile profile) in D:\source\SonnetDB\tests\SonnetDB.Core.Tests\Ado\SonnetDBVectorLifecycleTests.cs:line 300
   at SonnetDB.Core.Tests.Ado.SonnetDBVectorLifecycleTests.PreflightRagAsync_CatalogDriftsFromPersistentProfile_RejectsContract(Int32 dimensions, KnnMetric metric) in D:\source\SonnetDB\tests\SonnetDB.Core.Tests\Ado\SonnetDBVectorLifecycleTests.cs:line 155
   at SonnetDB.Core.Tests.Ado.SonnetDBVectorLifecycleTests.PreflightRagAsync_CatalogDriftsFromPersistentProfile_RejectsContract(Int32 dimensions, KnnMetric metric) in D:\source\SonnetDB\tests\SonnetDB.Core.Tests\Ado\SonnetDBVectorLifecycleTests.cs:line 165
--- End of stack trace from previous location ---
----- Inner Stack Trace #2 (System.IO.IOException) -----
   at System.IO.FileSystem.RemoveDirectoryRecursive(String fullPath, WIN32_FIND_DATA& findData, Boolean topLevel)
   at System.IO.Directory.Delete(String path, Boolean recursive)
   at SonnetDB.Core.Tests.Ado.SonnetDBVectorLifecycleTests.Dispose() in D:\source\SonnetDB\tests\SonnetDB.Core.Tests\Ado\SonnetDBVectorLifecycleTests.cs:line 309
  失败 SonnetDB.Core.Tests.Ado.SonnetDBVectorLifecycleTests.PreflightRagAsync_CatalogDriftsFromPersistentProfile_RejectsContract(dimensions: 2, metric: Cosine) [75 ms]
  错误消息:
   System.AggregateException : One or more errors occurred. (Failed to open directory 'C:\Users\mysti\AppData\Local\Temp\sonnetdb-parallel-third-4eff92966347481daaf27153e9fadd95\scratch\sndb-vector-lifecycle-e20a594ab33241b1a3eaeafdca1c6320\documents\vector\7261675f6666623766343363663163393430333938366638393239616566396231393961\7261675f766563746f72\wal' for durable metadata publication: 系统找不到指定的路径。) (The process cannot access the file 'keyspace.lock' because it is being used by another process.)
---- System.IO.IOException : Failed to open directory 'C:\Users\mysti\AppData\Local\Temp\sonnetdb-parallel-third-4eff92966347481daaf27153e9fadd95\scratch\sndb-vector-lifecycle-e20a594ab33241b1a3eaeafdca1c6320\documents\vector\7261675f6666623766343363663163393430333938366638393239616566396231393961\7261675f766563746f72\wal' for durable metadata publication: 系统找不到指定的路径。
---- System.IO.IOException : The process cannot access the file 'keyspace.lock' because it is being used by another process.
  堆栈跟踪:
  
----- Inner Stack Trace #1 (System.IO.IOException) -----
   at SonnetDB.Wal.DirectoryFsync.FlushWindowsRequired(String directory) in D:\source\SonnetDB\src\SonnetDB.Core\Wal\DirectoryFsync.cs:line 139
   at SonnetDB.Wal.DirectoryFsync.FlushRequired(String directory) in D:\source\SonnetDB\src\SonnetDB.Core\Wal\DirectoryFsync.cs:line 60
   at SonnetDB.Kv.KvKeyspace.OpenWithLifecycleLease(String name, String rootDirectory, KvOptions options, FileStream lifecycleLease, KvDiskReadBudget diskReadBudget, Boolean ownsDiskReadBudget) in D:\source\SonnetDB\src\SonnetDB.Core\Kv\KvKeyspace.cs:line 567
   at SonnetDB.Kv.KvKeyspace.Open(String name, String rootDirectory, KvOptions options, KvDiskReadBudget diskReadBudget) in D:\source\SonnetDB\src\SonnetDB.Core\Kv\KvKeyspace.cs:line 419
   at SonnetDB.Documents.Vector.DocumentVectorIndexStore.Open(String directory, DocumentVectorIndex definition, KvOptions kvOptions) in D:\source\SonnetDB\src\SonnetDB.Core\Documents\Vector\DocumentVectorIndexStore.cs:line 73
   at SonnetDB.Documents.DocumentCollectionManager.<>c__DisplayClass40_0.<OpenStoreLocked>b__1(DocumentVectorIndex index) in D:\source\SonnetDB\src\SonnetDB.Core\Documents\DocumentCollectionManager.cs:line 760
   at SonnetDB.Documents.DocumentCollectionStore.OpenVectorStoreLocked(DocumentVectorIndex index, Boolean rebuildIfMissing) in D:\source\SonnetDB\src\SonnetDB.Core\Documents\DocumentCollectionStore.cs:line 2461
   at SonnetDB.Documents.DocumentCollectionStore.ReconcileVectorStoresLocked(DocumentCollectionSchema previousSchema, Boolean rebuildAll) in D:\source\SonnetDB\src\SonnetDB.Core\Documents\DocumentCollectionStore.cs:line 2430
   at SonnetDB.Documents.DocumentCollectionStore..ctor(DocumentCollectionSchema schema, KvKeyspace keyspace, Func`2 fullTextIndexFactory, Func`2 vectorIndexFactory) in D:\source\SonnetDB\src\SonnetDB.Core\Documents\DocumentCollectionStore.cs:line 45
   at SonnetDB.Documents.DocumentCollectionManager.OpenStoreLocked(DocumentCollectionSchema schema) in D:\source\SonnetDB\src\SonnetDB.Core\Documents\DocumentCollectionManager.cs:line 756
   at SonnetDB.Documents.DocumentCollectionManager.Create(DocumentCollectionSchema schema) in D:\source\SonnetDB\src\SonnetDB.Core\Documents\DocumentCollectionManager.cs:line 83
   at SonnetDB.SemanticContent.RagIngestionWriter.ExecuteAsync(RagIngestionWriterCheckpoint checkpoint, DatabaseGenerationQueryLease active, RagIngestionWriterCheckpoint previous, Func`3 embedAsync, CancellationToken token) in D:\source\SonnetDB\src\SonnetDB.Core\SemanticContent\RagIngestionWriter.cs:line 223
   at SonnetDB.SemanticContent.RagIngestionWriter.WriteAsync(RagIngestionSnapshot snapshot, Func`3 embedAsync, CancellationToken cancellationToken) in D:\source\SonnetDB\src\SonnetDB.Core\SemanticContent\RagIngestionWriter.cs:line 134
   at SonnetDB.Core.Tests.Ado.SonnetDBVectorLifecycleTests.PublishAsync(SndbConnection connection, EmbeddingProfile profile) in D:\source\SonnetDB\tests\SonnetDB.Core.Tests\Ado\SonnetDBVectorLifecycleTests.cs:line 300
   at SonnetDB.Core.Tests.Ado.SonnetDBVectorLifecycleTests.PreflightRagAsync_CatalogDriftsFromPersistentProfile_RejectsContract(Int32 dimensions, KnnMetric metric) in D:\source\SonnetDB\tests\SonnetDB.Core.Tests\Ado\SonnetDBVectorLifecycleTests.cs:line 155
   at SonnetDB.Core.Tests.Ado.SonnetDBVectorLifecycleTests.PreflightRagAsync_CatalogDriftsFromPersistentProfile_RejectsContract(Int32 dimensions, KnnMetric metric) in D:\source\SonnetDB\tests\SonnetDB.Core.Tests\Ado\SonnetDBVectorLifecycleTests.cs:line 165
--- End of stack trace from previous location ---
----- Inner Stack Trace #2 (System.IO.IOException) -----
   at System.IO.FileSystem.RemoveDirectoryRecursive(String fullPath, WIN32_FIND_DATA& findData, Boolean topLevel)
   at System.IO.Directory.Delete(String path, Boolean recursive)
   at SonnetDB.Core.Tests.Ado.SonnetDBVectorLifecycleTests.Dispose() in D:\source\SonnetDB\tests\SonnetDB.Core.Tests\Ado\SonnetDBVectorLifecycleTests.cs:line 309
  失败 SonnetDB.Core.Tests.Ado.SonnetDBVectorLifecycleTests.PreflightRagAsync_SameIdDifferentContract_RejectsProfile(field: "null_egress") [70 ms]
  错误消息:
   System.AggregateException : One or more errors occurred. (Failed to open directory 'C:\Users\mysti\AppData\Local\Temp\sonnetdb-parallel-third-4eff92966347481daaf27153e9fadd95\scratch\sndb-vector-lifecycle-1fee62acde6a44c2ae21cfd38181b80d\documents\vector\7261675f6362386466323034366638383463323661616537663439646631633431633635\7261675f766563746f72\wal' for durable metadata publication: 系统找不到指定的路径。) (The process cannot access the file 'keyspace.lock' because it is being used by another process.)
---- System.IO.IOException : Failed to open directory 'C:\Users\mysti\AppData\Local\Temp\sonnetdb-parallel-third-4eff92966347481daaf27153e9fadd95\scratch\sndb-vector-lifecycle-1fee62acde6a44c2ae21cfd38181b80d\documents\vector\7261675f6362386466323034366638383463323661616537663439646631633431633635\7261675f766563746f72\wal' for durable metadata publication: 系统找不到指定的路径。
---- System.IO.IOException : The process cannot access the file 'keyspace.lock' because it is being used by another process.
  堆栈跟踪:
  
----- Inner Stack Trace #1 (System.IO.IOException) -----
   at SonnetDB.Wal.DirectoryFsync.FlushWindowsRequired(String directory) in D:\source\SonnetDB\src\SonnetDB.Core\Wal\DirectoryFsync.cs:line 139
   at SonnetDB.Wal.DirectoryFsync.FlushRequired(String directory) in D:\source\SonnetDB\src\SonnetDB.Core\Wal\DirectoryFsync.cs:line 60
   at SonnetDB.Kv.KvKeyspace.OpenWithLifecycleLease(String name, String rootDirectory, KvOptions options, FileStream lifecycleLease, KvDiskReadBudget diskReadBudget, Boolean ownsDiskReadBudget) in D:\source\SonnetDB\src\SonnetDB.Core\Kv\KvKeyspace.cs:line 567
   at SonnetDB.Kv.KvKeyspace.Open(String name, String rootDirectory, KvOptions options, KvDiskReadBudget diskReadBudget) in D:\source\SonnetDB\src\SonnetDB.Core\Kv\KvKeyspace.cs:line 419
   at SonnetDB.Documents.Vector.DocumentVectorIndexStore.Open(String directory, DocumentVectorIndex definition, KvOptions kvOptions) in D:\source\SonnetDB\src\SonnetDB.Core\Documents\Vector\DocumentVectorIndexStore.cs:line 73
   at SonnetDB.Documents.DocumentCollectionManager.<>c__DisplayClass40_0.<OpenStoreLocked>b__1(DocumentVectorIndex index) in D:\source\SonnetDB\src\SonnetDB.Core\Documents\DocumentCollectionManager.cs:line 760
   at SonnetDB.Documents.DocumentCollectionStore.OpenVectorStoreLocked(DocumentVectorIndex index, Boolean rebuildIfMissing) in D:\source\SonnetDB\src\SonnetDB.Core\Documents\DocumentCollectionStore.cs:line 2461
   at SonnetDB.Documents.DocumentCollectionStore.ReconcileVectorStoresLocked(DocumentCollectionSchema previousSchema, Boolean rebuildAll) in D:\source\SonnetDB\src\SonnetDB.Core\Documents\DocumentCollectionStore.cs:line 2430
   at SonnetDB.Documents.DocumentCollectionStore..ctor(DocumentCollectionSchema schema, KvKeyspace keyspace, Func`2 fullTextIndexFactory, Func`2 vectorIndexFactory) in D:\source\SonnetDB\src\SonnetDB.Core\Documents\DocumentCollectionStore.cs:line 45
   at SonnetDB.Documents.DocumentCollectionManager.OpenStoreLocked(DocumentCollectionSchema schema) in D:\source\SonnetDB\src\SonnetDB.Core\Documents\DocumentCollectionManager.cs:line 756
   at SonnetDB.Documents.DocumentCollectionManager.Create(DocumentCollectionSchema schema) in D:\source\SonnetDB\src\SonnetDB.Core\Documents\DocumentCollectionManager.cs:line 83
   at SonnetDB.SemanticContent.RagIngestionWriter.ExecuteAsync(RagIngestionWriterCheckpoint checkpoint, DatabaseGenerationQueryLease active, RagIngestionWriterCheckpoint previous, Func`3 embedAsync, CancellationToken token) in D:\source\SonnetDB\src\SonnetDB.Core\SemanticContent\RagIngestionWriter.cs:line 223
   at SonnetDB.SemanticContent.RagIngestionWriter.WriteAsync(RagIngestionSnapshot snapshot, Func`3 embedAsync, CancellationToken cancellationToken) in D:\source\SonnetDB\src\SonnetDB.Core\SemanticContent\RagIngestionWriter.cs:line 134
   at SonnetDB.Core.Tests.Ado.SonnetDBVectorLifecycleTests.PublishAsync(SndbConnection connection, EmbeddingProfile profile) in D:\source\SonnetDB\tests\SonnetDB.Core.Tests\Ado\SonnetDBVectorLifecycleTests.cs:line 300
   at SonnetDB.Core.Tests.Ado.SonnetDBVectorLifecycleTests.PreflightRagAsync_SameIdDifferentContract_RejectsProfile(String field) in D:\source\SonnetDB\tests\SonnetDB.Core.Tests\Ado\SonnetDBVectorLifecycleTests.cs:line 84
   at SonnetDB.Core.Tests.Ado.SonnetDBVectorLifecycleTests.PreflightRagAsync_SameIdDifferentContract_RejectsProfile(String field) in D:\source\SonnetDB\tests\SonnetDB.Core.Tests\Ado\SonnetDBVectorLifecycleTests.cs:line 102
--- End of stack trace from previous location ---
----- Inner Stack Trace #2 (System.IO.IOException) -----
   at System.IO.FileSystem.RemoveDirectoryRecursive(String fullPath, WIN32_FIND_DATA& findData, Boolean topLevel)
   at System.IO.Directory.Delete(String path, Boolean recursive)
   at SonnetDB.Core.Tests.Ado.SonnetDBVectorLifecycleTests.Dispose() in D:\source\SonnetDB\tests\SonnetDB.Core.Tests\Ado\SonnetDBVectorLifecycleTests.cs:line 309
  失败 SonnetDB.Core.Tests.Ado.SonnetDBVectorLifecycleTests.PreflightRagAsync_SameIdDifferentContract_RejectsProfile(field: "egress") [65 ms]
  错误消息:
   System.AggregateException : One or more errors occurred. (Failed to open directory 'C:\Users\mysti\AppData\Local\Temp\sonnetdb-parallel-third-4eff92966347481daaf27153e9fadd95\scratch\sndb-vector-lifecycle-b15e641670f7411f94c843363be10f27\documents\vector\7261675f6134383931376534643534633431326438313730323731643037636633376266\7261675f766563746f72\wal' for durable metadata publication: 系统找不到指定的路径。) (The process cannot access the file 'keyspace.lock' because it is being used by another process.)
---- System.IO.IOException : Failed to open directory 'C:\Users\mysti\AppData\Local\Temp\sonnetdb-parallel-third-4eff92966347481daaf27153e9fadd95\scratch\sndb-vector-lifecycle-b15e641670f7411f94c843363be10f27\documents\vector\7261675f6134383931376534643534633431326438313730323731643037636633376266\7261675f766563746f72\wal' for durable metadata publication: 系统找不到指定的路径。
---- System.IO.IOException : The process cannot access the file 'keyspace.lock' because it is being used by another process.
  堆栈跟踪:
  
----- Inner Stack Trace #1 (System.IO.IOException) -----
   at SonnetDB.Wal.DirectoryFsync.FlushWindowsRequired(String directory) in D:\source\SonnetDB\src\SonnetDB.Core\Wal\DirectoryFsync.cs:line 139
   at SonnetDB.Wal.DirectoryFsync.FlushRequired(String directory) in D:\source\SonnetDB\src\SonnetDB.Core\Wal\DirectoryFsync.cs:line 60
   at SonnetDB.Kv.KvKeyspace.OpenWithLifecycleLease(String name, String rootDirectory, KvOptions options, FileStream lifecycleLease, KvDiskReadBudget diskReadBudget, Boolean ownsDiskReadBudget) in D:\source\SonnetDB\src\SonnetDB.Core\Kv\KvKeyspace.cs:line 567
   at SonnetDB.Kv.KvKeyspace.Open(String name, String rootDirectory, KvOptions options, KvDiskReadBudget diskReadBudget) in D:\source\SonnetDB\src\SonnetDB.Core\Kv\KvKeyspace.cs:line 419
   at SonnetDB.Documents.Vector.DocumentVectorIndexStore.Open(String directory, DocumentVectorIndex definition, KvOptions kvOptions) in D:\source\SonnetDB\src\SonnetDB.Core\Documents\Vector\DocumentVectorIndexStore.cs:line 73
   at SonnetDB.Documents.DocumentCollectionManager.<>c__DisplayClass40_0.<OpenStoreLocked>b__1(DocumentVectorIndex index) in D:\source\SonnetDB\src\SonnetDB.Core\Documents\DocumentCollectionManager.cs:line 760
   at SonnetDB.Documents.DocumentCollectionStore.OpenVectorStoreLocked(DocumentVectorIndex index, Boolean rebuildIfMissing) in D:\source\SonnetDB\src\SonnetDB.Core\Documents\DocumentCollectionStore.cs:line 2461
   at SonnetDB.Documents.DocumentCollectionStore.ReconcileVectorStoresLocked(DocumentCollectionSchema previousSchema, Boolean rebuildAll) in D:\source\SonnetDB\src\SonnetDB.Core\Documents\DocumentCollectionStore.cs:line 2430
   at SonnetDB.Documents.DocumentCollectionStore..ctor(DocumentCollectionSchema schema, KvKeyspace keyspace, Func`2 fullTextIndexFactory, Func`2 vectorIndexFactory) in D:\source\SonnetDB\src\SonnetDB.Core\Documents\DocumentCollectionStore.cs:line 45
   at SonnetDB.Documents.DocumentCollectionManager.OpenStoreLocked(DocumentCollectionSchema schema) in D:\source\SonnetDB\src\SonnetDB.Core\Documents\DocumentCollectionManager.cs:line 756
   at SonnetDB.Documents.DocumentCollectionManager.Create(DocumentCollectionSchema schema) in D:\source\SonnetDB\src\SonnetDB.Core\Documents\DocumentCollectionManager.cs:line 83
   at SonnetDB.SemanticContent.RagIngestionWriter.ExecuteAsync(RagIngestionWriterCheckpoint checkpoint, DatabaseGenerationQueryLease active, RagIngestionWriterCheckpoint previous, Func`3 embedAsync, CancellationToken token) in D:\source\SonnetDB\src\SonnetDB.Core\SemanticContent\RagIngestionWriter.cs:line 223
   at SonnetDB.SemanticContent.RagIngestionWriter.WriteAsync(RagIngestionSnapshot snapshot, Func`3 embedAsync, CancellationToken cancellationToken) in D:\source\SonnetDB\src\SonnetDB.Core\SemanticContent\RagIngestionWriter.cs:line 134
   at SonnetDB.Core.Tests.Ado.SonnetDBVectorLifecycleTests.PublishAsync(SndbConnection connection, EmbeddingProfile profile) in D:\source\SonnetDB\tests\SonnetDB.Core.Tests\Ado\SonnetDBVectorLifecycleTests.cs:line 300
   at SonnetDB.Core.Tests.Ado.SonnetDBVectorLifecycleTests.PreflightRagAsync_SameIdDifferentContract_RejectsProfile(String field) in D:\source\SonnetDB\tests\SonnetDB.Core.Tests\Ado\SonnetDBVectorLifecycleTests.cs:line 84
   at SonnetDB.Core.Tests.Ado.SonnetDBVectorLifecycleTests.PreflightRagAsync_SameIdDifferentContract_RejectsProfile(String field) in D:\source\SonnetDB\tests\SonnetDB.Core.Tests\Ado\SonnetDBVectorLifecycleTests.cs:line 102
--- End of stack trace from previous location ---
----- Inner Stack Trace #2 (System.IO.IOException) -----
   at System.IO.FileSystem.RemoveDirectoryRecursive(String fullPath, WIN32_FIND_DATA& findData, Boolean topLevel)
   at System.IO.Directory.Delete(String path, Boolean recursive)
   at SonnetDB.Core.Tests.Ado.SonnetDBVectorLifecycleTests.Dispose() in D:\source\SonnetDB\tests\SonnetDB.Core.Tests\Ado\SonnetDBVectorLifecycleTests.cs:line 309
  失败 SonnetDB.Core.Tests.Ado.SonnetDBVectorLifecycleTests.PreflightRagAsync_SameIdDifferentContract_RejectsProfile(field: "revision") [70 ms]
  错误消息:
   System.AggregateException : One or more errors occurred. (Failed to open directory 'C:\Users\mysti\AppData\Local\Temp\sonnetdb-parallel-third-4eff92966347481daaf27153e9fadd95\scratch\sndb-vector-lifecycle-ea38b708f2904760818b7a24b4db22a8\documents\vector\7261675f6534363638643633653765653464633462373433663562643332306131343866\7261675f766563746f72\wal' for durable metadata publication: 系统找不到指定的路径。) (The process cannot access the file 'keyspace.lock' because it is being used by another process.)
---- System.IO.IOException : Failed to open directory 'C:\Users\mysti\AppData\Local\Temp\sonnetdb-parallel-third-4eff92966347481daaf27153e9fadd95\scratch\sndb-vector-lifecycle-ea38b708f2904760818b7a24b4db22a8\documents\vector\7261675f6534363638643633653765653464633462373433663562643332306131343866\7261675f766563746f72\wal' for durable metadata publication: 系统找不到指定的路径。
---- System.IO.IOException : The process cannot access the file 'keyspace.lock' because it is being used by another process.
  堆栈跟踪:
  
----- Inner Stack Trace #1 (System.IO.IOException) -----
   at SonnetDB.Wal.DirectoryFsync.FlushWindowsRequired(String directory) in D:\source\SonnetDB\src\SonnetDB.Core\Wal\DirectoryFsync.cs:line 139
   at SonnetDB.Wal.DirectoryFsync.FlushRequired(String directory) in D:\source\SonnetDB\src\SonnetDB.Core\Wal\DirectoryFsync.cs:line 60
   at SonnetDB.Kv.KvKeyspace.OpenWithLifecycleLease(String name, String rootDirectory, KvOptions options, FileStream lifecycleLease, KvDiskReadBudget diskReadBudget, Boolean ownsDiskReadBudget) in D:\source\SonnetDB\src\SonnetDB.Core\Kv\KvKeyspace.cs:line 567
   at SonnetDB.Kv.KvKeyspace.Open(String name, String rootDirectory, KvOptions options, KvDiskReadBudget diskReadBudget) in D:\source\SonnetDB\src\SonnetDB.Core\Kv\KvKeyspace.cs:line 419
   at SonnetDB.Documents.Vector.DocumentVectorIndexStore.Open(String directory, DocumentVectorIndex definition, KvOptions kvOptions) in D:\source\SonnetDB\src\SonnetDB.Core\Documents\Vector\DocumentVectorIndexStore.cs:line 73
   at SonnetDB.Documents.DocumentCollectionManager.<>c__DisplayClass40_0.<OpenStoreLocked>b__1(DocumentVectorIndex index) in D:\source\SonnetDB\src\SonnetDB.Core\Documents\DocumentCollectionManager.cs:line 760
   at SonnetDB.Documents.DocumentCollectionStore.OpenVectorStoreLocked(DocumentVectorIndex index, Boolean rebuildIfMissing) in D:\source\SonnetDB\src\SonnetDB.Core\Documents\DocumentCollectionStore.cs:line 2461
   at SonnetDB.Documents.DocumentCollectionStore.ReconcileVectorStoresLocked(DocumentCollectionSchema previousSchema, Boolean rebuildAll) in D:\source\SonnetDB\src\SonnetDB.Core\Documents\DocumentCollectionStore.cs:line 2430
   at SonnetDB.Documents.DocumentCollectionStore..ctor(DocumentCollectionSchema schema, KvKeyspace keyspace, Func`2 fullTextIndexFactory, Func`2 vectorIndexFactory) in D:\source\SonnetDB\src\SonnetDB.Core\Documents\DocumentCollectionStore.cs:line 45
   at SonnetDB.Documents.DocumentCollectionManager.OpenStoreLocked(DocumentCollectionSchema schema) in D:\source\SonnetDB\src\SonnetDB.Core\Documents\DocumentCollectionManager.cs:line 756
   at SonnetDB.Documents.DocumentCollectionManager.Create(DocumentCollectionSchema schema) in D:\source\SonnetDB\src\SonnetDB.Core\Documents\DocumentCollectionManager.cs:line 83
   at SonnetDB.SemanticContent.RagIngestionWriter.ExecuteAsync(RagIngestionWriterCheckpoint checkpoint, DatabaseGenerationQueryLease active, RagIngestionWriterCheckpoint previous, Func`3 embedAsync, CancellationToken token) in D:\source\SonnetDB\src\SonnetDB.Core\SemanticContent\RagIngestionWriter.cs:line 223
   at SonnetDB.SemanticContent.RagIngestionWriter.WriteAsync(RagIngestionSnapshot snapshot, Func`3 embedAsync, CancellationToken cancellationToken) in D:\source\SonnetDB\src\SonnetDB.Core\SemanticContent\RagIngestionWriter.cs:line 134
   at SonnetDB.Core.Tests.Ado.SonnetDBVectorLifecycleTests.PublishAsync(SndbConnection connection, EmbeddingProfile profile) in D:\source\SonnetDB\tests\SonnetDB.Core.Tests\Ado\SonnetDBVectorLifecycleTests.cs:line 300
   at SonnetDB.Core.Tests.Ado.SonnetDBVectorLifecycleTests.PreflightRagAsync_SameIdDifferentContract_RejectsProfile(String field) in D:\source\SonnetDB\tests\SonnetDB.Core.Tests\Ado\SonnetDBVectorLifecycleTests.cs:line 84
   at SonnetDB.Core.Tests.Ado.SonnetDBVectorLifecycleTests.PreflightRagAsync_SameIdDifferentContract_RejectsProfile(String field) in D:\source\SonnetDB\tests\SonnetDB.Core.Tests\Ado\SonnetDBVectorLifecycleTests.cs:line 102
--- End of stack trace from previous location ---
----- Inner Stack Trace #2 (System.IO.IOException) -----
   at System.IO.FileSystem.RemoveDirectoryRecursive(String fullPath, WIN32_FIND_DATA& findData, Boolean topLevel)
   at System.IO.Directory.Delete(String path, Boolean recursive)
   at SonnetDB.Core.Tests.Ado.SonnetDBVectorLifecycleTests.Dispose() in D:\source\SonnetDB\tests\SonnetDB.Core.Tests\Ado\SonnetDBVectorLifecycleTests.cs:line 309
  失败 SonnetDB.Core.Tests.Ado.SonnetDBVectorLifecycleTests.PreflightRagAsync_SameIdDifferentContract_RejectsProfile(field: "normalization") [67 ms]
  错误消息:
   System.AggregateException : One or more errors occurred. (Failed to open directory 'C:\Users\mysti\AppData\Local\Temp\sonnetdb-parallel-third-4eff92966347481daaf27153e9fadd95\scratch\sndb-vector-lifecycle-0fef13d720bb456ab09589fe9633e226\documents\vector\7261675f3234376434656564376537303435326538336265663538633036646464313466\7261675f766563746f72\wal' for durable metadata publication: 系统找不到指定的路径。) (The process cannot access the file 'keyspace.lock' because it is being used by another process.)
---- System.IO.IOException : Failed to open directory 'C:\Users\mysti\AppData\Local\Temp\sonnetdb-parallel-third-4eff92966347481daaf27153e9fadd95\scratch\sndb-vector-lifecycle-0fef13d720bb456ab09589fe9633e226\documents\vector\7261675f3234376434656564376537303435326538336265663538633036646464313466\7261675f766563746f72\wal' for durable metadata publication: 系统找不到指定的路径。
---- System.IO.IOException : The process cannot access the file 'keyspace.lock' because it is being used by another process.
  堆栈跟踪:
  
----- Inner Stack Trace #1 (System.IO.IOException) -----
   at SonnetDB.Wal.DirectoryFsync.FlushWindowsRequired(String directory) in D:\source\SonnetDB\src\SonnetDB.Core\Wal\DirectoryFsync.cs:line 139
   at SonnetDB.Wal.DirectoryFsync.FlushRequired(String directory) in D:\source\SonnetDB\src\SonnetDB.Core\Wal\DirectoryFsync.cs:line 60
   at SonnetDB.Kv.KvKeyspace.OpenWithLifecycleLease(String name, String rootDirectory, KvOptions options, FileStream lifecycleLease, KvDiskReadBudget diskReadBudget, Boolean ownsDiskReadBudget) in D:\source\SonnetDB\src\SonnetDB.Core\Kv\KvKeyspace.cs:line 567
   at SonnetDB.Kv.KvKeyspace.Open(String name, String rootDirectory, KvOptions options, KvDiskReadBudget diskReadBudget) in D:\source\SonnetDB\src\SonnetDB.Core\Kv\KvKeyspace.cs:line 419
   at SonnetDB.Documents.Vector.DocumentVectorIndexStore.Open(String directory, DocumentVectorIndex definition, KvOptions kvOptions) in D:\source\SonnetDB\src\SonnetDB.Core\Documents\Vector\DocumentVectorIndexStore.cs:line 73
   at SonnetDB.Documents.DocumentCollectionManager.<>c__DisplayClass40_0.<OpenStoreLocked>b__1(DocumentVectorIndex index) in D:\source\SonnetDB\src\SonnetDB.Core\Documents\DocumentCollectionManager.cs:line 760
   at SonnetDB.Documents.DocumentCollectionStore.OpenVectorStoreLocked(DocumentVectorIndex index, Boolean rebuildIfMissing) in D:\source\SonnetDB\src\SonnetDB.Core\Documents\DocumentCollectionStore.cs:line 2461
   at SonnetDB.Documents.DocumentCollectionStore.ReconcileVectorStoresLocked(DocumentCollectionSchema previousSchema, Boolean rebuildAll) in D:\source\SonnetDB\src\SonnetDB.Core\Documents\DocumentCollectionStore.cs:line 2430
   at SonnetDB.Documents.DocumentCollectionStore..ctor(DocumentCollectionSchema schema, KvKeyspace keyspace, Func`2 fullTextIndexFactory, Func`2 vectorIndexFactory) in D:\source\SonnetDB\src\SonnetDB.Core\Documents\DocumentCollectionStore.cs:line 45
   at SonnetDB.Documents.DocumentCollectionManager.OpenStoreLocked(DocumentCollectionSchema schema) in D:\source\SonnetDB\src\SonnetDB.Core\Documents\DocumentCollectionManager.cs:line 756
   at SonnetDB.Documents.DocumentCollectionManager.Create(DocumentCollectionSchema schema) in D:\source\SonnetDB\src\SonnetDB.Core\Documents\DocumentCollectionManager.cs:line 83
   at SonnetDB.SemanticContent.RagIngestionWriter.ExecuteAsync(RagIngestionWriterCheckpoint checkpoint, DatabaseGenerationQueryLease active, RagIngestionWriterCheckpoint previous, Func`3 embedAsync, CancellationToken token) in D:\source\SonnetDB\src\SonnetDB.Core\SemanticContent\RagIngestionWriter.cs:line 223
   at SonnetDB.SemanticContent.RagIngestionWriter.WriteAsync(RagIngestionSnapshot snapshot, Func`3 embedAsync, CancellationToken cancellationToken) in D:\source\SonnetDB\src\SonnetDB.Core\SemanticContent\RagIngestionWriter.cs:line 134
   at SonnetDB.Core.Tests.Ado.SonnetDBVectorLifecycleTests.PublishAsync(SndbConnection connection, EmbeddingProfile profile) in D:\source\SonnetDB\tests\SonnetDB.Core.Tests\Ado\SonnetDBVectorLifecycleTests.cs:line 300
   at SonnetDB.Core.Tests.Ado.SonnetDBVectorLifecycleTests.PreflightRagAsync_SameIdDifferentContract_RejectsProfile(String field) in D:\source\SonnetDB\tests\SonnetDB.Core.Tests\Ado\SonnetDBVectorLifecycleTests.cs:line 84
   at SonnetDB.Core.Tests.Ado.SonnetDBVectorLifecycleTests.PreflightRagAsync_SameIdDifferentContract_RejectsProfile(String field) in D:\source\SonnetDB\tests\SonnetDB.Core.Tests\Ado\SonnetDBVectorLifecycleTests.cs:line 102
--- End of stack trace from previous location ---
----- Inner Stack Trace #2 (System.IO.IOException) -----
   at System.IO.FileSystem.RemoveDirectoryRecursive(String fullPath, WIN32_FIND_DATA& findData, Boolean topLevel)
   at System.IO.Directory.Delete(String path, Boolean recursive)
   at SonnetDB.Core.Tests.Ado.SonnetDBVectorLifecycleTests.Dispose() in D:\source\SonnetDB\tests\SonnetDB.Core.Tests\Ado\SonnetDBVectorLifecycleTests.cs:line 309
  失败 SonnetDB.Core.Tests.Ado.SonnetDBVectorLifecycleTests.PreflightRagAsync_SameIdDifferentContract_RejectsProfile(field: "provider") [66 ms]
  错误消息:
   System.AggregateException : One or more errors occurred. (Failed to open directory 'C:\Users\mysti\AppData\Local\Temp\sonnetdb-parallel-third-4eff92966347481daaf27153e9fadd95\scratch\sndb-vector-lifecycle-f08603092727468ebf829ca3762fda65\documents\vector\7261675f6265313766343263336430323431356162346635653932323730333232666163\7261675f766563746f72\wal' for durable metadata publication: 系统找不到指定的路径。) (The process cannot access the file 'keyspace.lock' because it is being used by another process.)
---- System.IO.IOException : Failed to open directory 'C:\Users\mysti\AppData\Local\Temp\sonnetdb-parallel-third-4eff92966347481daaf27153e9fadd95\scratch\sndb-vector-lifecycle-f08603092727468ebf829ca3762fda65\documents\vector\7261675f6265313766343263336430323431356162346635653932323730333232666163\7261675f766563746f72\wal' for durable metadata publication: 系统找不到指定的路径。
---- System.IO.IOException : The process cannot access the file 'keyspace.lock' because it is being used by another process.
  堆栈跟踪:
  
----- Inner Stack Trace #1 (System.IO.IOException) -----
   at SonnetDB.Wal.DirectoryFsync.FlushWindowsRequired(String directory) in D:\source\SonnetDB\src\SonnetDB.Core\Wal\DirectoryFsync.cs:line 139
   at SonnetDB.Wal.DirectoryFsync.FlushRequired(String directory) in D:\source\SonnetDB\src\SonnetDB.Core\Wal\DirectoryFsync.cs:line 60
   at SonnetDB.Kv.KvKeyspace.OpenWithLifecycleLease(String name, String rootDirectory, KvOptions options, FileStream lifecycleLease, KvDiskReadBudget diskReadBudget, Boolean ownsDiskReadBudget) in D:\source\SonnetDB\src\SonnetDB.Core\Kv\KvKeyspace.cs:line 567
   at SonnetDB.Kv.KvKeyspace.Open(String name, String rootDirectory, KvOptions options, KvDiskReadBudget diskReadBudget) in D:\source\SonnetDB\src\SonnetDB.Core\Kv\KvKeyspace.cs:line 419
   at SonnetDB.Documents.Vector.DocumentVectorIndexStore.Open(String directory, DocumentVectorIndex definition, KvOptions kvOptions) in D:\source\SonnetDB\src\SonnetDB.Core\Documents\Vector\DocumentVectorIndexStore.cs:line 73
   at SonnetDB.Documents.DocumentCollectionManager.<>c__DisplayClass40_0.<OpenStoreLocked>b__1(DocumentVectorIndex index) in D:\source\SonnetDB\src\SonnetDB.Core\Documents\DocumentCollectionManager.cs:line 760
   at SonnetDB.Documents.DocumentCollectionStore.OpenVectorStoreLocked(DocumentVectorIndex index, Boolean rebuildIfMissing) in D:\source\SonnetDB\src\SonnetDB.Core\Documents\DocumentCollectionStore.cs:line 2461
   at SonnetDB.Documents.DocumentCollectionStore.ReconcileVectorStoresLocked(DocumentCollectionSchema previousSchema, Boolean rebuildAll) in D:\source\SonnetDB\src\SonnetDB.Core\Documents\DocumentCollectionStore.cs:line 2430
   at SonnetDB.Documents.DocumentCollectionStore..ctor(DocumentCollectionSchema schema, KvKeyspace keyspace, Func`2 fullTextIndexFactory, Func`2 vectorIndexFactory) in D:\source\SonnetDB\src\SonnetDB.Core\Documents\DocumentCollectionStore.cs:line 45
   at SonnetDB.Documents.DocumentCollectionManager.OpenStoreLocked(DocumentCollectionSchema schema) in D:\source\SonnetDB\src\SonnetDB.Core\Documents\DocumentCollectionManager.cs:line 756
   at SonnetDB.Documents.DocumentCollectionManager.Create(DocumentCollectionSchema schema) in D:\source\SonnetDB\src\SonnetDB.Core\Documents\DocumentCollectionManager.cs:line 83
   at SonnetDB.SemanticContent.RagIngestionWriter.ExecuteAsync(RagIngestionWriterCheckpoint checkpoint, DatabaseGenerationQueryLease active, RagIngestionWriterCheckpoint previous, Func`3 embedAsync, CancellationToken token) in D:\source\SonnetDB\src\SonnetDB.Core\SemanticContent\RagIngestionWriter.cs:line 223
   at SonnetDB.SemanticContent.RagIngestionWriter.WriteAsync(RagIngestionSnapshot snapshot, Func`3 embedAsync, CancellationToken cancellationToken) in D:\source\SonnetDB\src\SonnetDB.Core\SemanticContent\RagIngestionWriter.cs:line 134
   at SonnetDB.Core.Tests.Ado.SonnetDBVectorLifecycleTests.PublishAsync(SndbConnection connection, EmbeddingProfile profile) in D:\source\SonnetDB\tests\SonnetDB.Core.Tests\Ado\SonnetDBVectorLifecycleTests.cs:line 300
   at SonnetDB.Core.Tests.Ado.SonnetDBVectorLifecycleTests.PreflightRagAsync_SameIdDifferentContract_RejectsProfile(String field) in D:\source\SonnetDB\tests\SonnetDB.Core.Tests\Ado\SonnetDBVectorLifecycleTests.cs:line 84
   at SonnetDB.Core.Tests.Ado.SonnetDBVectorLifecycleTests.PreflightRagAsync_SameIdDifferentContract_RejectsProfile(String field) in D:\source\SonnetDB\tests\SonnetDB.Core.Tests\Ado\SonnetDBVectorLifecycleTests.cs:line 102
--- End of stack trace from previous location ---
----- Inner Stack Trace #2 (System.IO.IOException) -----
   at System.IO.FileSystem.RemoveDirectoryRecursive(String fullPath, WIN32_FIND_DATA& findData, Boolean topLevel)
   at System.IO.Directory.Delete(String path, Boolean recursive)
   at SonnetDB.Core.Tests.Ado.SonnetDBVectorLifecycleTests.Dispose() in D:\source\SonnetDB\tests\SonnetDB.Core.Tests\Ado\SonnetDBVectorLifecycleTests.cs:line 309
  失败 SonnetDB.Core.Tests.Ado.SonnetDBVectorLifecycleTests.PreflightRagAsync_SameIdDifferentContract_RejectsProfile(field: "modalities") [67 ms]
  错误消息:
   System.AggregateException : One or more errors occurred. (Failed to open directory 'C:\Users\mysti\AppData\Local\Temp\sonnetdb-parallel-third-4eff92966347481daaf27153e9fadd95\scratch\sndb-vector-lifecycle-c93941a619c247319f5790449da41a93\documents\vector\7261675f3934636236663063613666623462633361386635353134383939346461643439\7261675f766563746f72\wal' for durable metadata publication: 系统找不到指定的路径。) (The process cannot access the file 'keyspace.lock' because it is being used by another process.)
---- System.IO.IOException : Failed to open directory 'C:\Users\mysti\AppData\Local\Temp\sonnetdb-parallel-third-4eff92966347481daaf27153e9fadd95\scratch\sndb-vector-lifecycle-c93941a619c247319f5790449da41a93\documents\vector\7261675f3934636236663063613666623462633361386635353134383939346461643439\7261675f766563746f72\wal' for durable metadata publication: 系统找不到指定的路径。
---- System.IO.IOException : The process cannot access the file 'keyspace.lock' because it is being used by another process.
  堆栈跟踪:
  
----- Inner Stack Trace #1 (System.IO.IOException) -----
   at SonnetDB.Wal.DirectoryFsync.FlushWindowsRequired(String directory) in D:\source\SonnetDB\src\SonnetDB.Core\Wal\DirectoryFsync.cs:line 139
   at SonnetDB.Wal.DirectoryFsync.FlushRequired(String directory) in D:\source\SonnetDB\src\SonnetDB.Core\Wal\DirectoryFsync.cs:line 60
   at SonnetDB.Kv.KvKeyspace.OpenWithLifecycleLease(String name, String rootDirectory, KvOptions options, FileStream lifecycleLease, KvDiskReadBudget diskReadBudget, Boolean ownsDiskReadBudget) in D:\source\SonnetDB\src\SonnetDB.Core\Kv\KvKeyspace.cs:line 567
   at SonnetDB.Kv.KvKeyspace.Open(String name, String rootDirectory, KvOptions options, KvDiskReadBudget diskReadBudget) in D:\source\SonnetDB\src\SonnetDB.Core\Kv\KvKeyspace.cs:line 419
   at SonnetDB.Documents.Vector.DocumentVectorIndexStore.Open(String directory, DocumentVectorIndex definition, KvOptions kvOptions) in D:\source\SonnetDB\src\SonnetDB.Core\Documents\Vector\DocumentVectorIndexStore.cs:line 73
   at SonnetDB.Documents.DocumentCollectionManager.<>c__DisplayClass40_0.<OpenStoreLocked>b__1(DocumentVectorIndex index) in D:\source\SonnetDB\src\SonnetDB.Core\Documents\DocumentCollectionManager.cs:line 760
   at SonnetDB.Documents.DocumentCollectionStore.OpenVectorStoreLocked(DocumentVectorIndex index, Boolean rebuildIfMissing) in D:\source\SonnetDB\src\SonnetDB.Core\Documents\DocumentCollectionStore.cs:line 2461
   at SonnetDB.Documents.DocumentCollectionStore.ReconcileVectorStoresLocked(DocumentCollectionSchema previousSchema, Boolean rebuildAll) in D:\source\SonnetDB\src\SonnetDB.Core\Documents\DocumentCollectionStore.cs:line 2430
   at SonnetDB.Documents.DocumentCollectionStore..ctor(DocumentCollectionSchema schema, KvKeyspace keyspace, Func`2 fullTextIndexFactory, Func`2 vectorIndexFactory) in D:\source\SonnetDB\src\SonnetDB.Core\Documents\DocumentCollectionStore.cs:line 45
   at SonnetDB.Documents.DocumentCollectionManager.OpenStoreLocked(DocumentCollectionSchema schema) in D:\source\SonnetDB\src\SonnetDB.Core\Documents\DocumentCollectionManager.cs:line 756
   at SonnetDB.Documents.DocumentCollectionManager.Create(DocumentCollectionSchema schema) in D:\source\SonnetDB\src\SonnetDB.Core\Documents\DocumentCollectionManager.cs:line 83
   at SonnetDB.SemanticContent.RagIngestionWriter.ExecuteAsync(RagIngestionWriterCheckpoint checkpoint, DatabaseGenerationQueryLease active, RagIngestionWriterCheckpoint previous, Func`3 embedAsync, CancellationToken token) in D:\source\SonnetDB\src\SonnetDB.Core\SemanticContent\RagIngestionWriter.cs:line 223
   at SonnetDB.SemanticContent.RagIngestionWriter.WriteAsync(RagIngestionSnapshot snapshot, Func`3 embedAsync, CancellationToken cancellationToken) in D:\source\SonnetDB\src\SonnetDB.Core\SemanticContent\RagIngestionWriter.cs:line 134
   at SonnetDB.Core.Tests.Ado.SonnetDBVectorLifecycleTests.PublishAsync(SndbConnection connection, EmbeddingProfile profile) in D:\source\SonnetDB\tests\SonnetDB.Core.Tests\Ado\SonnetDBVectorLifecycleTests.cs:line 300
   at SonnetDB.Core.Tests.Ado.SonnetDBVectorLifecycleTests.PreflightRagAsync_SameIdDifferentContract_RejectsProfile(String field) in D:\source\SonnetDB\tests\SonnetDB.Core.Tests\Ado\SonnetDBVectorLifecycleTests.cs:line 84
   at SonnetDB.Core.Tests.Ado.SonnetDBVectorLifecycleTests.PreflightRagAsync_SameIdDifferentContract_RejectsProfile(String field) in D:\source\SonnetDB\tests\SonnetDB.Core.Tests\Ado\SonnetDBVectorLifecycleTests.cs:line 102
--- End of stack trace from previous location ---
----- Inner Stack Trace #2 (System.IO.IOException) -----
   at System.IO.FileSystem.RemoveDirectoryRecursive(String fullPath, WIN32_FIND_DATA& findData, Boolean topLevel)
   at System.IO.Directory.Delete(String path, Boolean recursive)
   at SonnetDB.Core.Tests.Ado.SonnetDBVectorLifecycleTests.Dispose() in D:\source\SonnetDB\tests\SonnetDB.Core.Tests\Ado\SonnetDBVectorLifecycleTests.cs:line 309
  失败 SonnetDB.Core.Tests.Ado.SonnetDBVectorLifecycleTests.PreflightRagAsync_SameIdDifferentContract_RejectsProfile(field: "null_modalities") [69 ms]
  错误消息:
   System.AggregateException : One or more errors occurred. (Failed to open directory 'C:\Users\mysti\AppData\Local\Temp\sonnetdb-parallel-third-4eff92966347481daaf27153e9fadd95\scratch\sndb-vector-lifecycle-4121704d577449dabfa1392cf0ed6fb8\documents\vector\7261675f6437386161333235346432643466396261636336663166636335346634383363\7261675f766563746f72\wal' for durable metadata publication: 系统找不到指定的路径。) (The process cannot access the file 'keyspace.lock' because it is being used by another process.)
---- System.IO.IOException : Failed to open directory 'C:\Users\mysti\AppData\Local\Temp\sonnetdb-parallel-third-4eff92966347481daaf27153e9fadd95\scratch\sndb-vector-lifecycle-4121704d577449dabfa1392cf0ed6fb8\documents\vector\7261675f6437386161333235346432643466396261636336663166636335346634383363\7261675f766563746f72\wal' for durable metadata publication: 系统找不到指定的路径。
---- System.IO.IOException : The process cannot access the file 'keyspace.lock' because it is being used by another process.
  堆栈跟踪:
  
----- Inner Stack Trace #1 (System.IO.IOException) -----
   at SonnetDB.Wal.DirectoryFsync.FlushWindowsRequired(String directory) in D:\source\SonnetDB\src\SonnetDB.Core\Wal\DirectoryFsync.cs:line 139
   at SonnetDB.Wal.DirectoryFsync.FlushRequired(String directory) in D:\source\SonnetDB\src\SonnetDB.Core\Wal\DirectoryFsync.cs:line 60
   at SonnetDB.Kv.KvKeyspace.OpenWithLifecycleLease(String name, String rootDirectory, KvOptions options, FileStream lifecycleLease, KvDiskReadBudget diskReadBudget, Boolean ownsDiskReadBudget) in D:\source\SonnetDB\src\SonnetDB.Core\Kv\KvKeyspace.cs:line 567
   at SonnetDB.Kv.KvKeyspace.Open(String name, String rootDirectory, KvOptions options, KvDiskReadBudget diskReadBudget) in D:\source\SonnetDB\src\SonnetDB.Core\Kv\KvKeyspace.cs:line 419
   at SonnetDB.Documents.Vector.DocumentVectorIndexStore.Open(String directory, DocumentVectorIndex definition, KvOptions kvOptions) in D:\source\SonnetDB\src\SonnetDB.Core\Documents\Vector\DocumentVectorIndexStore.cs:line 73
   at SonnetDB.Documents.DocumentCollectionManager.<>c__DisplayClass40_0.<OpenStoreLocked>b__1(DocumentVectorIndex index) in D:\source\SonnetDB\src\SonnetDB.Core\Documents\DocumentCollectionManager.cs:line 760
   at SonnetDB.Documents.DocumentCollectionStore.OpenVectorStoreLocked(DocumentVectorIndex index, Boolean rebuildIfMissing) in D:\source\SonnetDB\src\SonnetDB.Core\Documents\DocumentCollectionStore.cs:line 2461
   at SonnetDB.Documents.DocumentCollectionStore.ReconcileVectorStoresLocked(DocumentCollectionSchema previousSchema, Boolean rebuildAll) in D:\source\SonnetDB\src\SonnetDB.Core\Documents\DocumentCollectionStore.cs:line 2430
   at SonnetDB.Documents.DocumentCollectionStore..ctor(DocumentCollectionSchema schema, KvKeyspace keyspace, Func`2 fullTextIndexFactory, Func`2 vectorIndexFactory) in D:\source\SonnetDB\src\SonnetDB.Core\Documents\DocumentCollectionStore.cs:line 45
   at SonnetDB.Documents.DocumentCollectionManager.OpenStoreLocked(DocumentCollectionSchema schema) in D:\source\SonnetDB\src\SonnetDB.Core\Documents\DocumentCollectionManager.cs:line 756
   at SonnetDB.Documents.DocumentCollectionManager.Create(DocumentCollectionSchema schema) in D:\source\SonnetDB\src\SonnetDB.Core\Documents\DocumentCollectionManager.cs:line 83
   at SonnetDB.SemanticContent.RagIngestionWriter.ExecuteAsync(RagIngestionWriterCheckpoint checkpoint, DatabaseGenerationQueryLease active, RagIngestionWriterCheckpoint previous, Func`3 embedAsync, CancellationToken token) in D:\source\SonnetDB\src\SonnetDB.Core\SemanticContent\RagIngestionWriter.cs:line 223
   at SonnetDB.SemanticContent.RagIngestionWriter.WriteAsync(RagIngestionSnapshot snapshot, Func`3 embedAsync, CancellationToken cancellationToken) in D:\source\SonnetDB\src\SonnetDB.Core\SemanticContent\RagIngestionWriter.cs:line 134
   at SonnetDB.Core.Tests.Ado.SonnetDBVectorLifecycleTests.PublishAsync(SndbConnection connection, EmbeddingProfile profile) in D:\source\SonnetDB\tests\SonnetDB.Core.Tests\Ado\SonnetDBVectorLifecycleTests.cs:line 300
   at SonnetDB.Core.Tests.Ado.SonnetDBVectorLifecycleTests.PreflightRagAsync_SameIdDifferentContract_RejectsProfile(String field) in D:\source\SonnetDB\tests\SonnetDB.Core.Tests\Ado\SonnetDBVectorLifecycleTests.cs:line 84
   at SonnetDB.Core.Tests.Ado.SonnetDBVectorLifecycleTests.PreflightRagAsync_SameIdDifferentContract_RejectsProfile(String field) in D:\source\SonnetDB\tests\SonnetDB.Core.Tests\Ado\SonnetDBVectorLifecycleTests.cs:line 102
--- End of stack trace from previous location ---
----- Inner Stack Trace #2 (System.IO.IOException) -----
   at System.IO.FileSystem.RemoveDirectoryRecursive(String fullPath, WIN32_FIND_DATA& findData, Boolean topLevel)
   at System.IO.Directory.Delete(String path, Boolean recursive)
   at SonnetDB.Core.Tests.Ado.SonnetDBVectorLifecycleTests.Dispose() in D:\source\SonnetDB\tests\SonnetDB.Core.Tests\Ado\SonnetDBVectorLifecycleTests.cs:line 309
  失败 SonnetDB.Core.Tests.Ado.SonnetDBVectorLifecycleTests.PreflightRagAsync_SameIdDifferentContract_RejectsProfile(field: "model") [67 ms]
  错误消息:
   System.AggregateException : One or more errors occurred. (Failed to open directory 'C:\Users\mysti\AppData\Local\Temp\sonnetdb-parallel-third-4eff92966347481daaf27153e9fadd95\scratch\sndb-vector-lifecycle-ecf132e9a43541c1839735ce8dce7323\documents\vector\7261675f6662653235633465393130653434613838303136636133613632663739383365\7261675f766563746f72\wal' for durable metadata publication: 系统找不到指定的路径。) (The process cannot access the file 'keyspace.lock' because it is being used by another process.)
---- System.IO.IOException : Failed to open directory 'C:\Users\mysti\AppData\Local\Temp\sonnetdb-parallel-third-4eff92966347481daaf27153e9fadd95\scratch\sndb-vector-lifecycle-ecf132e9a43541c1839735ce8dce7323\documents\vector\7261675f6662653235633465393130653434613838303136636133613632663739383365\7261675f766563746f72\wal' for durable metadata publication: 系统找不到指定的路径。
---- System.IO.IOException : The process cannot access the file 'keyspace.lock' because it is being used by another process.
  堆栈跟踪:
  
----- Inner Stack Trace #1 (System.IO.IOException) -----
   at SonnetDB.Wal.DirectoryFsync.FlushWindowsRequired(String directory) in D:\source\SonnetDB\src\SonnetDB.Core\Wal\DirectoryFsync.cs:line 139
   at SonnetDB.Wal.DirectoryFsync.FlushRequired(String directory) in D:\source\SonnetDB\src\SonnetDB.Core\Wal\DirectoryFsync.cs:line 60
   at SonnetDB.Kv.KvKeyspace.OpenWithLifecycleLease(String name, String rootDirectory, KvOptions options, FileStream lifecycleLease, KvDiskReadBudget diskReadBudget, Boolean ownsDiskReadBudget) in D:\source\SonnetDB\src\SonnetDB.Core\Kv\KvKeyspace.cs:line 567
   at SonnetDB.Kv.KvKeyspace.Open(String name, String rootDirectory, KvOptions options, KvDiskReadBudget diskReadBudget) in D:\source\SonnetDB\src\SonnetDB.Core\Kv\KvKeyspace.cs:line 419
   at SonnetDB.Documents.Vector.DocumentVectorIndexStore.Open(String directory, DocumentVectorIndex definition, KvOptions kvOptions) in D:\source\SonnetDB\src\SonnetDB.Core\Documents\Vector\DocumentVectorIndexStore.cs:line 73
   at SonnetDB.Documents.DocumentCollectionManager.<>c__DisplayClass40_0.<OpenStoreLocked>b__1(DocumentVectorIndex index) in D:\source\SonnetDB\src\SonnetDB.Core\Documents\DocumentCollectionManager.cs:line 760
   at SonnetDB.Documents.DocumentCollectionStore.OpenVectorStoreLocked(DocumentVectorIndex index, Boolean rebuildIfMissing) in D:\source\SonnetDB\src\SonnetDB.Core\Documents\DocumentCollectionStore.cs:line 2461
   at SonnetDB.Documents.DocumentCollectionStore.ReconcileVectorStoresLocked(DocumentCollectionSchema previousSchema, Boolean rebuildAll) in D:\source\SonnetDB\src\SonnetDB.Core\Documents\DocumentCollectionStore.cs:line 2430
   at SonnetDB.Documents.DocumentCollectionStore..ctor(DocumentCollectionSchema schema, KvKeyspace keyspace, Func`2 fullTextIndexFactory, Func`2 vectorIndexFactory) in D:\source\SonnetDB\src\SonnetDB.Core\Documents\DocumentCollectionStore.cs:line 45
   at SonnetDB.Documents.DocumentCollectionManager.OpenStoreLocked(DocumentCollectionSchema schema) in D:\source\SonnetDB\src\SonnetDB.Core\Documents\DocumentCollectionManager.cs:line 756
   at SonnetDB.Documents.DocumentCollectionManager.Create(DocumentCollectionSchema schema) in D:\source\SonnetDB\src\SonnetDB.Core\Documents\DocumentCollectionManager.cs:line 83
   at SonnetDB.SemanticContent.RagIngestionWriter.ExecuteAsync(RagIngestionWriterCheckpoint checkpoint, DatabaseGenerationQueryLease active, RagIngestionWriterCheckpoint previous, Func`3 embedAsync, CancellationToken token) in D:\source\SonnetDB\src\SonnetDB.Core\SemanticContent\RagIngestionWriter.cs:line 223
   at SonnetDB.SemanticContent.RagIngestionWriter.WriteAsync(RagIngestionSnapshot snapshot, Func`3 embedAsync, CancellationToken cancellationToken) in D:\source\SonnetDB\src\SonnetDB.Core\SemanticContent\RagIngestionWriter.cs:line 134
   at SonnetDB.Core.Tests.Ado.SonnetDBVectorLifecycleTests.PublishAsync(SndbConnection connection, EmbeddingProfile profile) in D:\source\SonnetDB\tests\SonnetDB.Core.Tests\Ado\SonnetDBVectorLifecycleTests.cs:line 300
   at SonnetDB.Core.Tests.Ado.SonnetDBVectorLifecycleTests.PreflightRagAsync_SameIdDifferentContract_RejectsProfile(String field) in D:\source\SonnetDB\tests\SonnetDB.Core.Tests\Ado\SonnetDBVectorLifecycleTests.cs:line 84
   at SonnetDB.Core.Tests.Ado.SonnetDBVectorLifecycleTests.PreflightRagAsync_SameIdDifferentContract_RejectsProfile(String field) in D:\source\SonnetDB\tests\SonnetDB.Core.Tests\Ado\SonnetDBVectorLifecycleTests.cs:line 102
--- End of stack trace from previous location ---
----- Inner Stack Trace #2 (System.IO.IOException) -----
   at System.IO.FileSystem.RemoveDirectoryRecursive(String fullPath, WIN32_FIND_DATA& findData, Boolean topLevel)
   at System.IO.Directory.Delete(String path, Boolean recursive)
   at SonnetDB.Core.Tests.Ado.SonnetDBVectorLifecycleTests.Dispose() in D:\source\SonnetDB\tests\SonnetDB.Core.Tests\Ado\SonnetDBVectorLifecycleTests.cs:line 309
  失败 SonnetDB.Core.Tests.Ado.SonnetDBVectorLifecycleTests.EnsureMatchingGeneration_StatusFromRetiredGeneration_RejectsMixedSnapshot [64 ms]
  错误消息:
   System.AggregateException : One or more errors occurred. (Failed to open directory 'C:\Users\mysti\AppData\Local\Temp\sonnetdb-parallel-third-4eff92966347481daaf27153e9fadd95\scratch\sndb-vector-lifecycle-b9fa6b9f8c6a47e2b016e967057eff59\documents\vector\7261675f6438626138376665653134383461333139353335326664373339356534623063\7261675f766563746f72\wal' for durable metadata publication: 系统找不到指定的路径。) (The process cannot access the file 'keyspace.lock' because it is being used by another process.)
---- System.IO.IOException : Failed to open directory 'C:\Users\mysti\AppData\Local\Temp\sonnetdb-parallel-third-4eff92966347481daaf27153e9fadd95\scratch\sndb-vector-lifecycle-b9fa6b9f8c6a47e2b016e967057eff59\documents\vector\7261675f6438626138376665653134383461333139353335326664373339356534623063\7261675f766563746f72\wal' for durable metadata publication: 系统找不到指定的路径。
---- System.IO.IOException : The process cannot access the file 'keyspace.lock' because it is being used by another process.
  堆栈跟踪:
  
----- Inner Stack Trace #1 (System.IO.IOException) -----
   at SonnetDB.Wal.DirectoryFsync.FlushWindowsRequired(String directory) in D:\source\SonnetDB\src\SonnetDB.Core\Wal\DirectoryFsync.cs:line 139
   at SonnetDB.Wal.DirectoryFsync.FlushRequired(String directory) in D:\source\SonnetDB\src\SonnetDB.Core\Wal\DirectoryFsync.cs:line 60
   at SonnetDB.Kv.KvKeyspace.OpenWithLifecycleLease(String name, String rootDirectory, KvOptions options, FileStream lifecycleLease, KvDiskReadBudget diskReadBudget, Boolean ownsDiskReadBudget) in D:\source\SonnetDB\src\SonnetDB.Core\Kv\KvKeyspace.cs:line 567
   at SonnetDB.Kv.KvKeyspace.Open(String name, String rootDirectory, KvOptions options, KvDiskReadBudget diskReadBudget) in D:\source\SonnetDB\src\SonnetDB.Core\Kv\KvKeyspace.cs:line 419
   at SonnetDB.Documents.Vector.DocumentVectorIndexStore.Open(String directory, DocumentVectorIndex definition, KvOptions kvOptions) in D:\source\SonnetDB\src\SonnetDB.Core\Documents\Vector\DocumentVectorIndexStore.cs:line 73
   at SonnetDB.Documents.DocumentCollectionManager.<>c__DisplayClass40_0.<OpenStoreLocked>b__1(DocumentVectorIndex index) in D:\source\SonnetDB\src\SonnetDB.Core\Documents\DocumentCollectionManager.cs:line 760
   at SonnetDB.Documents.DocumentCollectionStore.OpenVectorStoreLocked(DocumentVectorIndex index, Boolean rebuildIfMissing) in D:\source\SonnetDB\src\SonnetDB.Core\Documents\DocumentCollectionStore.cs:line 2461
   at SonnetDB.Documents.DocumentCollectionStore.ReconcileVectorStoresLocked(DocumentCollectionSchema previousSchema, Boolean rebuildAll) in D:\source\SonnetDB\src\SonnetDB.Core\Documents\DocumentCollectionStore.cs:line 2430
   at SonnetDB.Documents.DocumentCollectionStore..ctor(DocumentCollectionSchema schema, KvKeyspace keyspace, Func`2 fullTextIndexFactory, Func`2 vectorIndexFactory) in D:\source\SonnetDB\src\SonnetDB.Core\Documents\DocumentCollectionStore.cs:line 45
   at SonnetDB.Documents.DocumentCollectionManager.OpenStoreLocked(DocumentCollectionSchema schema) in D:\source\SonnetDB\src\SonnetDB.Core\Documents\DocumentCollectionManager.cs:line 756
   at SonnetDB.Documents.DocumentCollectionManager.Create(DocumentCollectionSchema schema) in D:\source\SonnetDB\src\SonnetDB.Core\Documents\DocumentCollectionManager.cs:line 83
   at SonnetDB.SemanticContent.RagIngestionWriter.ExecuteAsync(RagIngestionWriterCheckpoint checkpoint, DatabaseGenerationQueryLease active, RagIngestionWriterCheckpoint previous, Func`3 embedAsync, CancellationToken token) in D:\source\SonnetDB\src\SonnetDB.Core\SemanticContent\RagIngestionWriter.cs:line 223
   at SonnetDB.SemanticContent.RagIngestionWriter.WriteAsync(RagIngestionSnapshot snapshot, Func`3 embedAsync, CancellationToken cancellationToken) in D:\source\SonnetDB\src\SonnetDB.Core\SemanticContent\RagIngestionWriter.cs:line 134
   at SonnetDB.Core.Tests.Ado.SonnetDBVectorLifecycleTests.PublishAsync(SndbConnection connection, EmbeddingProfile profile) in D:\source\SonnetDB\tests\SonnetDB.Core.Tests\Ado\SonnetDBVectorLifecycleTests.cs:line 300
   at SonnetDB.Core.Tests.Ado.SonnetDBVectorLifecycleTests.EnsureMatchingGeneration_StatusFromRetiredGeneration_RejectsMixedSnapshot() in D:\source\SonnetDB\tests\SonnetDB.Core.Tests\Ado\SonnetDBVectorLifecycleTests.cs:line 172
   at SonnetDB.Core.Tests.Ado.SonnetDBVectorLifecycleTests.EnsureMatchingGeneration_StatusFromRetiredGeneration_RejectsMixedSnapshot() in D:\source\SonnetDB\tests\SonnetDB.Core.Tests\Ado\SonnetDBVectorLifecycleTests.cs:line 182
--- End of stack trace from previous location ---
----- Inner Stack Trace #2 (System.IO.IOException) -----
   at System.IO.FileSystem.RemoveDirectoryRecursive(String fullPath, WIN32_FIND_DATA& findData, Boolean topLevel)
   at System.IO.Directory.Delete(String path, Boolean recursive)
   at SonnetDB.Core.Tests.Ado.SonnetDBVectorLifecycleTests.Dispose() in D:\source\SonnetDB\tests\SonnetDB.Core.Tests\Ado\SonnetDBVectorLifecycleTests.cs:line 309
  失败 SonnetDB.Core.Tests.Ado.SonnetDBVectorLifecycleTests.PreflightRagAsync_PublishedProfile_UsesPersistentGeneration [54 ms]
  错误消息:
   System.AggregateException : One or more errors occurred. (Failed to open directory 'C:\Users\mysti\AppData\Local\Temp\sonnetdb-parallel-third-4eff92966347481daaf27153e9fadd95\scratch\sndb-vector-lifecycle-47354e01c8fe442db02f80cd80ece184\documents\vector\7261675f6434353631663132666330353438353138306238383533313138636465353230\7261675f766563746f72\wal' for durable metadata publication: 系统找不到指定的路径。) (The process cannot access the file 'keyspace.lock' because it is being used by another process.)
---- System.IO.IOException : Failed to open directory 'C:\Users\mysti\AppData\Local\Temp\sonnetdb-parallel-third-4eff92966347481daaf27153e9fadd95\scratch\sndb-vector-lifecycle-47354e01c8fe442db02f80cd80ece184\documents\vector\7261675f6434353631663132666330353438353138306238383533313138636465353230\7261675f766563746f72\wal' for durable metadata publication: 系统找不到指定的路径。
---- System.IO.IOException : The process cannot access the file 'keyspace.lock' because it is being used by another process.
  堆栈跟踪:
  
----- Inner Stack Trace #1 (System.IO.IOException) -----
   at SonnetDB.Wal.DirectoryFsync.FlushWindowsRequired(String directory) in D:\source\SonnetDB\src\SonnetDB.Core\Wal\DirectoryFsync.cs:line 139
   at SonnetDB.Wal.DirectoryFsync.FlushRequired(String directory) in D:\source\SonnetDB\src\SonnetDB.Core\Wal\DirectoryFsync.cs:line 60
   at SonnetDB.Kv.KvKeyspace.OpenWithLifecycleLease(String name, String rootDirectory, KvOptions options, FileStream lifecycleLease, KvDiskReadBudget diskReadBudget, Boolean ownsDiskReadBudget) in D:\source\SonnetDB\src\SonnetDB.Core\Kv\KvKeyspace.cs:line 567
   at SonnetDB.Kv.KvKeyspace.Open(String name, String rootDirectory, KvOptions options, KvDiskReadBudget diskReadBudget) in D:\source\SonnetDB\src\SonnetDB.Core\Kv\KvKeyspace.cs:line 419
   at SonnetDB.Documents.Vector.DocumentVectorIndexStore.Open(String directory, DocumentVectorIndex definition, KvOptions kvOptions) in D:\source\SonnetDB\src\SonnetDB.Core\Documents\Vector\DocumentVectorIndexStore.cs:line 73
   at SonnetDB.Documents.DocumentCollectionManager.<>c__DisplayClass40_0.<OpenStoreLocked>b__1(DocumentVectorIndex index) in D:\source\SonnetDB\src\SonnetDB.Core\Documents\DocumentCollectionManager.cs:line 760
   at SonnetDB.Documents.DocumentCollectionStore.OpenVectorStoreLocked(DocumentVectorIndex index, Boolean rebuildIfMissing) in D:\source\SonnetDB\src\SonnetDB.Core\Documents\DocumentCollectionStore.cs:line 2461
   at SonnetDB.Documents.DocumentCollectionStore.ReconcileVectorStoresLocked(DocumentCollectionSchema previousSchema, Boolean rebuildAll) in D:\source\SonnetDB\src\SonnetDB.Core\Documents\DocumentCollectionStore.cs:line 2430
   at SonnetDB.Documents.DocumentCollectionStore..ctor(DocumentCollectionSchema schema, KvKeyspace keyspace, Func`2 fullTextIndexFactory, Func`2 vectorIndexFactory) in D:\source\SonnetDB\src\SonnetDB.Core\Documents\DocumentCollectionStore.cs:line 45
   at SonnetDB.Documents.DocumentCollectionManager.OpenStoreLocked(DocumentCollectionSchema schema) in D:\source\SonnetDB\src\SonnetDB.Core\Documents\DocumentCollectionManager.cs:line 756
   at SonnetDB.Documents.DocumentCollectionManager.Create(DocumentCollectionSchema schema) in D:\source\SonnetDB\src\SonnetDB.Core\Documents\DocumentCollectionManager.cs:line 83
   at SonnetDB.SemanticContent.RagIngestionWriter.ExecuteAsync(RagIngestionWriterCheckpoint checkpoint, DatabaseGenerationQueryLease active, RagIngestionWriterCheckpoint previous, Func`3 embedAsync, CancellationToken token) in D:\source\SonnetDB\src\SonnetDB.Core\SemanticContent\RagIngestionWriter.cs:line 223
   at SonnetDB.SemanticContent.RagIngestionWriter.WriteAsync(RagIngestionSnapshot snapshot, Func`3 embedAsync, CancellationToken cancellationToken) in D:\source\SonnetDB\src\SonnetDB.Core\SemanticContent\RagIngestionWriter.cs:line 134
   at SonnetDB.Core.Tests.Ado.SonnetDBVectorLifecycleTests.PublishAsync(SndbConnection connection, EmbeddingProfile profile) in D:\source\SonnetDB\tests\SonnetDB.Core.Tests\Ado\SonnetDBVectorLifecycleTests.cs:line 300
   at SonnetDB.Core.Tests.Ado.SonnetDBVectorLifecycleTests.PreflightRagAsync_PublishedProfile_UsesPersistentGeneration() in D:\source\SonnetDB\tests\SonnetDB.Core.Tests\Ado\SonnetDBVectorLifecycleTests.cs:line 53
   at SonnetDB.Core.Tests.Ado.SonnetDBVectorLifecycleTests.PreflightRagAsync_PublishedProfile_UsesPersistentGeneration() in D:\source\SonnetDB\tests\SonnetDB.Core.Tests\Ado\SonnetDBVectorLifecycleTests.cs:line 53
--- End of stack trace from previous location ---
----- Inner Stack Trace #2 (System.IO.IOException) -----
   at System.IO.FileSystem.RemoveDirectoryRecursive(String fullPath, WIN32_FIND_DATA& findData, Boolean topLevel)
   at System.IO.Directory.Delete(String path, Boolean recursive)
   at SonnetDB.Core.Tests.Ado.SonnetDBVectorLifecycleTests.Dispose() in D:\source\SonnetDB\tests\SonnetDB.Core.Tests\Ado\SonnetDBVectorLifecycleTests.cs:line 309
  失败 SonnetDB.Core.Tests.Ado.SonnetDBVectorLifecycleTests.PreflightRagAsync_NormalizationAndCosineZero_MatchesSearchConstraints [65 ms]
  错误消息:
   System.AggregateException : One or more errors occurred. (Failed to open directory 'C:\Users\mysti\AppData\Local\Temp\sonnetdb-parallel-third-4eff92966347481daaf27153e9fadd95\scratch\sndb-vector-lifecycle-3dbf8467f2d44bea83ea22c7dfb28724\documents\vector\7261675f3465653332336663323136363437343462633063656234623766346663383361\7261675f766563746f72\wal' for durable metadata publication: 系统找不到指定的路径。) (The process cannot access the file 'keyspace.lock' because it is being used by another process.)
---- System.IO.IOException : Failed to open directory 'C:\Users\mysti\AppData\Local\Temp\sonnetdb-parallel-third-4eff92966347481daaf27153e9fadd95\scratch\sndb-vector-lifecycle-3dbf8467f2d44bea83ea22c7dfb28724\documents\vector\7261675f3465653332336663323136363437343462633063656234623766346663383361\7261675f766563746f72\wal' for durable metadata publication: 系统找不到指定的路径。
---- System.IO.IOException : The process cannot access the file 'keyspace.lock' because it is being used by another process.
  堆栈跟踪:
  
----- Inner Stack Trace #1 (System.IO.IOException) -----
   at SonnetDB.Wal.DirectoryFsync.FlushWindowsRequired(String directory) in D:\source\SonnetDB\src\SonnetDB.Core\Wal\DirectoryFsync.cs:line 139
   at SonnetDB.Wal.DirectoryFsync.FlushRequired(String directory) in D:\source\SonnetDB\src\SonnetDB.Core\Wal\DirectoryFsync.cs:line 60
   at SonnetDB.Kv.KvKeyspace.OpenWithLifecycleLease(String name, String rootDirectory, KvOptions options, FileStream lifecycleLease, KvDiskReadBudget diskReadBudget, Boolean ownsDiskReadBudget) in D:\source\SonnetDB\src\SonnetDB.Core\Kv\KvKeyspace.cs:line 567
   at SonnetDB.Kv.KvKeyspace.Open(String name, String rootDirectory, KvOptions options, KvDiskReadBudget diskReadBudget) in D:\source\SonnetDB\src\SonnetDB.Core\Kv\KvKeyspace.cs:line 419
   at SonnetDB.Documents.Vector.DocumentVectorIndexStore.Open(String directory, DocumentVectorIndex definition, KvOptions kvOptions) in D:\source\SonnetDB\src\SonnetDB.Core\Documents\Vector\DocumentVectorIndexStore.cs:line 73
   at SonnetDB.Documents.DocumentCollectionManager.<>c__DisplayClass40_0.<OpenStoreLocked>b__1(DocumentVectorIndex index) in D:\source\SonnetDB\src\SonnetDB.Core\Documents\DocumentCollectionManager.cs:line 760
   at SonnetDB.Documents.DocumentCollectionStore.OpenVectorStoreLocked(DocumentVectorIndex index, Boolean rebuildIfMissing) in D:\source\SonnetDB\src\SonnetDB.Core\Documents\DocumentCollectionStore.cs:line 2461
   at SonnetDB.Documents.DocumentCollectionStore.ReconcileVectorStoresLocked(DocumentCollectionSchema previousSchema, Boolean rebuildAll) in D:\source\SonnetDB\src\SonnetDB.Core\Documents\DocumentCollectionStore.cs:line 2430
   at SonnetDB.Documents.DocumentCollectionStore..ctor(DocumentCollectionSchema schema, KvKeyspace keyspace, Func`2 fullTextIndexFactory, Func`2 vectorIndexFactory) in D:\source\SonnetDB\src\SonnetDB.Core\Documents\DocumentCollectionStore.cs:line 45
   at SonnetDB.Documents.DocumentCollectionManager.OpenStoreLocked(DocumentCollectionSchema schema) in D:\source\SonnetDB\src\SonnetDB.Core\Documents\DocumentCollectionManager.cs:line 756
   at SonnetDB.Documents.DocumentCollectionManager.Create(DocumentCollectionSchema schema) in D:\source\SonnetDB\src\SonnetDB.Core\Documents\DocumentCollectionManager.cs:line 83
   at SonnetDB.SemanticContent.RagIngestionWriter.ExecuteAsync(RagIngestionWriterCheckpoint checkpoint, DatabaseGenerationQueryLease active, RagIngestionWriterCheckpoint previous, Func`3 embedAsync, CancellationToken token) in D:\source\SonnetDB\src\SonnetDB.Core\SemanticContent\RagIngestionWriter.cs:line 223
   at SonnetDB.SemanticContent.RagIngestionWriter.WriteAsync(RagIngestionSnapshot snapshot, Func`3 embedAsync, CancellationToken cancellationToken) in D:\source\SonnetDB\src\SonnetDB.Core\SemanticContent\RagIngestionWriter.cs:line 134
   at SonnetDB.Core.Tests.Ado.SonnetDBVectorLifecycleTests.PublishAsync(SndbConnection connection, EmbeddingProfile profile) in D:\source\SonnetDB\tests\SonnetDB.Core.Tests\Ado\SonnetDBVectorLifecycleTests.cs:line 300
   at SonnetDB.Core.Tests.Ado.SonnetDBVectorLifecycleTests.PreflightRagAsync_NormalizationAndCosineZero_MatchesSearchConstraints() in D:\source\SonnetDB\tests\SonnetDB.Core.Tests\Ado\SonnetDBVectorLifecycleTests.cs:line 135
   at SonnetDB.Core.Tests.Ado.SonnetDBVectorLifecycleTests.PreflightRagAsync_NormalizationAndCosineZero_MatchesSearchConstraints() in D:\source\SonnetDB\tests\SonnetDB.Core.Tests\Ado\SonnetDBVectorLifecycleTests.cs:line 146
--- End of stack trace from previous location ---
----- Inner Stack Trace #2 (System.IO.IOException) -----
   at System.IO.FileSystem.RemoveDirectoryRecursive(String fullPath, WIN32_FIND_DATA& findData, Boolean topLevel)
   at System.IO.Directory.Delete(String path, Boolean recursive)
   at SonnetDB.Core.Tests.Ado.SonnetDBVectorLifecycleTests.Dispose() in D:\source\SonnetDB\tests\SonnetDB.Core.Tests\Ado\SonnetDBVectorLifecycleTests.cs:line 309
  失败 SonnetDB.Core.Tests.SemanticContent.RagIngestionWriterTests.ResumeAsync_MissingPersistedCollectionField_RejectsWithoutPublishingDeletion(field: "chunks") [60 ms]
  错误消息:
   System.AggregateException : One or more errors occurred. (Failed to open directory 'C:\Users\mysti\AppData\Local\Temp\sonnetdb-parallel-third-4eff92966347481daaf27153e9fadd95\scratch\sonnetdb-rag-writer-c359c4c601294d17b450bdfe42aafa3d\documents\vector\7261675f3330333863333037343236663436653739303931633334633134613866323832\7261675f766563746f72\wal' for durable metadata publication: 系统找不到指定的路径。) (The process cannot access the file 'keyspace.lock' because it is being used by another process.)
---- System.IO.IOException : Failed to open directory 'C:\Users\mysti\AppData\Local\Temp\sonnetdb-parallel-third-4eff92966347481daaf27153e9fadd95\scratch\sonnetdb-rag-writer-c359c4c601294d17b450bdfe42aafa3d\documents\vector\7261675f3330333863333037343236663436653739303931633334633134613866323832\7261675f766563746f72\wal' for durable metadata publication: 系统找不到指定的路径。
---- System.IO.IOException : The process cannot access the file 'keyspace.lock' because it is being used by another process.
  堆栈跟踪:
  
----- Inner Stack Trace #1 (System.IO.IOException) -----
   at SonnetDB.Wal.DirectoryFsync.FlushWindowsRequired(String directory) in D:\source\SonnetDB\src\SonnetDB.Core\Wal\DirectoryFsync.cs:line 139
   at SonnetDB.Wal.DirectoryFsync.FlushRequired(String directory) in D:\source\SonnetDB\src\SonnetDB.Core\Wal\DirectoryFsync.cs:line 60
   at SonnetDB.Kv.KvKeyspace.OpenWithLifecycleLease(String name, String rootDirectory, KvOptions options, FileStream lifecycleLease, KvDiskReadBudget diskReadBudget, Boolean ownsDiskReadBudget) in D:\source\SonnetDB\src\SonnetDB.Core\Kv\KvKeyspace.cs:line 567
   at SonnetDB.Kv.KvKeyspace.Open(String name, String rootDirectory, KvOptions options, KvDiskReadBudget diskReadBudget) in D:\source\SonnetDB\src\SonnetDB.Core\Kv\KvKeyspace.cs:line 419
   at SonnetDB.Documents.Vector.DocumentVectorIndexStore.Open(String directory, DocumentVectorIndex definition, KvOptions kvOptions) in D:\source\SonnetDB\src\SonnetDB.Core\Documents\Vector\DocumentVectorIndexStore.cs:line 73
   at SonnetDB.Documents.DocumentCollectionManager.<>c__DisplayClass40_0.<OpenStoreLocked>b__1(DocumentVectorIndex index) in D:\source\SonnetDB\src\SonnetDB.Core\Documents\DocumentCollectionManager.cs:line 760
   at SonnetDB.Documents.DocumentCollectionStore.OpenVectorStoreLocked(DocumentVectorIndex index, Boolean rebuildIfMissing) in D:\source\SonnetDB\src\SonnetDB.Core\Documents\DocumentCollectionStore.cs:line 2461
   at SonnetDB.Documents.DocumentCollectionStore.ReconcileVectorStoresLocked(DocumentCollectionSchema previousSchema, Boolean rebuildAll) in D:\source\SonnetDB\src\SonnetDB.Core\Documents\DocumentCollectionStore.cs:line 2430
   at SonnetDB.Documents.DocumentCollectionStore..ctor(DocumentCollectionSchema schema, KvKeyspace keyspace, Func`2 fullTextIndexFactory, Func`2 vectorIndexFactory) in D:\source\SonnetDB\src\SonnetDB.Core\Documents\DocumentCollectionStore.cs:line 45
   at SonnetDB.Documents.DocumentCollectionManager.OpenStoreLocked(DocumentCollectionSchema schema) in D:\source\SonnetDB\src\SonnetDB.Core\Documents\DocumentCollectionManager.cs:line 756
   at SonnetDB.Documents.DocumentCollectionManager.Create(DocumentCollectionSchema schema) in D:\source\SonnetDB\src\SonnetDB.Core\Documents\DocumentCollectionManager.cs:line 83
   at SonnetDB.SemanticContent.RagIngestionWriter.ExecuteAsync(RagIngestionWriterCheckpoint checkpoint, DatabaseGenerationQueryLease active, RagIngestionWriterCheckpoint previous, Func`3 embedAsync, CancellationToken token) in D:\source\SonnetDB\src\SonnetDB.Core\SemanticContent\RagIngestionWriter.cs:line 223
   at SonnetDB.SemanticContent.RagIngestionWriter.WriteAsync(RagIngestionSnapshot snapshot, Func`3 embedAsync, CancellationToken cancellationToken) in D:\source\SonnetDB\src\SonnetDB.Core\SemanticContent\RagIngestionWriter.cs:line 134
   at SonnetDB.Core.Tests.SemanticContent.RagIngestionWriterTests.ResumeAsync_MissingPersistedCollectionField_RejectsWithoutPublishingDeletion(String field) in D:\source\SonnetDB\tests\SonnetDB.Core.Tests\SemanticContent\RagIngestionWriterTests.cs:line 437
--- End of stack trace from previous location ---
----- Inner Stack Trace #2 (System.IO.IOException) -----
   at System.IO.FileSystem.RemoveDirectoryRecursive(String fullPath, WIN32_FIND_DATA& findData, Boolean topLevel)
   at System.IO.Directory.Delete(String path, Boolean recursive)
   at SonnetDB.Core.Tests.SemanticContent.RagIngestionWriterTests.Dispose() in D:\source\SonnetDB\tests\SonnetDB.Core.Tests\SemanticContent\RagIngestionWriterTests.cs:line 461
  失败 SonnetDB.Core.Tests.SemanticContent.RagIngestionWriterTests.ResumeAsync_MissingPersistedCollectionField_RejectsWithoutPublishingDeletion(field: "snapshot") [58 ms]
  错误消息:
   System.AggregateException : One or more errors occurred. (Failed to open directory 'C:\Users\mysti\AppData\Local\Temp\sonnetdb-parallel-third-4eff92966347481daaf27153e9fadd95\scratch\sonnetdb-rag-writer-378b020506314e1e8d31a9942ad461fa\documents\vector\7261675f6236666532383834376666353432306261363131343030313962346637323130\7261675f766563746f72\wal' for durable metadata publication: 系统找不到指定的路径。) (The process cannot access the file 'keyspace.lock' because it is being used by another process.)
---- System.IO.IOException : Failed to open directory 'C:\Users\mysti\AppData\Local\Temp\sonnetdb-parallel-third-4eff92966347481daaf27153e9fadd95\scratch\sonnetdb-rag-writer-378b020506314e1e8d31a9942ad461fa\documents\vector\7261675f6236666532383834376666353432306261363131343030313962346637323130\7261675f766563746f72\wal' for durable metadata publication: 系统找不到指定的路径。
---- System.IO.IOException : The process cannot access the file 'keyspace.lock' because it is being used by another process.
  堆栈跟踪:
  
----- Inner Stack Trace #1 (System.IO.IOException) -----
   at SonnetDB.Wal.DirectoryFsync.FlushWindowsRequired(String directory) in D:\source\SonnetDB\src\SonnetDB.Core\Wal\DirectoryFsync.cs:line 139
   at SonnetDB.Wal.DirectoryFsync.FlushRequired(String directory) in D:\source\SonnetDB\src\SonnetDB.Core\Wal\DirectoryFsync.cs:line 60
   at SonnetDB.Kv.KvKeyspace.OpenWithLifecycleLease(String name, String rootDirectory, KvOptions options, FileStream lifecycleLease, KvDiskReadBudget diskReadBudget, Boolean ownsDiskReadBudget) in D:\source\SonnetDB\src\SonnetDB.Core\Kv\KvKeyspace.cs:line 567
   at SonnetDB.Kv.KvKeyspace.Open(String name, String rootDirectory, KvOptions options, KvDiskReadBudget diskReadBudget) in D:\source\SonnetDB\src\SonnetDB.Core\Kv\KvKeyspace.cs:line 419
   at SonnetDB.Documents.Vector.DocumentVectorIndexStore.Open(String directory, DocumentVectorIndex definition, KvOptions kvOptions) in D:\source\SonnetDB\src\SonnetDB.Core\Documents\Vector\DocumentVectorIndexStore.cs:line 73
   at SonnetDB.Documents.DocumentCollectionManager.<>c__DisplayClass40_0.<OpenStoreLocked>b__1(DocumentVectorIndex index) in D:\source\SonnetDB\src\SonnetDB.Core\Documents\DocumentCollectionManager.cs:line 760
   at SonnetDB.Documents.DocumentCollectionStore.OpenVectorStoreLocked(DocumentVectorIndex index, Boolean rebuildIfMissing) in D:\source\SonnetDB\src\SonnetDB.Core\Documents\DocumentCollectionStore.cs:line 2461
   at SonnetDB.Documents.DocumentCollectionStore.ReconcileVectorStoresLocked(DocumentCollectionSchema previousSchema, Boolean rebuildAll) in D:\source\SonnetDB\src\SonnetDB.Core\Documents\DocumentCollectionStore.cs:line 2430
   at SonnetDB.Documents.DocumentCollectionStore..ctor(DocumentCollectionSchema schema, KvKeyspace keyspace, Func`2 fullTextIndexFactory, Func`2 vectorIndexFactory) in D:\source\SonnetDB\src\SonnetDB.Core\Documents\DocumentCollectionStore.cs:line 45
   at SonnetDB.Documents.DocumentCollectionManager.OpenStoreLocked(DocumentCollectionSchema schema) in D:\source\SonnetDB\src\SonnetDB.Core\Documents\DocumentCollectionManager.cs:line 756
   at SonnetDB.Documents.DocumentCollectionManager.Create(DocumentCollectionSchema schema) in D:\source\SonnetDB\src\SonnetDB.Core\Documents\DocumentCollectionManager.cs:line 83
   at SonnetDB.SemanticContent.RagIngestionWriter.ExecuteAsync(RagIngestionWriterCheckpoint checkpoint, DatabaseGenerationQueryLease active, RagIngestionWriterCheckpoint previous, Func`3 embedAsync, CancellationToken token) in D:\source\SonnetDB\src\SonnetDB.Core\SemanticContent\RagIngestionWriter.cs:line 223
   at SonnetDB.SemanticContent.RagIngestionWriter.WriteAsync(RagIngestionSnapshot snapshot, Func`3 embedAsync, CancellationToken cancellationToken) in D:\source\SonnetDB\src\SonnetDB.Core\SemanticContent\RagIngestionWriter.cs:line 134
   at SonnetDB.Core.Tests.SemanticContent.RagIngestionWriterTests.ResumeAsync_MissingPersistedCollectionField_RejectsWithoutPublishingDeletion(String field) in D:\source\SonnetDB\tests\SonnetDB.Core.Tests\SemanticContent\RagIngestionWriterTests.cs:line 437
--- End of stack trace from previous location ---
----- Inner Stack Trace #2 (System.IO.IOException) -----
   at System.IO.FileSystem.RemoveDirectoryRecursive(String fullPath, WIN32_FIND_DATA& findData, Boolean topLevel)
   at System.IO.Directory.Delete(String path, Boolean recursive)
   at SonnetDB.Core.Tests.SemanticContent.RagIngestionWriterTests.Dispose() in D:\source\SonnetDB\tests\SonnetDB.Core.Tests\SemanticContent\RagIngestionWriterTests.cs:line 461
  失败 SonnetDB.Core.Tests.SemanticContent.RagIngestionWriterTests.ResumeAsync_MissingPersistedCollectionField_RejectsWithoutPublishingDeletion(field: "manifests") [69 ms]
  错误消息:
   System.AggregateException : One or more errors occurred. (Failed to open directory 'C:\Users\mysti\AppData\Local\Temp\sonnetdb-parallel-third-4eff92966347481daaf27153e9fadd95\scratch\sonnetdb-rag-writer-c8f3bcf9d36645caa2271c03eb148341\documents\vector\7261675f3637626362306561333365613436376638313336633935653935336534376431\7261675f766563746f72\wal' for durable metadata publication: 系统找不到指定的路径。) (The process cannot access the file 'keyspace.lock' because it is being used by another process.)
---- System.IO.IOException : Failed to open directory 'C:\Users\mysti\AppData\Local\Temp\sonnetdb-parallel-third-4eff92966347481daaf27153e9fadd95\scratch\sonnetdb-rag-writer-c8f3bcf9d36645caa2271c03eb148341\documents\vector\7261675f3637626362306561333365613436376638313336633935653935336534376431\7261675f766563746f72\wal' for durable metadata publication: 系统找不到指定的路径。
---- System.IO.IOException : The process cannot access the file 'keyspace.lock' because it is being used by another process.
  堆栈跟踪:
  
----- Inner Stack Trace #1 (System.IO.IOException) -----
   at SonnetDB.Wal.DirectoryFsync.FlushWindowsRequired(String directory) in D:\source\SonnetDB\src\SonnetDB.Core\Wal\DirectoryFsync.cs:line 139
   at SonnetDB.Wal.DirectoryFsync.FlushRequired(String directory) in D:\source\SonnetDB\src\SonnetDB.Core\Wal\DirectoryFsync.cs:line 60
   at SonnetDB.Kv.KvKeyspace.OpenWithLifecycleLease(String name, String rootDirectory, KvOptions options, FileStream lifecycleLease, KvDiskReadBudget diskReadBudget, Boolean ownsDiskReadBudget) in D:\source\SonnetDB\src\SonnetDB.Core\Kv\KvKeyspace.cs:line 567
   at SonnetDB.Kv.KvKeyspace.Open(String name, String rootDirectory, KvOptions options, KvDiskReadBudget diskReadBudget) in D:\source\SonnetDB\src\SonnetDB.Core\Kv\KvKeyspace.cs:line 419
   at SonnetDB.Documents.Vector.DocumentVectorIndexStore.Open(String directory, DocumentVectorIndex definition, KvOptions kvOptions) in D:\source\SonnetDB\src\SonnetDB.Core\Documents\Vector\DocumentVectorIndexStore.cs:line 73
   at SonnetDB.Documents.DocumentCollectionManager.<>c__DisplayClass40_0.<OpenStoreLocked>b__1(DocumentVectorIndex index) in D:\source\SonnetDB\src\SonnetDB.Core\Documents\DocumentCollectionManager.cs:line 760
   at SonnetDB.Documents.DocumentCollectionStore.OpenVectorStoreLocked(DocumentVectorIndex index, Boolean rebuildIfMissing) in D:\source\SonnetDB\src\SonnetDB.Core\Documents\DocumentCollectionStore.cs:line 2461
   at SonnetDB.Documents.DocumentCollectionStore.ReconcileVectorStoresLocked(DocumentCollectionSchema previousSchema, Boolean rebuildAll) in D:\source\SonnetDB\src\SonnetDB.Core\Documents\DocumentCollectionStore.cs:line 2430
   at SonnetDB.Documents.DocumentCollectionStore..ctor(DocumentCollectionSchema schema, KvKeyspace keyspace, Func`2 fullTextIndexFactory, Func`2 vectorIndexFactory) in D:\source\SonnetDB\src\SonnetDB.Core\Documents\DocumentCollectionStore.cs:line 45
   at SonnetDB.Documents.DocumentCollectionManager.OpenStoreLocked(DocumentCollectionSchema schema) in D:\source\SonnetDB\src\SonnetDB.Core\Documents\DocumentCollectionManager.cs:line 756
   at SonnetDB.Documents.DocumentCollectionManager.Create(DocumentCollectionSchema schema) in D:\source\SonnetDB\src\SonnetDB.Core\Documents\DocumentCollectionManager.cs:line 83
   at SonnetDB.SemanticContent.RagIngestionWriter.ExecuteAsync(RagIngestionWriterCheckpoint checkpoint, DatabaseGenerationQueryLease active, RagIngestionWriterCheckpoint previous, Func`3 embedAsync, CancellationToken token) in D:\source\SonnetDB\src\SonnetDB.Core\SemanticContent\RagIngestionWriter.cs:line 223
   at SonnetDB.SemanticContent.RagIngestionWriter.WriteAsync(RagIngestionSnapshot snapshot, Func`3 embedAsync, CancellationToken cancellationToken) in D:\source\SonnetDB\src\SonnetDB.Core\SemanticContent\RagIngestionWriter.cs:line 134
   at SonnetDB.Core.Tests.SemanticContent.RagIngestionWriterTests.ResumeAsync_MissingPersistedCollectionField_RejectsWithoutPublishingDeletion(String field) in D:\source\SonnetDB\tests\SonnetDB.Core.Tests\SemanticContent\RagIngestionWriterTests.cs:line 437
--- End of stack trace from previous location ---
----- Inner Stack Trace #2 (System.IO.IOException) -----
   at System.IO.FileSystem.RemoveDirectoryRecursive(String fullPath, WIN32_FIND_DATA& findData, Boolean topLevel)
   at System.IO.Directory.Delete(String path, Boolean recursive)
   at SonnetDB.Core.Tests.SemanticContent.RagIngestionWriterTests.Dispose() in D:\source\SonnetDB\tests\SonnetDB.Core.Tests\SemanticContent\RagIngestionWriterTests.cs:line 461
  失败 SonnetDB.Core.Tests.SemanticContent.RagIngestionWriterTests.WriteAsync_AddUpdateDelete_ReopenQueriesAndRetiredCleanupReflectCompleteSnapshot [60 ms]
  错误消息:
   System.AggregateException : One or more errors occurred. (Failed to open directory 'C:\Users\mysti\AppData\Local\Temp\sonnetdb-parallel-third-4eff92966347481daaf27153e9fadd95\scratch\sonnetdb-rag-writer-c9cd7852c03e4163ae36aa060f1a4cf4\documents\vector\7261675f3936636437343736383738363432363538663538316234613237653833633762\7261675f766563746f72\wal' for durable metadata publication: 系统找不到指定的路径。) (The process cannot access the file 'keyspace.lock' because it is being used by another process.)
---- System.IO.IOException : Failed to open directory 'C:\Users\mysti\AppData\Local\Temp\sonnetdb-parallel-third-4eff92966347481daaf27153e9fadd95\scratch\sonnetdb-rag-writer-c9cd7852c03e4163ae36aa060f1a4cf4\documents\vector\7261675f3936636437343736383738363432363538663538316234613237653833633762\7261675f766563746f72\wal' for durable metadata publication: 系统找不到指定的路径。
---- System.IO.IOException : The process cannot access the file 'keyspace.lock' because it is being used by another process.
  堆栈跟踪:
  
----- Inner Stack Trace #1 (System.IO.IOException) -----
   at SonnetDB.Wal.DirectoryFsync.FlushWindowsRequired(String directory) in D:\source\SonnetDB\src\SonnetDB.Core\Wal\DirectoryFsync.cs:line 139
   at SonnetDB.Wal.DirectoryFsync.FlushRequired(String directory) in D:\source\SonnetDB\src\SonnetDB.Core\Wal\DirectoryFsync.cs:line 60
   at SonnetDB.Kv.KvKeyspace.OpenWithLifecycleLease(String name, String rootDirectory, KvOptions options, FileStream lifecycleLease, KvDiskReadBudget diskReadBudget, Boolean ownsDiskReadBudget) in D:\source\SonnetDB\src\SonnetDB.Core\Kv\KvKeyspace.cs:line 567
   at SonnetDB.Kv.KvKeyspace.Open(String name, String rootDirectory, KvOptions options, KvDiskReadBudget diskReadBudget) in D:\source\SonnetDB\src\SonnetDB.Core\Kv\KvKeyspace.cs:line 419
   at SonnetDB.Documents.Vector.DocumentVectorIndexStore.Open(String directory, DocumentVectorIndex definition, KvOptions kvOptions) in D:\source\SonnetDB\src\SonnetDB.Core\Documents\Vector\DocumentVectorIndexStore.cs:line 73
   at SonnetDB.Documents.DocumentCollectionManager.<>c__DisplayClass40_0.<OpenStoreLocked>b__1(DocumentVectorIndex index) in D:\source\SonnetDB\src\SonnetDB.Core\Documents\DocumentCollectionManager.cs:line 760
   at SonnetDB.Documents.DocumentCollectionStore.OpenVectorStoreLocked(DocumentVectorIndex index, Boolean rebuildIfMissing) in D:\source\SonnetDB\src\SonnetDB.Core\Documents\DocumentCollectionStore.cs:line 2461
   at SonnetDB.Documents.DocumentCollectionStore.ReconcileVectorStoresLocked(DocumentCollectionSchema previousSchema, Boolean rebuildAll) in D:\source\SonnetDB\src\SonnetDB.Core\Documents\DocumentCollectionStore.cs:line 2430
   at SonnetDB.Documents.DocumentCollectionStore..ctor(DocumentCollectionSchema schema, KvKeyspace keyspace, Func`2 fullTextIndexFactory, Func`2 vectorIndexFactory) in D:\source\SonnetDB\src\SonnetDB.Core\Documents\DocumentCollectionStore.cs:line 45
   at SonnetDB.Documents.DocumentCollectionManager.OpenStoreLocked(DocumentCollectionSchema schema) in D:\source\SonnetDB\src\SonnetDB.Core\Documents\DocumentCollectionManager.cs:line 756
   at SonnetDB.Documents.DocumentCollectionManager.Create(DocumentCollectionSchema schema) in D:\source\SonnetDB\src\SonnetDB.Core\Documents\DocumentCollectionManager.cs:line 83
   at SonnetDB.SemanticContent.RagIngestionWriter.ExecuteAsync(RagIngestionWriterCheckpoint checkpoint, DatabaseGenerationQueryLease active, RagIngestionWriterCheckpoint previous, Func`3 embedAsync, CancellationToken token) in D:\source\SonnetDB\src\SonnetDB.Core\SemanticContent\RagIngestionWriter.cs:line 223
   at SonnetDB.SemanticContent.RagIngestionWriter.WriteAsync(RagIngestionSnapshot snapshot, Func`3 embedAsync, CancellationToken cancellationToken) in D:\source\SonnetDB\src\SonnetDB.Core\SemanticContent\RagIngestionWriter.cs:line 134
   at SonnetDB.Core.Tests.SemanticContent.RagIngestionWriterTests.WriteAsync_AddUpdateDelete_ReopenQueriesAndRetiredCleanupReflectCompleteSnapshot() in D:\source\SonnetDB\tests\SonnetDB.Core.Tests\SemanticContent\RagIngestionWriterTests.cs:line 29
--- End of stack trace from previous location ---
----- Inner Stack Trace #2 (System.IO.IOException) -----
   at System.IO.FileSystem.RemoveDirectoryRecursive(String fullPath, WIN32_FIND_DATA& findData, Boolean topLevel)
   at System.IO.Directory.Delete(String path, Boolean recursive)
   at SonnetDB.Core.Tests.SemanticContent.RagIngestionWriterTests.Dispose() in D:\source\SonnetDB\tests\SonnetDB.Core.Tests\SemanticContent\RagIngestionWriterTests.cs:line 461
  失败 SonnetDB.Core.Tests.SemanticContent.RagIngestionWriterTests.WriteAsync_ConcurrentWriterWaitingForSameDatabase_CanCancelWithoutChangingPendingJob [10 s]
  错误消息:
   System.AggregateException : One or more errors occurred. (Failed to open directory 'C:\Users\mysti\AppData\Local\Temp\sonnetdb-parallel-third-4eff92966347481daaf27153e9fadd95\scratch\sonnetdb-rag-writer-80a413636a5248ceb11340ab792d177d\documents\vector\7261675f3330386133623332323865653436316662333231343763663262333538366662\7261675f766563746f72\wal' for durable metadata publication: 系统找不到指定的路径。) (The process cannot access the file 'keyspace.lock' because it is being used by another process.)
---- System.IO.IOException : Failed to open directory 'C:\Users\mysti\AppData\Local\Temp\sonnetdb-parallel-third-4eff92966347481daaf27153e9fadd95\scratch\sonnetdb-rag-writer-80a413636a5248ceb11340ab792d177d\documents\vector\7261675f3330386133623332323865653436316662333231343763663262333538366662\7261675f766563746f72\wal' for durable metadata publication: 系统找不到指定的路径。
---- System.IO.IOException : The process cannot access the file 'keyspace.lock' because it is being used by another process.
  堆栈跟踪:
  
----- Inner Stack Trace #1 (System.IO.IOException) -----
   at SonnetDB.Wal.DirectoryFsync.FlushWindowsRequired(String directory) in D:\source\SonnetDB\src\SonnetDB.Core\Wal\DirectoryFsync.cs:line 139
   at SonnetDB.Wal.DirectoryFsync.FlushRequired(String directory) in D:\source\SonnetDB\src\SonnetDB.Core\Wal\DirectoryFsync.cs:line 60
   at SonnetDB.Kv.KvKeyspace.OpenWithLifecycleLease(String name, String rootDirectory, KvOptions options, FileStream lifecycleLease, KvDiskReadBudget diskReadBudget, Boolean ownsDiskReadBudget) in D:\source\SonnetDB\src\SonnetDB.Core\Kv\KvKeyspace.cs:line 567
   at SonnetDB.Kv.KvKeyspace.Open(String name, String rootDirectory, KvOptions options, KvDiskReadBudget diskReadBudget) in D:\source\SonnetDB\src\SonnetDB.Core\Kv\KvKeyspace.cs:line 419
   at SonnetDB.Documents.Vector.DocumentVectorIndexStore.Open(String directory, DocumentVectorIndex definition, KvOptions kvOptions) in D:\source\SonnetDB\src\SonnetDB.Core\Documents\Vector\DocumentVectorIndexStore.cs:line 73
   at SonnetDB.Documents.DocumentCollectionManager.<>c__DisplayClass40_0.<OpenStoreLocked>b__1(DocumentVectorIndex index) in D:\source\SonnetDB\src\SonnetDB.Core\Documents\DocumentCollectionManager.cs:line 760
   at SonnetDB.Documents.DocumentCollectionStore.OpenVectorStoreLocked(DocumentVectorIndex index, Boolean rebuildIfMissing) in D:\source\SonnetDB\src\SonnetDB.Core\Documents\DocumentCollectionStore.cs:line 2461
   at SonnetDB.Documents.DocumentCollectionStore.ReconcileVectorStoresLocked(DocumentCollectionSchema previousSchema, Boolean rebuildAll) in D:\source\SonnetDB\src\SonnetDB.Core\Documents\DocumentCollectionStore.cs:line 2430
   at SonnetDB.Documents.DocumentCollectionStore..ctor(DocumentCollectionSchema schema, KvKeyspace keyspace, Func`2 fullTextIndexFactory, Func`2 vectorIndexFactory) in D:\source\SonnetDB\src\SonnetDB.Core\Documents\DocumentCollectionStore.cs:line 45
   at SonnetDB.Documents.DocumentCollectionManager.OpenStoreLocked(DocumentCollectionSchema schema) in D:\source\SonnetDB\src\SonnetDB.Core\Documents\DocumentCollectionManager.cs:line 756
   at SonnetDB.Documents.DocumentCollectionManager.Create(DocumentCollectionSchema schema) in D:\source\SonnetDB\src\SonnetDB.Core\Documents\DocumentCollectionManager.cs:line 83
   at SonnetDB.SemanticContent.RagIngestionWriter.ExecuteAsync(RagIngestionWriterCheckpoint checkpoint, DatabaseGenerationQueryLease active, RagIngestionWriterCheckpoint previous, Func`3 embedAsync, CancellationToken token) in D:\source\SonnetDB\src\SonnetDB.Core\SemanticContent\RagIngestionWriter.cs:line 223
   at SonnetDB.SemanticContent.RagIngestionWriter.WriteAsync(RagIngestionSnapshot snapshot, Func`3 embedAsync, CancellationToken cancellationToken) in D:\source\SonnetDB\src\SonnetDB.Core\SemanticContent\RagIngestionWriter.cs:line 134
   at SonnetDB.Core.Tests.SemanticContent.RagIngestionWriterTests.WriteAsync_ConcurrentWriterWaitingForSameDatabase_CanCancelWithoutChangingPendingJob() in D:\source\SonnetDB\tests\SonnetDB.Core.Tests\SemanticContent\RagIngestionWriterTests.cs:line 329
--- End of stack trace from previous location ---
----- Inner Stack Trace #2 (System.IO.IOException) -----
   at System.IO.FileSystem.RemoveDirectoryRecursive(String fullPath, WIN32_FIND_DATA& findData, Boolean topLevel)
   at System.IO.Directory.Delete(String path, Boolean recursive)
   at SonnetDB.Core.Tests.SemanticContent.RagIngestionWriterTests.Dispose() in D:\source\SonnetDB\tests\SonnetDB.Core.Tests\SemanticContent\RagIngestionWriterTests.cs:line 461
  失败 SonnetDB.Core.Tests.SemanticContent.RagIngestionWriterTests.ResumeAsync_CancellationAfterOneChunk_RetainsProgressAndDoesNotRetryCancellation [66 ms]
  错误消息:
   System.AggregateException : One or more errors occurred. (Assert.ThrowsAny() Failure: Exception type was not compatible
Expected: typeof(System.OperationCanceledException)
Actual:   typeof(System.IO.IOException)) (The process cannot access the file 'keyspace.lock' because it is being used by another process.)
---- Assert.ThrowsAny() Failure: Exception type was not compatible
Expected: typeof(System.OperationCanceledException)
Actual:   typeof(System.IO.IOException)
-------- System.IO.IOException : Failed to open directory 'C:\Users\mysti\AppData\Local\Temp\sonnetdb-parallel-third-4eff92966347481daaf27153e9fadd95\scratch\sonnetdb-rag-writer-9a1d44c17f84453d91a65ec7be2a90ab\documents\vector\7261675f3664386539633732343662663462343561333839303663663335653538366430\7261675f766563746f72\wal' for durable metadata publication: 系统找不到指定的路径。
---- System.IO.IOException : The process cannot access the file 'keyspace.lock' because it is being used by another process.
  堆栈跟踪:
  
----- Inner Stack Trace #1 (Xunit.Sdk.ThrowsAnyException) -----
   at SonnetDB.Core.Tests.SemanticContent.RagIngestionWriterTests.ResumeAsync_CancellationAfterOneChunk_RetainsProgressAndDoesNotRetryCancellation() in D:\source\SonnetDB\tests\SonnetDB.Core.Tests\SemanticContent\RagIngestionWriterTests.cs:line 113
--- End of stack trace from previous location ---
----- Inner Stack Trace -----
   at SonnetDB.Wal.DirectoryFsync.FlushWindowsRequired(String directory) in D:\source\SonnetDB\src\SonnetDB.Core\Wal\DirectoryFsync.cs:line 139
   at SonnetDB.Wal.DirectoryFsync.FlushRequired(String directory) in D:\source\SonnetDB\src\SonnetDB.Core\Wal\DirectoryFsync.cs:line 60
   at SonnetDB.Kv.KvKeyspace.OpenWithLifecycleLease(String name, String rootDirectory, KvOptions options, FileStream lifecycleLease, KvDiskReadBudget diskReadBudget, Boolean ownsDiskReadBudget) in D:\source\SonnetDB\src\SonnetDB.Core\Kv\KvKeyspace.cs:line 567
   at SonnetDB.Kv.KvKeyspace.Open(String name, String rootDirectory, KvOptions options, KvDiskReadBudget diskReadBudget) in D:\source\SonnetDB\src\SonnetDB.Core\Kv\KvKeyspace.cs:line 419
   at SonnetDB.Documents.Vector.DocumentVectorIndexStore.Open(String directory, DocumentVectorIndex definition, KvOptions kvOptions) in D:\source\SonnetDB\src\SonnetDB.Core\Documents\Vector\DocumentVectorIndexStore.cs:line 73
   at SonnetDB.Documents.DocumentCollectionManager.<>c__DisplayClass40_0.<OpenStoreLocked>b__1(DocumentVectorIndex index) in D:\source\SonnetDB\src\SonnetDB.Core\Documents\DocumentCollectionManager.cs:line 760
   at SonnetDB.Documents.DocumentCollectionStore.OpenVectorStoreLocked(DocumentVectorIndex index, Boolean rebuildIfMissing) in D:\source\SonnetDB\src\SonnetDB.Core\Documents\DocumentCollectionStore.cs:line 2461
   at SonnetDB.Documents.DocumentCollectionStore.ReconcileVectorStoresLocked(DocumentCollectionSchema previousSchema, Boolean rebuildAll) in D:\source\SonnetDB\src\SonnetDB.Core\Documents\DocumentCollectionStore.cs:line 2430
   at SonnetDB.Documents.DocumentCollectionStore..ctor(DocumentCollectionSchema schema, KvKeyspace keyspace, Func`2 fullTextIndexFactory, Func`2 vectorIndexFactory) in D:\source\SonnetDB\src\SonnetDB.Core\Documents\DocumentCollectionStore.cs:line 45
   at SonnetDB.Documents.DocumentCollectionManager.OpenStoreLocked(DocumentCollectionSchema schema) in D:\source\SonnetDB\src\SonnetDB.Core\Documents\DocumentCollectionManager.cs:line 756
   at SonnetDB.Documents.DocumentCollectionManager.Create(DocumentCollectionSchema schema) in D:\source\SonnetDB\src\SonnetDB.Core\Documents\DocumentCollectionManager.cs:line 83
   at SonnetDB.SemanticContent.RagIngestionWriter.ExecuteAsync(RagIngestionWriterCheckpoint checkpoint, DatabaseGenerationQueryLease active, RagIngestionWriterCheckpoint previous, Func`3 embedAsync, CancellationToken token) in D:\source\SonnetDB\src\SonnetDB.Core\SemanticContent\RagIngestionWriter.cs:line 223
   at SonnetDB.SemanticContent.RagIngestionWriter.WriteAsync(RagIngestionSnapshot snapshot, Func`3 embedAsync, CancellationToken cancellationToken) in D:\source\SonnetDB\src\SonnetDB.Core\SemanticContent\RagIngestionWriter.cs:line 134
----- Inner Stack Trace #2 (System.IO.IOException) -----
   at System.IO.FileSystem.RemoveDirectoryRecursive(String fullPath, WIN32_FIND_DATA& findData, Boolean topLevel)
   at System.IO.Directory.Delete(String path, Boolean recursive)
   at SonnetDB.Core.Tests.SemanticContent.RagIngestionWriterTests.Dispose() in D:\source\SonnetDB\tests\SonnetDB.Core.Tests\SemanticContent\RagIngestionWriterTests.cs:line 461
  失败 SonnetDB.Core.Tests.SemanticContent.RagIngestionWriterTests.ResumeAsync_PrimaryDocumentCommitBeforeDerivedFailure_RepairsBothIndexesWithoutReembedding [76 ms]
  错误消息:
   System.AggregateException : One or more errors occurred. (Assert.NotNull() Failure: Value is null) (The process cannot access the file 'keyspace.lock' because it is being used by another process.)
---- Assert.NotNull() Failure: Value is null
---- System.IO.IOException : The process cannot access the file 'keyspace.lock' because it is being used by another process.
  堆栈跟踪:
  
----- Inner Stack Trace #1 (Xunit.Sdk.NotNullException) -----
   at SonnetDB.Core.Tests.SemanticContent.RagIngestionWriterTests.ResumeAsync_PrimaryDocumentCommitBeforeDerivedFailure_RepairsBothIndexesWithoutReembedding() in D:\source\SonnetDB\tests\SonnetDB.Core.Tests\SemanticContent\RagIngestionWriterTests.cs:line 241
--- End of stack trace from previous location ---
----- Inner Stack Trace #2 (System.IO.IOException) -----
   at System.IO.FileSystem.RemoveDirectoryRecursive(String fullPath, WIN32_FIND_DATA& findData, Boolean topLevel)
   at System.IO.Directory.Delete(String path, Boolean recursive)
   at SonnetDB.Core.Tests.SemanticContent.RagIngestionWriterTests.Dispose() in D:\source\SonnetDB\tests\SonnetDB.Core.Tests\SemanticContent\RagIngestionWriterTests.cs:line 461
  失败 SonnetDB.Core.Tests.SemanticContent.RagIngestionWriterTests.WriteAsync_L2ProfileWithUnnormalizedVector_RejectsBeforePublishing [68 ms]
  错误消息:
   System.AggregateException : One or more errors occurred. (Assert.Throws() Failure: Exception type was not an exact match
Expected: typeof(System.IO.InvalidDataException)
Actual:   typeof(System.IO.IOException)) (The process cannot access the file 'keyspace.lock' because it is being used by another process.)
---- Assert.Throws() Failure: Exception type was not an exact match
Expected: typeof(System.IO.InvalidDataException)
Actual:   typeof(System.IO.IOException)
-------- System.IO.IOException : Failed to open directory 'C:\Users\mysti\AppData\Local\Temp\sonnetdb-parallel-third-4eff92966347481daaf27153e9fadd95\scratch\sonnetdb-rag-writer-69371cdc79b546e2ba0ffbf219634a2e\documents\vector\7261675f3065363834323034396438373436653739353434656533336639373433656464\7261675f766563746f72\wal' for durable metadata publication: 系统找不到指定的路径。
---- System.IO.IOException : The process cannot access the file 'keyspace.lock' because it is being used by another process.
  堆栈跟踪:
  
----- Inner Stack Trace #1 (Xunit.Sdk.ThrowsException) -----
   at SonnetDB.Core.Tests.SemanticContent.RagIngestionWriterTests.WriteAsync_L2ProfileWithUnnormalizedVector_RejectsBeforePublishing() in D:\source\SonnetDB\tests\SonnetDB.Core.Tests\SemanticContent\RagIngestionWriterTests.cs:line 408
--- End of stack trace from previous location ---
----- Inner Stack Trace -----
   at SonnetDB.Wal.DirectoryFsync.FlushWindowsRequired(String directory) in D:\source\SonnetDB\src\SonnetDB.Core\Wal\DirectoryFsync.cs:line 139
   at SonnetDB.Wal.DirectoryFsync.FlushRequired(String directory) in D:\source\SonnetDB\src\SonnetDB.Core\Wal\DirectoryFsync.cs:line 60
   at SonnetDB.Kv.KvKeyspace.OpenWithLifecycleLease(String name, String rootDirectory, KvOptions options, FileStream lifecycleLease, KvDiskReadBudget diskReadBudget, Boolean ownsDiskReadBudget) in D:\source\SonnetDB\src\SonnetDB.Core\Kv\KvKeyspace.cs:line 567
   at SonnetDB.Kv.KvKeyspace.Open(String name, String rootDirectory, KvOptions options, KvDiskReadBudget diskReadBudget) in D:\source\SonnetDB\src\SonnetDB.Core\Kv\KvKeyspace.cs:line 419
   at SonnetDB.Documents.Vector.DocumentVectorIndexStore.Open(String directory, DocumentVectorIndex definition, KvOptions kvOptions) in D:\source\SonnetDB\src\SonnetDB.Core\Documents\Vector\DocumentVectorIndexStore.cs:line 73
   at SonnetDB.Documents.DocumentCollectionManager.<>c__DisplayClass40_0.<OpenStoreLocked>b__1(DocumentVectorIndex index) in D:\source\SonnetDB\src\SonnetDB.Core\Documents\DocumentCollectionManager.cs:line 760
   at SonnetDB.Documents.DocumentCollectionStore.OpenVectorStoreLocked(DocumentVectorIndex index, Boolean rebuildIfMissing) in D:\source\SonnetDB\src\SonnetDB.Core\Documents\DocumentCollectionStore.cs:line 2461
   at SonnetDB.Documents.DocumentCollectionStore.ReconcileVectorStoresLocked(DocumentCollectionSchema previousSchema, Boolean rebuildAll) in D:\source\SonnetDB\src\SonnetDB.Core\Documents\DocumentCollectionStore.cs:line 2430
   at SonnetDB.Documents.DocumentCollectionStore..ctor(DocumentCollectionSchema schema, KvKeyspace keyspace, Func`2 fullTextIndexFactory, Func`2 vectorIndexFactory) in D:\source\SonnetDB\src\SonnetDB.Core\Documents\DocumentCollectionStore.cs:line 45
   at SonnetDB.Documents.DocumentCollectionManager.OpenStoreLocked(DocumentCollectionSchema schema) in D:\source\SonnetDB\src\SonnetDB.Core\Documents\DocumentCollectionManager.cs:line 756
   at SonnetDB.Documents.DocumentCollectionManager.Create(DocumentCollectionSchema schema) in D:\source\SonnetDB\src\SonnetDB.Core\Documents\DocumentCollectionManager.cs:line 83
   at SonnetDB.SemanticContent.RagIngestionWriter.ExecuteAsync(RagIngestionWriterCheckpoint checkpoint, DatabaseGenerationQueryLease active, RagIngestionWriterCheckpoint previous, Func`3 embedAsync, CancellationToken token) in D:\source\SonnetDB\src\SonnetDB.Core\SemanticContent\RagIngestionWriter.cs:line 223
   at SonnetDB.SemanticContent.RagIngestionWriter.WriteAsync(RagIngestionSnapshot snapshot, Func`3 embedAsync, CancellationToken cancellationToken) in D:\source\SonnetDB\src\SonnetDB.Core\SemanticContent\RagIngestionWriter.cs:line 134
----- Inner Stack Trace #2 (System.IO.IOException) -----
   at System.IO.FileSystem.RemoveDirectoryRecursive(String fullPath, WIN32_FIND_DATA& findData, Boolean topLevel)
   at System.IO.Directory.Delete(String path, Boolean recursive)
   at SonnetDB.Core.Tests.SemanticContent.RagIngestionWriterTests.Dispose() in D:\source\SonnetDB\tests\SonnetDB.Core.Tests\SemanticContent\RagIngestionWriterTests.cs:line 461
  失败 SonnetDB.Core.Tests.SemanticContent.RagIngestionWriterTests.WriteAsync_ProfileReplacement_ReembedsAndRejectsChangingExistingProfileIdentity [66 ms]
  错误消息:
   System.AggregateException : One or more errors occurred. (Failed to open directory 'C:\Users\mysti\AppData\Local\Temp\sonnetdb-parallel-third-4eff92966347481daaf27153e9fadd95\scratch\sonnetdb-rag-writer-2022fb6e9969405ab9a07c2c2ff5377d\documents\vector\7261675f3431393166643935343034363462363939653932363436363131383237613731\7261675f766563746f72\wal' for durable metadata publication: 系统找不到指定的路径。) (The process cannot access the file 'keyspace.lock' because it is being used by another process.)
---- System.IO.IOException : Failed to open directory 'C:\Users\mysti\AppData\Local\Temp\sonnetdb-parallel-third-4eff92966347481daaf27153e9fadd95\scratch\sonnetdb-rag-writer-2022fb6e9969405ab9a07c2c2ff5377d\documents\vector\7261675f3431393166643935343034363462363939653932363436363131383237613731\7261675f766563746f72\wal' for durable metadata publication: 系统找不到指定的路径。
---- System.IO.IOException : The process cannot access the file 'keyspace.lock' because it is being used by another process.
  堆栈跟踪:
  
----- Inner Stack Trace #1 (System.IO.IOException) -----
   at SonnetDB.Wal.DirectoryFsync.FlushWindowsRequired(String directory) in D:\source\SonnetDB\src\SonnetDB.Core\Wal\DirectoryFsync.cs:line 139
   at SonnetDB.Wal.DirectoryFsync.FlushRequired(String directory) in D:\source\SonnetDB\src\SonnetDB.Core\Wal\DirectoryFsync.cs:line 60
   at SonnetDB.Kv.KvKeyspace.OpenWithLifecycleLease(String name, String rootDirectory, KvOptions options, FileStream lifecycleLease, KvDiskReadBudget diskReadBudget, Boolean ownsDiskReadBudget) in D:\source\SonnetDB\src\SonnetDB.Core\Kv\KvKeyspace.cs:line 567
   at SonnetDB.Kv.KvKeyspace.Open(String name, String rootDirectory, KvOptions options, KvDiskReadBudget diskReadBudget) in D:\source\SonnetDB\src\SonnetDB.Core\Kv\KvKeyspace.cs:line 419
   at SonnetDB.Documents.Vector.DocumentVectorIndexStore.Open(String directory, DocumentVectorIndex definition, KvOptions kvOptions) in D:\source\SonnetDB\src\SonnetDB.Core\Documents\Vector\DocumentVectorIndexStore.cs:line 73
   at SonnetDB.Documents.DocumentCollectionManager.<>c__DisplayClass40_0.<OpenStoreLocked>b__1(DocumentVectorIndex index) in D:\source\SonnetDB\src\SonnetDB.Core\Documents\DocumentCollectionManager.cs:line 760
   at SonnetDB.Documents.DocumentCollectionStore.OpenVectorStoreLocked(DocumentVectorIndex index, Boolean rebuildIfMissing) in D:\source\SonnetDB\src\SonnetDB.Core\Documents\DocumentCollectionStore.cs:line 2461
   at SonnetDB.Documents.DocumentCollectionStore.ReconcileVectorStoresLocked(DocumentCollectionSchema previousSchema, Boolean rebuildAll) in D:\source\SonnetDB\src\SonnetDB.Core\Documents\DocumentCollectionStore.cs:line 2430
   at SonnetDB.Documents.DocumentCollectionStore..ctor(DocumentCollectionSchema schema, KvKeyspace keyspace, Func`2 fullTextIndexFactory, Func`2 vectorIndexFactory) in D:\source\SonnetDB\src\SonnetDB.Core\Documents\DocumentCollectionStore.cs:line 45
   at SonnetDB.Documents.DocumentCollectionManager.OpenStoreLocked(DocumentCollectionSchema schema) in D:\source\SonnetDB\src\SonnetDB.Core\Documents\DocumentCollectionManager.cs:line 756
   at SonnetDB.Documents.DocumentCollectionManager.Create(DocumentCollectionSchema schema) in D:\source\SonnetDB\src\SonnetDB.Core\Documents\DocumentCollectionManager.cs:line 83
   at SonnetDB.SemanticContent.RagIngestionWriter.ExecuteAsync(RagIngestionWriterCheckpoint checkpoint, DatabaseGenerationQueryLease active, RagIngestionWriterCheckpoint previous, Func`3 embedAsync, CancellationToken token) in D:\source\SonnetDB\src\SonnetDB.Core\SemanticContent\RagIngestionWriter.cs:line 223
   at SonnetDB.SemanticContent.RagIngestionWriter.WriteAsync(RagIngestionSnapshot snapshot, Func`3 embedAsync, CancellationToken cancellationToken) in D:\source\SonnetDB\src\SonnetDB.Core\SemanticContent\RagIngestionWriter.cs:line 134
   at SonnetDB.Core.Tests.SemanticContent.RagIngestionWriterTests.WriteAsync_ProfileReplacement_ReembedsAndRejectsChangingExistingProfileIdentity() in D:\source\SonnetDB\tests\SonnetDB.Core.Tests\SemanticContent\RagIngestionWriterTests.cs:line 275
--- End of stack trace from previous location ---
----- Inner Stack Trace #2 (System.IO.IOException) -----
   at System.IO.FileSystem.RemoveDirectoryRecursive(String fullPath, WIN32_FIND_DATA& findData, Boolean topLevel)
   at System.IO.Directory.Delete(String path, Boolean recursive)
   at SonnetDB.Core.Tests.SemanticContent.RagIngestionWriterTests.Dispose() in D:\source\SonnetDB\tests\SonnetDB.Core.Tests\SemanticContent\RagIngestionWriterTests.cs:line 461
  失败 SonnetDB.Core.Tests.SemanticContent.RagIngestionWriterTests.ResumeAsync_FailureBeforeAtomicPublishAndCrash_ReusesCompleteStagingWithoutPartialActive [93 ms]
  错误消息:
   System.AggregateException : One or more errors occurred. (KV keyspace root 'C:\Users\mysti\AppData\Local\Temp\sonnetdb-parallel-third-4eff92966347481daaf27153e9fadd95\scratch\sonnetdb-rag-writer-bf44cc5c633a487bbac5cc3cfc37c9ec\documents\collections\7261675f3630383865393831653437653434356539386639333138666361346134363237' is already owned by another live instance or a checkpoint that is still completing disposal.) (The process cannot access the file 'keyspace.lock' because it is being used by another process.)
---- System.IO.IOException : KV keyspace root 'C:\Users\mysti\AppData\Local\Temp\sonnetdb-parallel-third-4eff92966347481daaf27153e9fadd95\scratch\sonnetdb-rag-writer-bf44cc5c633a487bbac5cc3cfc37c9ec\documents\collections\7261675f3630383865393831653437653434356539386639333138666361346134363237' is already owned by another live instance or a checkpoint that is still completing disposal.
-------- System.IO.IOException : The process cannot access the file 'C:\Users\mysti\AppData\Local\Temp\sonnetdb-parallel-third-4eff92966347481daaf27153e9fadd95\scratch\sonnetdb-rag-writer-bf44cc5c633a487bbac5cc3cfc37c9ec\documents\collections\7261675f3630383865393831653437653434356539386639333138666361346134363237\keyspace.lock' because it is being used by another process.
---- System.IO.IOException : The process cannot access the file 'keyspace.lock' because it is being used by another process.
  堆栈跟踪:
  
----- Inner Stack Trace #1 (System.IO.IOException) -----
   at SonnetDB.Kv.KvKeyspace.AcquireLifecycleLease(String rootDirectory) in D:\source\SonnetDB\src\SonnetDB.Core\Kv\KvKeyspace.cs:line 2850
   at SonnetDB.Kv.KvKeyspace.Open(String name, String rootDirectory, KvOptions options, KvDiskReadBudget diskReadBudget) in D:\source\SonnetDB\src\SonnetDB.Core\Kv\KvKeyspace.cs:line 412
   at SonnetDB.Documents.DocumentCollectionManager.OpenStoreLocked(DocumentCollectionSchema schema) in D:\source\SonnetDB\src\SonnetDB.Core\Documents\DocumentCollectionManager.cs:line 755
   at SonnetDB.Documents.DocumentCollectionManager.Open(String name) in D:\source\SonnetDB\src\SonnetDB.Core\Documents\DocumentCollectionManager.cs:line 697
   at SonnetDB.SemanticContent.RagIngestionWriter.ExecuteAsync(RagIngestionWriterCheckpoint checkpoint, DatabaseGenerationQueryLease active, RagIngestionWriterCheckpoint previous, Func`3 embedAsync, CancellationToken token) in D:\source\SonnetDB\src\SonnetDB.Core\SemanticContent\RagIngestionWriter.cs:line 228
   at SonnetDB.SemanticContent.RagIngestionWriter.ResumeAsync(Func`3 embedAsync, CancellationToken cancellationToken) in D:\source\SonnetDB\src\SonnetDB.Core\SemanticContent\RagIngestionWriter.cs:line 169
   at SonnetDB.Core.Tests.SemanticContent.RagIngestionWriterTests.ResumeAsync_FailureBeforeAtomicPublishAndCrash_ReusesCompleteStagingWithoutPartialActive() in D:\source\SonnetDB\tests\SonnetDB.Core.Tests\SemanticContent\RagIngestionWriterTests.cs:line 222
--- End of stack trace from previous location ---
----- Inner Stack Trace -----
   at System.IO.Strategies.OSFileStreamStrategy..ctor(String path, FileMode mode, FileAccess access, FileShare share, FileOptions options, Int64 preallocationSize, Nullable`1 unixCreateMode)
   at SonnetDB.Kv.KvKeyspace.AcquireLifecycleLease(String rootDirectory) in D:\source\SonnetDB\src\SonnetDB.Core\Kv\KvKeyspace.cs:line 2837
----- Inner Stack Trace #2 (System.IO.IOException) -----
   at System.IO.FileSystem.RemoveDirectoryRecursive(String fullPath, WIN32_FIND_DATA& findData, Boolean topLevel)
   at System.IO.Directory.Delete(String path, Boolean recursive)
   at SonnetDB.Core.Tests.SemanticContent.RagIngestionWriterTests.Dispose() in D:\source\SonnetDB\tests\SonnetDB.Core.Tests\SemanticContent\RagIngestionWriterTests.cs:line 461
  失败 SonnetDB.Core.Tests.SemanticContent.RagIngestionWriterTests.ResumeAsync_ProfileMismatch_RejectsBeforeProviderOrPublication [69 ms]
  错误消息:
   System.IO.IOException : The process cannot access the file 'keyspace.lock' because it is being used by another process.
  堆栈跟踪:
     at System.IO.FileSystem.RemoveDirectoryRecursive(String fullPath, WIN32_FIND_DATA& findData, Boolean topLevel)
   at System.IO.Directory.Delete(String path, Boolean recursive)
   at SonnetDB.Core.Tests.SemanticContent.RagIngestionWriterTests.Dispose() in D:\source\SonnetDB\tests\SonnetDB.Core.Tests\SemanticContent\RagIngestionWriterTests.cs:line 461
  失败 SonnetDB.Core.Tests.SemanticContent.RagIngestionWriterTests.WriteAsync_TransientProviderErrors_RetriesOnlyWithinConfiguredBudget [66 ms]
  错误消息:
   System.AggregateException : One or more errors occurred. (Failed to open directory 'C:\Users\mysti\AppData\Local\Temp\sonnetdb-parallel-third-4eff92966347481daaf27153e9fadd95\scratch\sonnetdb-rag-writer-a8926f2d88c54ef48671f5916f541cba\documents\vector\7261675f3762646661313766633264643438396362303834643631303365653836363465\7261675f766563746f72\wal' for durable metadata publication: 系统找不到指定的路径。) (The process cannot access the file 'keyspace.lock' because it is being used by another process.)
---- System.IO.IOException : Failed to open directory 'C:\Users\mysti\AppData\Local\Temp\sonnetdb-parallel-third-4eff92966347481daaf27153e9fadd95\scratch\sonnetdb-rag-writer-a8926f2d88c54ef48671f5916f541cba\documents\vector\7261675f3762646661313766633264643438396362303834643631303365653836363465\7261675f766563746f72\wal' for durable metadata publication: 系统找不到指定的路径。
---- System.IO.IOException : The process cannot access the file 'keyspace.lock' because it is being used by another process.
  堆栈跟踪:
  
----- Inner Stack Trace #1 (System.IO.IOException) -----
   at SonnetDB.Wal.DirectoryFsync.FlushWindowsRequired(String directory) in D:\source\SonnetDB\src\SonnetDB.Core\Wal\DirectoryFsync.cs:line 139
   at SonnetDB.Wal.DirectoryFsync.FlushRequired(String directory) in D:\source\SonnetDB\src\SonnetDB.Core\Wal\DirectoryFsync.cs:line 60
   at SonnetDB.Kv.KvKeyspace.OpenWithLifecycleLease(String name, String rootDirectory, KvOptions options, FileStream lifecycleLease, KvDiskReadBudget diskReadBudget, Boolean ownsDiskReadBudget) in D:\source\SonnetDB\src\SonnetDB.Core\Kv\KvKeyspace.cs:line 567
   at SonnetDB.Kv.KvKeyspace.Open(String name, String rootDirectory, KvOptions options, KvDiskReadBudget diskReadBudget) in D:\source\SonnetDB\src\SonnetDB.Core\Kv\KvKeyspace.cs:line 419
   at SonnetDB.Documents.Vector.DocumentVectorIndexStore.Open(String directory, DocumentVectorIndex definition, KvOptions kvOptions) in D:\source\SonnetDB\src\SonnetDB.Core\Documents\Vector\DocumentVectorIndexStore.cs:line 73
   at SonnetDB.Documents.DocumentCollectionManager.<>c__DisplayClass40_0.<OpenStoreLocked>b__1(DocumentVectorIndex index) in D:\source\SonnetDB\src\SonnetDB.Core\Documents\DocumentCollectionManager.cs:line 760
   at SonnetDB.Documents.DocumentCollectionStore.OpenVectorStoreLocked(DocumentVectorIndex index, Boolean rebuildIfMissing) in D:\source\SonnetDB\src\SonnetDB.Core\Documents\DocumentCollectionStore.cs:line 2461
   at SonnetDB.Documents.DocumentCollectionStore.ReconcileVectorStoresLocked(DocumentCollectionSchema previousSchema, Boolean rebuildAll) in D:\source\SonnetDB\src\SonnetDB.Core\Documents\DocumentCollectionStore.cs:line 2430
   at SonnetDB.Documents.DocumentCollectionStore..ctor(DocumentCollectionSchema schema, KvKeyspace keyspace, Func`2 fullTextIndexFactory, Func`2 vectorIndexFactory) in D:\source\SonnetDB\src\SonnetDB.Core\Documents\DocumentCollectionStore.cs:line 45
   at SonnetDB.Documents.DocumentCollectionManager.OpenStoreLocked(DocumentCollectionSchema schema) in D:\source\SonnetDB\src\SonnetDB.Core\Documents\DocumentCollectionManager.cs:line 756
   at SonnetDB.Documents.DocumentCollectionManager.Create(DocumentCollectionSchema schema) in D:\source\SonnetDB\src\SonnetDB.Core\Documents\DocumentCollectionManager.cs:line 83
   at SonnetDB.SemanticContent.RagIngestionWriter.ExecuteAsync(RagIngestionWriterCheckpoint checkpoint, DatabaseGenerationQueryLease active, RagIngestionWriterCheckpoint previous, Func`3 embedAsync, CancellationToken token) in D:\source\SonnetDB\src\SonnetDB.Core\SemanticContent\RagIngestionWriter.cs:line 223
   at SonnetDB.SemanticContent.RagIngestionWriter.WriteAsync(RagIngestionSnapshot snapshot, Func`3 embedAsync, CancellationToken cancellationToken) in D:\source\SonnetDB\src\SonnetDB.Core\SemanticContent\RagIngestionWriter.cs:line 134
   at SonnetDB.Core.Tests.SemanticContent.RagIngestionWriterTests.WriteAsync_TransientProviderErrors_RetriesOnlyWithinConfiguredBudget() in D:\source\SonnetDB\tests\SonnetDB.Core.Tests\SemanticContent\RagIngestionWriterTests.cs:line 136
--- End of stack trace from previous location ---
----- Inner Stack Trace #2 (System.IO.IOException) -----
   at System.IO.FileSystem.RemoveDirectoryRecursive(String fullPath, WIN32_FIND_DATA& findData, Boolean topLevel)
   at System.IO.Directory.Delete(String path, Boolean recursive)
   at SonnetDB.Core.Tests.SemanticContent.RagIngestionWriterTests.Dispose() in D:\source\SonnetDB\tests\SonnetDB.Core.Tests\SemanticContent\RagIngestionWriterTests.cs:line 461
  失败 SonnetDB.Core.Tests.SemanticContent.RagIngestionWriterTests.ResumeAsync_FailureAfterOneChunkAndReopen_ReusesDurableProgressWithoutPublishingPartialData [59 ms]
  错误消息:
   System.AggregateException : One or more errors occurred. (Failed to open directory 'C:\Users\mysti\AppData\Local\Temp\sonnetdb-parallel-third-4eff92966347481daaf27153e9fadd95\scratch\sonnetdb-rag-writer-e3b241988c744f488b6864206e864e28\documents\vector\7261675f6661653663656361303165663430373938313464353864346536373530623031\7261675f766563746f72\wal' for durable metadata publication: 系统找不到指定的路径。) (The process cannot access the file 'keyspace.lock' because it is being used by another process.)
---- System.IO.IOException : Failed to open directory 'C:\Users\mysti\AppData\Local\Temp\sonnetdb-parallel-third-4eff92966347481daaf27153e9fadd95\scratch\sonnetdb-rag-writer-e3b241988c744f488b6864206e864e28\documents\vector\7261675f6661653663656361303165663430373938313464353864346536373530623031\7261675f766563746f72\wal' for durable metadata publication: 系统找不到指定的路径。
---- System.IO.IOException : The process cannot access the file 'keyspace.lock' because it is being used by another process.
  堆栈跟踪:
  
----- Inner Stack Trace #1 (System.IO.IOException) -----
   at SonnetDB.Wal.DirectoryFsync.FlushWindowsRequired(String directory) in D:\source\SonnetDB\src\SonnetDB.Core\Wal\DirectoryFsync.cs:line 139
   at SonnetDB.Wal.DirectoryFsync.FlushRequired(String directory) in D:\source\SonnetDB\src\SonnetDB.Core\Wal\DirectoryFsync.cs:line 60
   at SonnetDB.Kv.KvKeyspace.OpenWithLifecycleLease(String name, String rootDirectory, KvOptions options, FileStream lifecycleLease, KvDiskReadBudget diskReadBudget, Boolean ownsDiskReadBudget) in D:\source\SonnetDB\src\SonnetDB.Core\Kv\KvKeyspace.cs:line 567
   at SonnetDB.Kv.KvKeyspace.Open(String name, String rootDirectory, KvOptions options, KvDiskReadBudget diskReadBudget) in D:\source\SonnetDB\src\SonnetDB.Core\Kv\KvKeyspace.cs:line 419
   at SonnetDB.Documents.Vector.DocumentVectorIndexStore.Open(String directory, DocumentVectorIndex definition, KvOptions kvOptions) in D:\source\SonnetDB\src\SonnetDB.Core\Documents\Vector\DocumentVectorIndexStore.cs:line 73
   at SonnetDB.Documents.DocumentCollectionManager.<>c__DisplayClass40_0.<OpenStoreLocked>b__1(DocumentVectorIndex index) in D:\source\SonnetDB\src\SonnetDB.Core\Documents\DocumentCollectionManager.cs:line 760
   at SonnetDB.Documents.DocumentCollectionStore.OpenVectorStoreLocked(DocumentVectorIndex index, Boolean rebuildIfMissing) in D:\source\SonnetDB\src\SonnetDB.Core\Documents\DocumentCollectionStore.cs:line 2461
   at SonnetDB.Documents.DocumentCollectionStore.ReconcileVectorStoresLocked(DocumentCollectionSchema previousSchema, Boolean rebuildAll) in D:\source\SonnetDB\src\SonnetDB.Core\Documents\DocumentCollectionStore.cs:line 2430
   at SonnetDB.Documents.DocumentCollectionStore..ctor(DocumentCollectionSchema schema, KvKeyspace keyspace, Func`2 fullTextIndexFactory, Func`2 vectorIndexFactory) in D:\source\SonnetDB\src\SonnetDB.Core\Documents\DocumentCollectionStore.cs:line 45
   at SonnetDB.Documents.DocumentCollectionManager.OpenStoreLocked(DocumentCollectionSchema schema) in D:\source\SonnetDB\src\SonnetDB.Core\Documents\DocumentCollectionManager.cs:line 756
   at SonnetDB.Documents.DocumentCollectionManager.Create(DocumentCollectionSchema schema) in D:\source\SonnetDB\src\SonnetDB.Core\Documents\DocumentCollectionManager.cs:line 83
   at SonnetDB.SemanticContent.RagIngestionWriter.ExecuteAsync(RagIngestionWriterCheckpoint checkpoint, DatabaseGenerationQueryLease active, RagIngestionWriterCheckpoint previous, Func`3 embedAsync, CancellationToken token) in D:\source\SonnetDB\src\SonnetDB.Core\SemanticContent\RagIngestionWriter.cs:line 223
   at SonnetDB.SemanticContent.RagIngestionWriter.WriteAsync(RagIngestionSnapshot snapshot, Func`3 embedAsync, CancellationToken cancellationToken) in D:\source\SonnetDB\src\SonnetDB.Core\SemanticContent\RagIngestionWriter.cs:line 134
   at SonnetDB.Core.Tests.SemanticContent.RagIngestionWriterTests.ResumeAsync_FailureAfterOneChunkAndReopen_ReusesDurableProgressWithoutPublishingPartialData() in D:\source\SonnetDB\tests\SonnetDB.Core.Tests\SemanticContent\RagIngestionWriterTests.cs:line 75
--- End of stack trace from previous location ---
----- Inner Stack Trace #2 (System.IO.IOException) -----
   at System.IO.FileSystem.RemoveDirectoryRecursive(String fullPath, WIN32_FIND_DATA& findData, Boolean topLevel)
   at System.IO.Directory.Delete(String path, Boolean recursive)
   at SonnetDB.Core.Tests.SemanticContent.RagIngestionWriterTests.Dispose() in D:\source\SonnetDB\tests\SonnetDB.Core.Tests\SemanticContent\RagIngestionWriterTests.cs:line 461
  失败 SonnetDB.Core.Tests.SemanticContent.RagIngestionWriterTests.DiscardPendingAsync_UnfinishedJob_RemovesOnlyStagingAndAllowsNewSnapshot [68 ms]
  错误消息:
   System.AggregateException : One or more errors occurred. (Failed to open directory 'C:\Users\mysti\AppData\Local\Temp\sonnetdb-parallel-third-4eff92966347481daaf27153e9fadd95\scratch\sonnetdb-rag-writer-2714b5c70332466583a1f50061a4bd10\documents\vector\7261675f3436346339393763316238303431376339623137623133373261623135396663\7261675f766563746f72\wal' for durable metadata publication: 系统找不到指定的路径。) (The process cannot access the file 'keyspace.lock' because it is being used by another process.)
---- System.IO.IOException : Failed to open directory 'C:\Users\mysti\AppData\Local\Temp\sonnetdb-parallel-third-4eff92966347481daaf27153e9fadd95\scratch\sonnetdb-rag-writer-2714b5c70332466583a1f50061a4bd10\documents\vector\7261675f3436346339393763316238303431376339623137623133373261623135396663\7261675f766563746f72\wal' for durable metadata publication: 系统找不到指定的路径。
---- System.IO.IOException : The process cannot access the file 'keyspace.lock' because it is being used by another process.
  堆栈跟踪:
  
----- Inner Stack Trace #1 (System.IO.IOException) -----
   at SonnetDB.Wal.DirectoryFsync.FlushWindowsRequired(String directory) in D:\source\SonnetDB\src\SonnetDB.Core\Wal\DirectoryFsync.cs:line 139
   at SonnetDB.Wal.DirectoryFsync.FlushRequired(String directory) in D:\source\SonnetDB\src\SonnetDB.Core\Wal\DirectoryFsync.cs:line 60
   at SonnetDB.Kv.KvKeyspace.OpenWithLifecycleLease(String name, String rootDirectory, KvOptions options, FileStream lifecycleLease, KvDiskReadBudget diskReadBudget, Boolean ownsDiskReadBudget) in D:\source\SonnetDB\src\SonnetDB.Core\Kv\KvKeyspace.cs:line 567
   at SonnetDB.Kv.KvKeyspace.Open(String name, String rootDirectory, KvOptions options, KvDiskReadBudget diskReadBudget) in D:\source\SonnetDB\src\SonnetDB.Core\Kv\KvKeyspace.cs:line 419
   at SonnetDB.Documents.Vector.DocumentVectorIndexStore.Open(String directory, DocumentVectorIndex definition, KvOptions kvOptions) in D:\source\SonnetDB\src\SonnetDB.Core\Documents\Vector\DocumentVectorIndexStore.cs:line 73
   at SonnetDB.Documents.DocumentCollectionManager.<>c__DisplayClass40_0.<OpenStoreLocked>b__1(DocumentVectorIndex index) in D:\source\SonnetDB\src\SonnetDB.Core\Documents\DocumentCollectionManager.cs:line 760
   at SonnetDB.Documents.DocumentCollectionStore.OpenVectorStoreLocked(DocumentVectorIndex index, Boolean rebuildIfMissing) in D:\source\SonnetDB\src\SonnetDB.Core\Documents\DocumentCollectionStore.cs:line 2461
   at SonnetDB.Documents.DocumentCollectionStore.ReconcileVectorStoresLocked(DocumentCollectionSchema previousSchema, Boolean rebuildAll) in D:\source\SonnetDB\src\SonnetDB.Core\Documents\DocumentCollectionStore.cs:line 2430
   at SonnetDB.Documents.DocumentCollectionStore..ctor(DocumentCollectionSchema schema, KvKeyspace keyspace, Func`2 fullTextIndexFactory, Func`2 vectorIndexFactory) in D:\source\SonnetDB\src\SonnetDB.Core\Documents\DocumentCollectionStore.cs:line 45
   at SonnetDB.Documents.DocumentCollectionManager.OpenStoreLocked(DocumentCollectionSchema schema) in D:\source\SonnetDB\src\SonnetDB.Core\Documents\DocumentCollectionManager.cs:line 756
   at SonnetDB.Documents.DocumentCollectionManager.Create(DocumentCollectionSchema schema) in D:\source\SonnetDB\src\SonnetDB.Core\Documents\DocumentCollectionManager.cs:line 83
   at SonnetDB.SemanticContent.RagIngestionWriter.ExecuteAsync(RagIngestionWriterCheckpoint checkpoint, DatabaseGenerationQueryLease active, RagIngestionWriterCheckpoint previous, Func`3 embedAsync, CancellationToken token) in D:\source\SonnetDB\src\SonnetDB.Core\SemanticContent\RagIngestionWriter.cs:line 223
   at SonnetDB.SemanticContent.RagIngestionWriter.WriteAsync(RagIngestionSnapshot snapshot, Func`3 embedAsync, CancellationToken cancellationToken) in D:\source\SonnetDB\src\SonnetDB.Core\SemanticContent\RagIngestionWriter.cs:line 134
   at SonnetDB.Core.Tests.SemanticContent.RagIngestionWriterTests.DiscardPendingAsync_UnfinishedJob_RemovesOnlyStagingAndAllowsNewSnapshot() in D:\source\SonnetDB\tests\SonnetDB.Core.Tests\SemanticContent\RagIngestionWriterTests.cs:line 258
--- End of stack trace from previous location ---
----- Inner Stack Trace #2 (System.IO.IOException) -----
   at System.IO.FileSystem.RemoveDirectoryRecursive(String fullPath, WIN32_FIND_DATA& findData, Boolean topLevel)
   at System.IO.Directory.Delete(String path, Boolean recursive)
   at SonnetDB.Core.Tests.SemanticContent.RagIngestionWriterTests.Dispose() in D:\source\SonnetDB\tests\SonnetDB.Core.Tests\SemanticContent\RagIngestionWriterTests.cs:line 461
  失败 SonnetDB.Core.Tests.SemanticContent.RagIngestionWriterTests.WriteAsync_UnchangedChunks_ReusesVectorsAndNoopKeepsRevision [70 ms]
  错误消息:
   System.AggregateException : One or more errors occurred. (Failed to open directory 'C:\Users\mysti\AppData\Local\Temp\sonnetdb-parallel-third-4eff92966347481daaf27153e9fadd95\scratch\sonnetdb-rag-writer-096b50cc259a41d49412bb4bd956c55a\documents\vector\7261675f6434383932613566633237663434346438626239336334643339616663373566\7261675f766563746f72\wal' for durable metadata publication: 系统找不到指定的路径。) (The process cannot access the file 'keyspace.lock' because it is being used by another process.)
---- System.IO.IOException : Failed to open directory 'C:\Users\mysti\AppData\Local\Temp\sonnetdb-parallel-third-4eff92966347481daaf27153e9fadd95\scratch\sonnetdb-rag-writer-096b50cc259a41d49412bb4bd956c55a\documents\vector\7261675f6434383932613566633237663434346438626239336334643339616663373566\7261675f766563746f72\wal' for durable metadata publication: 系统找不到指定的路径。
---- System.IO.IOException : The process cannot access the file 'keyspace.lock' because it is being used by another process.
  堆栈跟踪:
  
----- Inner Stack Trace #1 (System.IO.IOException) -----
   at SonnetDB.Wal.DirectoryFsync.FlushWindowsRequired(String directory) in D:\source\SonnetDB\src\SonnetDB.Core\Wal\DirectoryFsync.cs:line 139
   at SonnetDB.Wal.DirectoryFsync.FlushRequired(String directory) in D:\source\SonnetDB\src\SonnetDB.Core\Wal\DirectoryFsync.cs:line 60
   at SonnetDB.Kv.KvKeyspace.OpenWithLifecycleLease(String name, String rootDirectory, KvOptions options, FileStream lifecycleLease, KvDiskReadBudget diskReadBudget, Boolean ownsDiskReadBudget) in D:\source\SonnetDB\src\SonnetDB.Core\Kv\KvKeyspace.cs:line 567
   at SonnetDB.Kv.KvKeyspace.Open(String name, String rootDirectory, KvOptions options, KvDiskReadBudget diskReadBudget) in D:\source\SonnetDB\src\SonnetDB.Core\Kv\KvKeyspace.cs:line 419
   at SonnetDB.Documents.Vector.DocumentVectorIndexStore.Open(String directory, DocumentVectorIndex definition, KvOptions kvOptions) in D:\source\SonnetDB\src\SonnetDB.Core\Documents\Vector\DocumentVectorIndexStore.cs:line 73
   at SonnetDB.Documents.DocumentCollectionManager.<>c__DisplayClass40_0.<OpenStoreLocked>b__1(DocumentVectorIndex index) in D:\source\SonnetDB\src\SonnetDB.Core\Documents\DocumentCollectionManager.cs:line 760
   at SonnetDB.Documents.DocumentCollectionStore.OpenVectorStoreLocked(DocumentVectorIndex index, Boolean rebuildIfMissing) in D:\source\SonnetDB\src\SonnetDB.Core\Documents\DocumentCollectionStore.cs:line 2461
   at SonnetDB.Documents.DocumentCollectionStore.ReconcileVectorStoresLocked(DocumentCollectionSchema previousSchema, Boolean rebuildAll) in D:\source\SonnetDB\src\SonnetDB.Core\Documents\DocumentCollectionStore.cs:line 2430
   at SonnetDB.Documents.DocumentCollectionStore..ctor(DocumentCollectionSchema schema, KvKeyspace keyspace, Func`2 fullTextIndexFactory, Func`2 vectorIndexFactory) in D:\source\SonnetDB\src\SonnetDB.Core\Documents\DocumentCollectionStore.cs:line 45
   at SonnetDB.Documents.DocumentCollectionManager.OpenStoreLocked(DocumentCollectionSchema schema) in D:\source\SonnetDB\src\SonnetDB.Core\Documents\DocumentCollectionManager.cs:line 756
   at SonnetDB.Documents.DocumentCollectionManager.Create(DocumentCollectionSchema schema) in D:\source\SonnetDB\src\SonnetDB.Core\Documents\DocumentCollectionManager.cs:line 83
   at SonnetDB.SemanticContent.RagIngestionWriter.ExecuteAsync(RagIngestionWriterCheckpoint checkpoint, DatabaseGenerationQueryLease active, RagIngestionWriterCheckpoint previous, Func`3 embedAsync, CancellationToken token) in D:\source\SonnetDB\src\SonnetDB.Core\SemanticContent\RagIngestionWriter.cs:line 223
   at SonnetDB.SemanticContent.RagIngestionWriter.WriteAsync(RagIngestionSnapshot snapshot, Func`3 embedAsync, CancellationToken cancellationToken) in D:\source\SonnetDB\src\SonnetDB.Core\SemanticContent\RagIngestionWriter.cs:line 134
   at SonnetDB.Core.Tests.SemanticContent.RagIngestionWriterTests.WriteAsync_UnchangedChunks_ReusesVectorsAndNoopKeepsRevision() in D:\source\SonnetDB\tests\SonnetDB.Core.Tests\SemanticContent\RagIngestionWriterTests.cs:line 180
--- End of stack trace from previous location ---
----- Inner Stack Trace #2 (System.IO.IOException) -----
   at System.IO.FileSystem.RemoveDirectoryRecursive(String fullPath, WIN32_FIND_DATA& findData, Boolean topLevel)
   at System.IO.Directory.Delete(String path, Boolean recursive)
   at SonnetDB.Core.Tests.SemanticContent.RagIngestionWriterTests.Dispose() in D:\source\SonnetDB\tests\SonnetDB.Core.Tests\SemanticContent\RagIngestionWriterTests.cs:line 461
  失败 SonnetDB.Core.Tests.SemanticContent.RagIngestionWriterTests.ResumeAsync_UnknownCheckpointVersion_RejectsBeforeProviderAndKeepsStaging [76 ms]
  错误消息:
   System.AggregateException : One or more errors occurred. (Assert.Equal() Failure: Values differ
Expected: 1
Actual:   0) (The process cannot access the file 'keyspace.lock' because it is being used by another process.)
---- Assert.Equal() Failure: Values differ
Expected: 1
Actual:   0
---- System.IO.IOException : The process cannot access the file 'keyspace.lock' because it is being used by another process.
  堆栈跟踪:
  
----- Inner Stack Trace #1 (Xunit.Sdk.EqualException) -----
   at SonnetDB.Core.Tests.SemanticContent.RagIngestionWriterTests.ResumeAsync_UnknownCheckpointVersion_RejectsBeforeProviderAndKeepsStaging() in D:\source\SonnetDB\tests\SonnetDB.Core.Tests\SemanticContent\RagIngestionWriterTests.cs:line 399
--- End of stack trace from previous location ---
----- Inner Stack Trace #2 (System.IO.IOException) -----
   at System.IO.FileSystem.RemoveDirectoryRecursive(String fullPath, WIN32_FIND_DATA& findData, Boolean topLevel)
   at System.IO.Directory.Delete(String path, Boolean recursive)
   at SonnetDB.Core.Tests.SemanticContent.RagIngestionWriterTests.Dispose() in D:\source\SonnetDB\tests\SonnetDB.Core.Tests\SemanticContent\RagIngestionWriterTests.cs:line 461
  失败 SonnetDB.Core.Tests.SemanticContent.RagIngestionWriterTests.WriteAsync_EmptySnapshot_DeletesAllActiveDocumentAndDerivedHits [73 ms]
  错误消息:
   System.AggregateException : One or more errors occurred. (Failed to open directory 'C:\Users\mysti\AppData\Local\Temp\sonnetdb-parallel-third-4eff92966347481daaf27153e9fadd95\scratch\sonnetdb-rag-writer-36538601fc7a4f32bacdf1720bec09d9\documents\vector\7261675f3533366437346235653932663439393738643137626537636639353530343031\7261675f766563746f72\wal' for durable metadata publication: 系统找不到指定的路径。) (The process cannot access the file 'keyspace.lock' because it is being used by another process.)
---- System.IO.IOException : Failed to open directory 'C:\Users\mysti\AppData\Local\Temp\sonnetdb-parallel-third-4eff92966347481daaf27153e9fadd95\scratch\sonnetdb-rag-writer-36538601fc7a4f32bacdf1720bec09d9\documents\vector\7261675f3533366437346235653932663439393738643137626537636639353530343031\7261675f766563746f72\wal' for durable metadata publication: 系统找不到指定的路径。
---- System.IO.IOException : The process cannot access the file 'keyspace.lock' because it is being used by another process.
  堆栈跟踪:
  
----- Inner Stack Trace #1 (System.IO.IOException) -----
   at SonnetDB.Wal.DirectoryFsync.FlushWindowsRequired(String directory) in D:\source\SonnetDB\src\SonnetDB.Core\Wal\DirectoryFsync.cs:line 139
   at SonnetDB.Wal.DirectoryFsync.FlushRequired(String directory) in D:\source\SonnetDB\src\SonnetDB.Core\Wal\DirectoryFsync.cs:line 60
   at SonnetDB.Kv.KvKeyspace.OpenWithLifecycleLease(String name, String rootDirectory, KvOptions options, FileStream lifecycleLease, KvDiskReadBudget diskReadBudget, Boolean ownsDiskReadBudget) in D:\source\SonnetDB\src\SonnetDB.Core\Kv\KvKeyspace.cs:line 567
   at SonnetDB.Kv.KvKeyspace.Open(String name, String rootDirectory, KvOptions options, KvDiskReadBudget diskReadBudget) in D:\source\SonnetDB\src\SonnetDB.Core\Kv\KvKeyspace.cs:line 419
   at SonnetDB.Documents.Vector.DocumentVectorIndexStore.Open(String directory, DocumentVectorIndex definition, KvOptions kvOptions) in D:\source\SonnetDB\src\SonnetDB.Core\Documents\Vector\DocumentVectorIndexStore.cs:line 73
   at SonnetDB.Documents.DocumentCollectionManager.<>c__DisplayClass40_0.<OpenStoreLocked>b__1(DocumentVectorIndex index) in D:\source\SonnetDB\src\SonnetDB.Core\Documents\DocumentCollectionManager.cs:line 760
   at SonnetDB.Documents.DocumentCollectionStore.OpenVectorStoreLocked(DocumentVectorIndex index, Boolean rebuildIfMissing) in D:\source\SonnetDB\src\SonnetDB.Core\Documents\DocumentCollectionStore.cs:line 2461
   at SonnetDB.Documents.DocumentCollectionStore.ReconcileVectorStoresLocked(DocumentCollectionSchema previousSchema, Boolean rebuildAll) in D:\source\SonnetDB\src\SonnetDB.Core\Documents\DocumentCollectionStore.cs:line 2430
   at SonnetDB.Documents.DocumentCollectionStore..ctor(DocumentCollectionSchema schema, KvKeyspace keyspace, Func`2 fullTextIndexFactory, Func`2 vectorIndexFactory) in D:\source\SonnetDB\src\SonnetDB.Core\Documents\DocumentCollectionStore.cs:line 45
   at SonnetDB.Documents.DocumentCollectionManager.OpenStoreLocked(DocumentCollectionSchema schema) in D:\source\SonnetDB\src\SonnetDB.Core\Documents\DocumentCollectionManager.cs:line 756
   at SonnetDB.Documents.DocumentCollectionManager.Create(DocumentCollectionSchema schema) in D:\source\SonnetDB\src\SonnetDB.Core\Documents\DocumentCollectionManager.cs:line 83
   at SonnetDB.SemanticContent.RagIngestionWriter.ExecuteAsync(RagIngestionWriterCheckpoint checkpoint, DatabaseGenerationQueryLease active, RagIngestionWriterCheckpoint previous, Func`3 embedAsync, CancellationToken token) in D:\source\SonnetDB\src\SonnetDB.Core\SemanticContent\RagIngestionWriter.cs:line 223
   at SonnetDB.SemanticContent.RagIngestionWriter.WriteAsync(RagIngestionSnapshot snapshot, Func`3 embedAsync, CancellationToken cancellationToken) in D:\source\SonnetDB\src\SonnetDB.Core\SemanticContent\RagIngestionWriter.cs:line 134
   at SonnetDB.Core.Tests.SemanticContent.RagIngestionWriterTests.WriteAsync_EmptySnapshot_DeletesAllActiveDocumentAndDerivedHits() in D:\source\SonnetDB\tests\SonnetDB.Core.Tests\SemanticContent\RagIngestionWriterTests.cs:line 354
--- End of stack trace from previous location ---
----- Inner Stack Trace #2 (System.IO.IOException) -----
   at System.IO.FileSystem.RemoveDirectoryRecursive(String fullPath, WIN32_FIND_DATA& findData, Boolean topLevel)
   at System.IO.Directory.Delete(String path, Boolean recursive)
   at SonnetDB.Core.Tests.SemanticContent.RagIngestionWriterTests.Dispose() in D:\source\SonnetDB\tests\SonnetDB.Core.Tests\SemanticContent\RagIngestionWriterTests.cs:line 461
  失败 SonnetDB.Core.Tests.SemanticContent.RagIngestionWriterTests.WriteAsync_ProviderHonorsDeadline_CancelsWithoutPublishing [74 ms]
  错误消息:
   System.AggregateException : One or more errors occurred. (Assert.ThrowsAny() Failure: Exception type was not compatible
Expected: typeof(System.OperationCanceledException)
Actual:   typeof(System.IO.IOException)) (The process cannot access the file 'keyspace.lock' because it is being used by another process.)
---- Assert.ThrowsAny() Failure: Exception type was not compatible
Expected: typeof(System.OperationCanceledException)
Actual:   typeof(System.IO.IOException)
-------- System.IO.IOException : Failed to open directory 'C:\Users\mysti\AppData\Local\Temp\sonnetdb-parallel-third-4eff92966347481daaf27153e9fadd95\scratch\sonnetdb-rag-writer-0ae796e774d4445ba70211ecf82c269d\documents\vector\7261675f3939333230313737386333353435623539303135393235343464666531363665\7261675f766563746f72\wal' for durable metadata publication: 系统找不到指定的路径。
---- System.IO.IOException : The process cannot access the file 'keyspace.lock' because it is being used by another process.
  堆栈跟踪:
  
----- Inner Stack Trace #1 (Xunit.Sdk.ThrowsAnyException) -----
   at SonnetDB.Core.Tests.SemanticContent.RagIngestionWriterTests.WriteAsync_ProviderHonorsDeadline_CancelsWithoutPublishing() in D:\source\SonnetDB\tests\SonnetDB.Core.Tests\SemanticContent\RagIngestionWriterTests.cs:line 341
--- End of stack trace from previous location ---
----- Inner Stack Trace -----
   at SonnetDB.Wal.DirectoryFsync.FlushWindowsRequired(String directory) in D:\source\SonnetDB\src\SonnetDB.Core\Wal\DirectoryFsync.cs:line 139
   at SonnetDB.Wal.DirectoryFsync.FlushRequired(String directory) in D:\source\SonnetDB\src\SonnetDB.Core\Wal\DirectoryFsync.cs:line 60
   at SonnetDB.Kv.KvKeyspace.OpenWithLifecycleLease(String name, String rootDirectory, KvOptions options, FileStream lifecycleLease, KvDiskReadBudget diskReadBudget, Boolean ownsDiskReadBudget) in D:\source\SonnetDB\src\SonnetDB.Core\Kv\KvKeyspace.cs:line 567
   at SonnetDB.Kv.KvKeyspace.Open(String name, String rootDirectory, KvOptions options, KvDiskReadBudget diskReadBudget) in D:\source\SonnetDB\src\SonnetDB.Core\Kv\KvKeyspace.cs:line 419
   at SonnetDB.Documents.Vector.DocumentVectorIndexStore.Open(String directory, DocumentVectorIndex definition, KvOptions kvOptions) in D:\source\SonnetDB\src\SonnetDB.Core\Documents\Vector\DocumentVectorIndexStore.cs:line 73
   at SonnetDB.Documents.DocumentCollectionManager.<>c__DisplayClass40_0.<OpenStoreLocked>b__1(DocumentVectorIndex index) in D:\source\SonnetDB\src\SonnetDB.Core\Documents\DocumentCollectionManager.cs:line 760
   at SonnetDB.Documents.DocumentCollectionStore.OpenVectorStoreLocked(DocumentVectorIndex index, Boolean rebuildIfMissing) in D:\source\SonnetDB\src\SonnetDB.Core\Documents\DocumentCollectionStore.cs:line 2461
   at SonnetDB.Documents.DocumentCollectionStore.ReconcileVectorStoresLocked(DocumentCollectionSchema previousSchema, Boolean rebuildAll) in D:\source\SonnetDB\src\SonnetDB.Core\Documents\DocumentCollectionStore.cs:line 2430
   at SonnetDB.Documents.DocumentCollectionStore..ctor(DocumentCollectionSchema schema, KvKeyspace keyspace, Func`2 fullTextIndexFactory, Func`2 vectorIndexFactory) in D:\source\SonnetDB\src\SonnetDB.Core\Documents\DocumentCollectionStore.cs:line 45
   at SonnetDB.Documents.DocumentCollectionManager.OpenStoreLocked(DocumentCollectionSchema schema) in D:\source\SonnetDB\src\SonnetDB.Core\Documents\DocumentCollectionManager.cs:line 756
   at SonnetDB.Documents.DocumentCollectionManager.Create(DocumentCollectionSchema schema) in D:\source\SonnetDB\src\SonnetDB.Core\Documents\DocumentCollectionManager.cs:line 83
   at SonnetDB.SemanticContent.RagIngestionWriter.ExecuteAsync(RagIngestionWriterCheckpoint checkpoint, DatabaseGenerationQueryLease active, RagIngestionWriterCheckpoint previous, Func`3 embedAsync, CancellationToken token) in D:\source\SonnetDB\src\SonnetDB.Core\SemanticContent\RagIngestionWriter.cs:line 223
   at SonnetDB.SemanticContent.RagIngestionWriter.WriteAsync(RagIngestionSnapshot snapshot, Func`3 embedAsync, CancellationToken cancellationToken) in D:\source\SonnetDB\src\SonnetDB.Core\SemanticContent\RagIngestionWriter.cs:line 134
----- Inner Stack Trace #2 (System.IO.IOException) -----
   at System.IO.FileSystem.RemoveDirectoryRecursive(String fullPath, WIN32_FIND_DATA& findData, Boolean topLevel)
   at System.IO.Directory.Delete(String path, Boolean recursive)
   at SonnetDB.Core.Tests.SemanticContent.RagIngestionWriterTests.Dispose() in D:\source\SonnetDB\tests\SonnetDB.Core.Tests\SemanticContent\RagIngestionWriterTests.cs:line 461
  失败 SonnetDB.Core.Tests.SemanticContent.RagIngestionWriterTests.ResumeAsync_FailureAfterAtomicPublish_ReturnsCommittedGenerationWithoutProviderReplay [89 ms]
  错误消息:
   System.AggregateException : One or more errors occurred. (KV keyspace root 'C:\Users\mysti\AppData\Local\Temp\sonnetdb-parallel-third-4eff92966347481daaf27153e9fadd95\scratch\sonnetdb-rag-writer-ea405898fb594921aa161653490e0c82\documents\collections\7261675f6132663063333939346437373439346561643833343464393832363065353561' is already owned by another live instance or a checkpoint that is still completing disposal.) (The process cannot access the file 'keyspace.lock' because it is being used by another process.)
---- System.IO.IOException : KV keyspace root 'C:\Users\mysti\AppData\Local\Temp\sonnetdb-parallel-third-4eff92966347481daaf27153e9fadd95\scratch\sonnetdb-rag-writer-ea405898fb594921aa161653490e0c82\documents\collections\7261675f6132663063333939346437373439346561643833343464393832363065353561' is already owned by another live instance or a checkpoint that is still completing disposal.
-------- System.IO.IOException : The process cannot access the file 'C:\Users\mysti\AppData\Local\Temp\sonnetdb-parallel-third-4eff92966347481daaf27153e9fadd95\scratch\sonnetdb-rag-writer-ea405898fb594921aa161653490e0c82\documents\collections\7261675f6132663063333939346437373439346561643833343464393832363065353561\keyspace.lock' because it is being used by another process.
---- System.IO.IOException : The process cannot access the file 'keyspace.lock' because it is being used by another process.
  堆栈跟踪:
  
----- Inner Stack Trace #1 (System.IO.IOException) -----
   at SonnetDB.Kv.KvKeyspace.AcquireLifecycleLease(String rootDirectory) in D:\source\SonnetDB\src\SonnetDB.Core\Kv\KvKeyspace.cs:line 2850
   at SonnetDB.Kv.KvKeyspace.Open(String name, String rootDirectory, KvOptions options, KvDiskReadBudget diskReadBudget) in D:\source\SonnetDB\src\SonnetDB.Core\Kv\KvKeyspace.cs:line 412
   at SonnetDB.Documents.DocumentCollectionManager.OpenStoreLocked(DocumentCollectionSchema schema) in D:\source\SonnetDB\src\SonnetDB.Core\Documents\DocumentCollectionManager.cs:line 755
   at SonnetDB.Documents.DocumentCollectionManager.Open(String name) in D:\source\SonnetDB\src\SonnetDB.Core\Documents\DocumentCollectionManager.cs:line 697
   at SonnetDB.SemanticContent.RagIngestionWriter.ExecuteAsync(RagIngestionWriterCheckpoint checkpoint, DatabaseGenerationQueryLease active, RagIngestionWriterCheckpoint previous, Func`3 embedAsync, CancellationToken token) in D:\source\SonnetDB\src\SonnetDB.Core\SemanticContent\RagIngestionWriter.cs:line 228
   at SonnetDB.SemanticContent.RagIngestionWriter.ResumeAsync(Func`3 embedAsync, CancellationToken cancellationToken) in D:\source\SonnetDB\src\SonnetDB.Core\SemanticContent\RagIngestionWriter.cs:line 169
   at SonnetDB.Core.Tests.SemanticContent.RagIngestionWriterTests.ResumeAsync_FailureAfterAtomicPublish_ReturnsCommittedGenerationWithoutProviderReplay() in D:\source\SonnetDB\tests\SonnetDB.Core.Tests\SemanticContent\RagIngestionWriterTests.cs:line 204
--- End of stack trace from previous location ---
----- Inner Stack Trace -----
   at System.IO.Strategies.OSFileStreamStrategy..ctor(String path, FileMode mode, FileAccess access, FileShare share, FileOptions options, Int64 preallocationSize, Nullable`1 unixCreateMode)
   at SonnetDB.Kv.KvKeyspace.AcquireLifecycleLease(String rootDirectory) in D:\source\SonnetDB\src\SonnetDB.Core\Kv\KvKeyspace.cs:line 2837
----- Inner Stack Trace #2 (System.IO.IOException) -----
   at System.IO.FileSystem.RemoveDirectoryRecursive(String fullPath, WIN32_FIND_DATA& findData, Boolean topLevel)
   at System.IO.Directory.Delete(String path, Boolean recursive)
   at SonnetDB.Core.Tests.SemanticContent.RagIngestionWriterTests.Dispose() in D:\source\SonnetDB\tests\SonnetDB.Core.Tests\SemanticContent\RagIngestionWriterTests.cs:line 461
  失败 SonnetDB.Core.Tests.SemanticContent.RagIngestionWriterTests.WriteAsync_InvalidVector_LeavesActiveVersionAndDoesNotRetry(nonFinite: True) [67 ms]
  错误消息:
   System.AggregateException : One or more errors occurred. (Failed to open directory 'C:\Users\mysti\AppData\Local\Temp\sonnetdb-parallel-third-4eff92966347481daaf27153e9fadd95\scratch\sonnetdb-rag-writer-2a2f99ac2ed14fe0a4009d71fc00162f\documents\vector\7261675f3638353366633464376432623434393739336536646334396636386430613831\7261675f766563746f72\wal' for durable metadata publication: 系统找不到指定的路径。) (The process cannot access the file 'keyspace.lock' because it is being used by another process.)
---- System.IO.IOException : Failed to open directory 'C:\Users\mysti\AppData\Local\Temp\sonnetdb-parallel-third-4eff92966347481daaf27153e9fadd95\scratch\sonnetdb-rag-writer-2a2f99ac2ed14fe0a4009d71fc00162f\documents\vector\7261675f3638353366633464376432623434393739336536646334396636386430613831\7261675f766563746f72\wal' for durable metadata publication: 系统找不到指定的路径。
---- System.IO.IOException : The process cannot access the file 'keyspace.lock' because it is being used by another process.
  堆栈跟踪:
  
----- Inner Stack Trace #1 (System.IO.IOException) -----
   at SonnetDB.Wal.DirectoryFsync.FlushWindowsRequired(String directory) in D:\source\SonnetDB\src\SonnetDB.Core\Wal\DirectoryFsync.cs:line 139
   at SonnetDB.Wal.DirectoryFsync.FlushRequired(String directory) in D:\source\SonnetDB\src\SonnetDB.Core\Wal\DirectoryFsync.cs:line 60
   at SonnetDB.Kv.KvKeyspace.OpenWithLifecycleLease(String name, String rootDirectory, KvOptions options, FileStream lifecycleLease, KvDiskReadBudget diskReadBudget, Boolean ownsDiskReadBudget) in D:\source\SonnetDB\src\SonnetDB.Core\Kv\KvKeyspace.cs:line 567
   at SonnetDB.Kv.KvKeyspace.Open(String name, String rootDirectory, KvOptions options, KvDiskReadBudget diskReadBudget) in D:\source\SonnetDB\src\SonnetDB.Core\Kv\KvKeyspace.cs:line 419
   at SonnetDB.Documents.Vector.DocumentVectorIndexStore.Open(String directory, DocumentVectorIndex definition, KvOptions kvOptions) in D:\source\SonnetDB\src\SonnetDB.Core\Documents\Vector\DocumentVectorIndexStore.cs:line 73
   at SonnetDB.Documents.DocumentCollectionManager.<>c__DisplayClass40_0.<OpenStoreLocked>b__1(DocumentVectorIndex index) in D:\source\SonnetDB\src\SonnetDB.Core\Documents\DocumentCollectionManager.cs:line 760
   at SonnetDB.Documents.DocumentCollectionStore.OpenVectorStoreLocked(DocumentVectorIndex index, Boolean rebuildIfMissing) in D:\source\SonnetDB\src\SonnetDB.Core\Documents\DocumentCollectionStore.cs:line 2461
   at SonnetDB.Documents.DocumentCollectionStore.ReconcileVectorStoresLocked(DocumentCollectionSchema previousSchema, Boolean rebuildAll) in D:\source\SonnetDB\src\SonnetDB.Core\Documents\DocumentCollectionStore.cs:line 2430
   at SonnetDB.Documents.DocumentCollectionStore..ctor(DocumentCollectionSchema schema, KvKeyspace keyspace, Func`2 fullTextIndexFactory, Func`2 vectorIndexFactory) in D:\source\SonnetDB\src\SonnetDB.Core\Documents\DocumentCollectionStore.cs:line 45
   at SonnetDB.Documents.DocumentCollectionManager.OpenStoreLocked(DocumentCollectionSchema schema) in D:\source\SonnetDB\src\SonnetDB.Core\Documents\DocumentCollectionManager.cs:line 756
   at SonnetDB.Documents.DocumentCollectionManager.Create(DocumentCollectionSchema schema) in D:\source\SonnetDB\src\SonnetDB.Core\Documents\DocumentCollectionManager.cs:line 83
   at SonnetDB.SemanticContent.RagIngestionWriter.ExecuteAsync(RagIngestionWriterCheckpoint checkpoint, DatabaseGenerationQueryLease active, RagIngestionWriterCheckpoint previous, Func`3 embedAsync, CancellationToken token) in D:\source\SonnetDB\src\SonnetDB.Core\SemanticContent\RagIngestionWriter.cs:line 223
   at SonnetDB.SemanticContent.RagIngestionWriter.WriteAsync(RagIngestionSnapshot snapshot, Func`3 embedAsync, CancellationToken cancellationToken) in D:\source\SonnetDB\src\SonnetDB.Core\SemanticContent\RagIngestionWriter.cs:line 134
   at SonnetDB.Core.Tests.SemanticContent.RagIngestionWriterTests.WriteAsync_InvalidVector_LeavesActiveVersionAndDoesNotRetry(Boolean nonFinite) in D:\source\SonnetDB\tests\SonnetDB.Core.Tests\SemanticContent\RagIngestionWriterTests.cs:line 162
--- End of stack trace from previous location ---
----- Inner Stack Trace #2 (System.IO.IOException) -----
   at System.IO.FileSystem.RemoveDirectoryRecursive(String fullPath, WIN32_FIND_DATA& findData, Boolean topLevel)
   at System.IO.Directory.Delete(String path, Boolean recursive)
   at SonnetDB.Core.Tests.SemanticContent.RagIngestionWriterTests.Dispose() in D:\source\SonnetDB\tests\SonnetDB.Core.Tests\SemanticContent\RagIngestionWriterTests.cs:line 461
  失败 SonnetDB.Core.Tests.SemanticContent.RagIngestionWriterTests.WriteAsync_InvalidVector_LeavesActiveVersionAndDoesNotRetry(nonFinite: False) [70 ms]
  错误消息:
   System.AggregateException : One or more errors occurred. (Failed to open directory 'C:\Users\mysti\AppData\Local\Temp\sonnetdb-parallel-third-4eff92966347481daaf27153e9fadd95\scratch\sonnetdb-rag-writer-c1a5365d19054b7981f37e0e9fc283c3\documents\vector\7261675f3964636631626663303363633432373861653133303464383266373432623334\7261675f766563746f72\wal' for durable metadata publication: 系统找不到指定的路径。) (The process cannot access the file 'keyspace.lock' because it is being used by another process.)
---- System.IO.IOException : Failed to open directory 'C:\Users\mysti\AppData\Local\Temp\sonnetdb-parallel-third-4eff92966347481daaf27153e9fadd95\scratch\sonnetdb-rag-writer-c1a5365d19054b7981f37e0e9fc283c3\documents\vector\7261675f3964636631626663303363633432373861653133303464383266373432623334\7261675f766563746f72\wal' for durable metadata publication: 系统找不到指定的路径。
---- System.IO.IOException : The process cannot access the file 'keyspace.lock' because it is being used by another process.
  堆栈跟踪:
  
----- Inner Stack Trace #1 (System.IO.IOException) -----
   at SonnetDB.Wal.DirectoryFsync.FlushWindowsRequired(String directory) in D:\source\SonnetDB\src\SonnetDB.Core\Wal\DirectoryFsync.cs:line 139
   at SonnetDB.Wal.DirectoryFsync.FlushRequired(String directory) in D:\source\SonnetDB\src\SonnetDB.Core\Wal\DirectoryFsync.cs:line 60
   at SonnetDB.Kv.KvKeyspace.OpenWithLifecycleLease(String name, String rootDirectory, KvOptions options, FileStream lifecycleLease, KvDiskReadBudget diskReadBudget, Boolean ownsDiskReadBudget) in D:\source\SonnetDB\src\SonnetDB.Core\Kv\KvKeyspace.cs:line 567
   at SonnetDB.Kv.KvKeyspace.Open(String name, String rootDirectory, KvOptions options, KvDiskReadBudget diskReadBudget) in D:\source\SonnetDB\src\SonnetDB.Core\Kv\KvKeyspace.cs:line 419
   at SonnetDB.Documents.Vector.DocumentVectorIndexStore.Open(String directory, DocumentVectorIndex definition, KvOptions kvOptions) in D:\source\SonnetDB\src\SonnetDB.Core\Documents\Vector\DocumentVectorIndexStore.cs:line 73
   at SonnetDB.Documents.DocumentCollectionManager.<>c__DisplayClass40_0.<OpenStoreLocked>b__1(DocumentVectorIndex index) in D:\source\SonnetDB\src\SonnetDB.Core\Documents\DocumentCollectionManager.cs:line 760
   at SonnetDB.Documents.DocumentCollectionStore.OpenVectorStoreLocked(DocumentVectorIndex index, Boolean rebuildIfMissing) in D:\source\SonnetDB\src\SonnetDB.Core\Documents\DocumentCollectionStore.cs:line 2461
   at SonnetDB.Documents.DocumentCollectionStore.ReconcileVectorStoresLocked(DocumentCollectionSchema previousSchema, Boolean rebuildAll) in D:\source\SonnetDB\src\SonnetDB.Core\Documents\DocumentCollectionStore.cs:line 2430
   at SonnetDB.Documents.DocumentCollectionStore..ctor(DocumentCollectionSchema schema, KvKeyspace keyspace, Func`2 fullTextIndexFactory, Func`2 vectorIndexFactory) in D:\source\SonnetDB\src\SonnetDB.Core\Documents\DocumentCollectionStore.cs:line 45
   at SonnetDB.Documents.DocumentCollectionManager.OpenStoreLocked(DocumentCollectionSchema schema) in D:\source\SonnetDB\src\SonnetDB.Core\Documents\DocumentCollectionManager.cs:line 756
   at SonnetDB.Documents.DocumentCollectionManager.Create(DocumentCollectionSchema schema) in D:\source\SonnetDB\src\SonnetDB.Core\Documents\DocumentCollectionManager.cs:line 83
   at SonnetDB.SemanticContent.RagIngestionWriter.ExecuteAsync(RagIngestionWriterCheckpoint checkpoint, DatabaseGenerationQueryLease active, RagIngestionWriterCheckpoint previous, Func`3 embedAsync, CancellationToken token) in D:\source\SonnetDB\src\SonnetDB.Core\SemanticContent\RagIngestionWriter.cs:line 223
   at SonnetDB.SemanticContent.RagIngestionWriter.WriteAsync(RagIngestionSnapshot snapshot, Func`3 embedAsync, CancellationToken cancellationToken) in D:\source\SonnetDB\src\SonnetDB.Core\SemanticContent\RagIngestionWriter.cs:line 134
   at SonnetDB.Core.Tests.SemanticContent.RagIngestionWriterTests.WriteAsync_InvalidVector_LeavesActiveVersionAndDoesNotRetry(Boolean nonFinite) in D:\source\SonnetDB\tests\SonnetDB.Core.Tests\SemanticContent\RagIngestionWriterTests.cs:line 162
--- End of stack trace from previous location ---
----- Inner Stack Trace #2 (System.IO.IOException) -----
   at System.IO.FileSystem.RemoveDirectoryRecursive(String fullPath, WIN32_FIND_DATA& findData, Boolean topLevel)
   at System.IO.Directory.Delete(String path, Boolean recursive)
   at SonnetDB.Core.Tests.SemanticContent.RagIngestionWriterTests.Dispose() in D:\source\SonnetDB\tests\SonnetDB.Core.Tests\SemanticContent\RagIngestionWriterTests.cs:line 461
  失败 SonnetDB.Core.Tests.SemanticContent.RagIngestionWriterTests.DiscardPendingAsync_PublishedJobBecomesRetired_DoesNotDeletePublishedResources [70 ms]
  错误消息:
   System.AggregateException : One or more errors occurred. (Failed to open directory 'C:\Users\mysti\AppData\Local\Temp\sonnetdb-parallel-third-4eff92966347481daaf27153e9fadd95\scratch\sonnetdb-rag-writer-8c47e536ad3b4a90bd84300e6ecb8d1e\documents\vector\7261675f6534383562353735363732343439643262306433633362353933343332396338\7261675f766563746f72\wal' for durable metadata publication: 系统找不到指定的路径。) (The process cannot access the file 'keyspace.lock' because it is being used by another process.)
---- System.IO.IOException : Failed to open directory 'C:\Users\mysti\AppData\Local\Temp\sonnetdb-parallel-third-4eff92966347481daaf27153e9fadd95\scratch\sonnetdb-rag-writer-8c47e536ad3b4a90bd84300e6ecb8d1e\documents\vector\7261675f6534383562353735363732343439643262306433633362353933343332396338\7261675f766563746f72\wal' for durable metadata publication: 系统找不到指定的路径。
---- System.IO.IOException : The process cannot access the file 'keyspace.lock' because it is being used by another process.
  堆栈跟踪:
  
----- Inner Stack Trace #1 (System.IO.IOException) -----
   at SonnetDB.Wal.DirectoryFsync.FlushWindowsRequired(String directory) in D:\source\SonnetDB\src\SonnetDB.Core\Wal\DirectoryFsync.cs:line 139
   at SonnetDB.Wal.DirectoryFsync.FlushRequired(String directory) in D:\source\SonnetDB\src\SonnetDB.Core\Wal\DirectoryFsync.cs:line 60
   at SonnetDB.Kv.KvKeyspace.OpenWithLifecycleLease(String name, String rootDirectory, KvOptions options, FileStream lifecycleLease, KvDiskReadBudget diskReadBudget, Boolean ownsDiskReadBudget) in D:\source\SonnetDB\src\SonnetDB.Core\Kv\KvKeyspace.cs:line 567
   at SonnetDB.Kv.KvKeyspace.Open(String name, String rootDirectory, KvOptions options, KvDiskReadBudget diskReadBudget) in D:\source\SonnetDB\src\SonnetDB.Core\Kv\KvKeyspace.cs:line 419
   at SonnetDB.Documents.Vector.DocumentVectorIndexStore.Open(String directory, DocumentVectorIndex definition, KvOptions kvOptions) in D:\source\SonnetDB\src\SonnetDB.Core\Documents\Vector\DocumentVectorIndexStore.cs:line 73
   at SonnetDB.Documents.DocumentCollectionManager.<>c__DisplayClass40_0.<OpenStoreLocked>b__1(DocumentVectorIndex index) in D:\source\SonnetDB\src\SonnetDB.Core\Documents\DocumentCollectionManager.cs:line 760
   at SonnetDB.Documents.DocumentCollectionStore.OpenVectorStoreLocked(DocumentVectorIndex index, Boolean rebuildIfMissing) in D:\source\SonnetDB\src\SonnetDB.Core\Documents\DocumentCollectionStore.cs:line 2461
   at SonnetDB.Documents.DocumentCollectionStore.ReconcileVectorStoresLocked(DocumentCollectionSchema previousSchema, Boolean rebuildAll) in D:\source\SonnetDB\src\SonnetDB.Core\Documents\DocumentCollectionStore.cs:line 2430
   at SonnetDB.Documents.DocumentCollectionStore..ctor(DocumentCollectionSchema schema, KvKeyspace keyspace, Func`2 fullTextIndexFactory, Func`2 vectorIndexFactory) in D:\source\SonnetDB\src\SonnetDB.Core\Documents\DocumentCollectionStore.cs:line 45
   at SonnetDB.Documents.DocumentCollectionManager.OpenStoreLocked(DocumentCollectionSchema schema) in D:\source\SonnetDB\src\SonnetDB.Core\Documents\DocumentCollectionManager.cs:line 756
   at SonnetDB.Documents.DocumentCollectionManager.Create(DocumentCollectionSchema schema) in D:\source\SonnetDB\src\SonnetDB.Core\Documents\DocumentCollectionManager.cs:line 83
   at SonnetDB.SemanticContent.RagIngestionWriter.ExecuteAsync(RagIngestionWriterCheckpoint checkpoint, DatabaseGenerationQueryLease active, RagIngestionWriterCheckpoint previous, Func`3 embedAsync, CancellationToken token) in D:\source\SonnetDB\src\SonnetDB.Core\SemanticContent\RagIngestionWriter.cs:line 223
   at SonnetDB.SemanticContent.RagIngestionWriter.WriteAsync(RagIngestionSnapshot snapshot, Func`3 embedAsync, CancellationToken cancellationToken) in D:\source\SonnetDB\src\SonnetDB.Core\SemanticContent\RagIngestionWriter.cs:line 134
   at SonnetDB.Core.Tests.SemanticContent.RagIngestionWriterTests.DiscardPendingAsync_PublishedJobBecomesRetired_DoesNotDeletePublishedResources() in D:\source\SonnetDB\tests\SonnetDB.Core.Tests\SemanticContent\RagIngestionWriterTests.cs:line 368
--- End of stack trace from previous location ---
----- Inner Stack Trace #2 (System.IO.IOException) -----
   at System.IO.FileSystem.RemoveDirectoryRecursive(String fullPath, WIN32_FIND_DATA& findData, Boolean topLevel)
   at System.IO.Directory.Delete(String path, Boolean recursive)
   at SonnetDB.Core.Tests.SemanticContent.RagIngestionWriterTests.Dispose() in D:\source\SonnetDB\tests\SonnetDB.Core.Tests\SemanticContent\RagIngestionWriterTests.cs:line 461
  失败 SonnetDB.Core.Tests.Backup.MigrationServiceTests.ExportScanChecksumImport_PreservesMultiModelData [332 ms]
  错误消息:
   System.IO.IOException : Failed to open directory 'C:\Users\mysti\AppData\Local\Temp\sonnetdb-parallel-third-4eff92966347481daaf27153e9fadd95\scratch\SonnetDB.Migration.Tests.0c6dddc51ea0441b87dee4b90198c2f1\target.restore-3d2ca32846cf48f4b0137bb3e76eb802.tmp\graphs\stores\bede177314434cf0be51105af33e2fe3\snapshots' for durable metadata publication: 系统找不到指定的路径。
  堆栈跟踪:
     at SonnetDB.Wal.DirectoryFsync.FlushWindowsRequired(String directory) in D:\source\SonnetDB\src\SonnetDB.Core\Wal\DirectoryFsync.cs:line 139
   at SonnetDB.Wal.DirectoryFsync.FlushRequired(String directory) in D:\source\SonnetDB\src\SonnetDB.Core\Wal\DirectoryFsync.cs:line 60
   at SonnetDB.Backup.BackupService.FlushRestoreStagingDirectories(String staging) in D:\source\SonnetDB\src\SonnetDB.Core\Backup\BackupService.cs:line 823
   at SonnetDB.Backup.BackupService.Restore(BackupRestoreOptions options) in D:\source\SonnetDB\src\SonnetDB.Core\Backup\BackupService.cs:line 222
   at SonnetDB.Backup.MigrationService.Import(MigrationImportOptions options) in D:\source\SonnetDB\src\SonnetDB.Core\Backup\MigrationService.cs:line 132
   at SonnetDB.Core.Tests.Backup.MigrationServiceTests.ExportScanChecksumImport_PreservesMultiModelData() in D:\source\SonnetDB\tests\SonnetDB.Core.Tests\Migration\MigrationServiceTests.cs:line 81
--- End of stack trace from previous location ---
  失败 SonnetDB.Core.Tests.Modbus.ModbusCatalogTests.Backup_CreateRestoreReopen_PreservesModbusCatalog [89 ms]
  错误消息:
   System.IO.IOException : Failed to open directory 'C:\Users\mysti\AppData\Local\Temp\sonnetdb-parallel-third-4eff92966347481daaf27153e9fadd95\scratch\SonnetDB.ModbusCatalog.Tests.4f06b4c9d1da49a7a31a08906ce64414\backup-restored.restore-9040b778b9ad497992f3f803f1bed6d5.tmp\tables\rowstore\74656c656d65747279\wal' for durable metadata publication: 系统找不到指定的路径。
  堆栈跟踪:
     at SonnetDB.Wal.DirectoryFsync.FlushWindowsRequired(String directory) in D:\source\SonnetDB\src\SonnetDB.Core\Wal\DirectoryFsync.cs:line 139
   at SonnetDB.Wal.DirectoryFsync.FlushRequired(String directory) in D:\source\SonnetDB\src\SonnetDB.Core\Wal\DirectoryFsync.cs:line 60
   at SonnetDB.Backup.BackupService.FlushRestoreStagingDirectories(String staging) in D:\source\SonnetDB\src\SonnetDB.Core\Backup\BackupService.cs:line 823
   at SonnetDB.Backup.BackupService.Restore(BackupRestoreOptions options) in D:\source\SonnetDB\src\SonnetDB.Core\Backup\BackupService.cs:line 222
   at SonnetDB.Core.Tests.Modbus.ModbusCatalogTests.Backup_CreateRestoreReopen_PreservesModbusCatalog() in D:\source\SonnetDB\tests\SonnetDB.Core.Tests\Modbus\ModbusCatalogTests.cs:line 392
   at System.RuntimeMethodHandle.InvokeMethod(ObjectHandleOnStack target, Void** arguments, ObjectHandleOnStack sig, BOOL isConstructor, ObjectHandleOnStack result)
   at System.Reflection.MethodBaseInvoker.InvokeWithNoArgs(Object obj, BindingFlags invokeAttr)
  失败 SonnetDB.Core.Tests.Modbus.ModbusConcurrencyTests.Backup_DuringMappedCreate_RestoresSingleSchemaSnapshot [383 ms]
  错误消息:
   System.IO.IOException : Failed to open directory 'C:\Users\mysti\AppData\Local\Temp\sonnetdb-parallel-third-4eff92966347481daaf27153e9fadd95\scratch\SonnetDB.ModbusConcurrency.Tests.bb67d35a02c34a2da39d0ccfcdff4b2e\backup-create-restored.restore-62ce2893f0314a4f8cf982df310bb2c6.tmp\tables\rowstore\626173656c696e65\wal' for durable metadata publication: 系统找不到指定的路径。
  堆栈跟踪:
     at SonnetDB.Wal.DirectoryFsync.FlushWindowsRequired(String directory) in D:\source\SonnetDB\src\SonnetDB.Core\Wal\DirectoryFsync.cs:line 139
   at SonnetDB.Wal.DirectoryFsync.FlushRequired(String directory) in D:\source\SonnetDB\src\SonnetDB.Core\Wal\DirectoryFsync.cs:line 60
   at SonnetDB.Backup.BackupService.FlushRestoreStagingDirectories(String staging) in D:\source\SonnetDB\src\SonnetDB.Core\Backup\BackupService.cs:line 823
   at SonnetDB.Backup.BackupService.Restore(BackupRestoreOptions options) in D:\source\SonnetDB\src\SonnetDB.Core\Backup\BackupService.cs:line 222
   at SonnetDB.Core.Tests.Modbus.ModbusConcurrencyTests.Backup_DuringMappedCreate_RestoresSingleSchemaSnapshot() in D:\source\SonnetDB\tests\SonnetDB.Core.Tests\Modbus\ModbusConcurrencyTests.cs:line 160
--- End of stack trace from previous location ---
  失败 SonnetDB.Core.Tests.SemanticContent.RagGovernanceBackupTests.Rebuild_MissingDerivedCollection_ReconstructsFromPersistedSnapshot [67 ms]
  错误消息:
   System.AggregateException : One or more errors occurred. (Failed to open directory 'C:\Users\mysti\AppData\Local\Temp\sonnetdb-parallel-third-4eff92966347481daaf27153e9fadd95\scratch\sndb-rag-backup-2dc601c2c7af46238348b5f2b582cf9b\source\documents\vector\7261675f3936306339303632333965383466323738386530373363373463313266373538\7261675f766563746f72\wal' for durable metadata publication: 系统找不到指定的路径。) (The process cannot access the file 'keyspace.lock' because it is being used by another process.)
---- System.IO.IOException : Failed to open directory 'C:\Users\mysti\AppData\Local\Temp\sonnetdb-parallel-third-4eff92966347481daaf27153e9fadd95\scratch\sndb-rag-backup-2dc601c2c7af46238348b5f2b582cf9b\source\documents\vector\7261675f3936306339303632333965383466323738386530373363373463313266373538\7261675f766563746f72\wal' for durable metadata publication: 系统找不到指定的路径。
---- System.IO.IOException : The process cannot access the file 'keyspace.lock' because it is being used by another process.
  堆栈跟踪:
  
----- Inner Stack Trace #1 (System.IO.IOException) -----
   at SonnetDB.Wal.DirectoryFsync.FlushWindowsRequired(String directory) in D:\source\SonnetDB\src\SonnetDB.Core\Wal\DirectoryFsync.cs:line 139
   at SonnetDB.Wal.DirectoryFsync.FlushRequired(String directory) in D:\source\SonnetDB\src\SonnetDB.Core\Wal\DirectoryFsync.cs:line 60
   at SonnetDB.Kv.KvKeyspace.OpenWithLifecycleLease(String name, String rootDirectory, KvOptions options, FileStream lifecycleLease, KvDiskReadBudget diskReadBudget, Boolean ownsDiskReadBudget) in D:\source\SonnetDB\src\SonnetDB.Core\Kv\KvKeyspace.cs:line 567
   at SonnetDB.Kv.KvKeyspace.Open(String name, String rootDirectory, KvOptions options, KvDiskReadBudget diskReadBudget) in D:\source\SonnetDB\src\SonnetDB.Core\Kv\KvKeyspace.cs:line 419
   at SonnetDB.Documents.DocumentCollectionStore.OpenVectorStoreLocked(DocumentVectorIndex index, Boolean rebuildIfMissing) in D:\source\SonnetDB\src\SonnetDB.Core\Documents\DocumentCollectionStore.cs:line 2461
   at SonnetDB.Documents.DocumentCollectionStore.ReconcileVectorStoresLocked(DocumentCollectionSchema previousSchema, Boolean rebuildAll) in D:\source\SonnetDB\src\SonnetDB.Core\Documents\DocumentCollectionStore.cs:line 2430
   at SonnetDB.Documents.DocumentCollectionStore..ctor(DocumentCollectionSchema schema, KvKeyspace keyspace, Func`2 fullTextIndexFactory, Func`2 vectorIndexFactory) in D:\source\SonnetDB\src\SonnetDB.Core\Documents\DocumentCollectionStore.cs:line 45
   at SonnetDB.Documents.DocumentCollectionManager.OpenStoreLocked(DocumentCollectionSchema schema) in D:\source\SonnetDB\src\SonnetDB.Core\Documents\DocumentCollectionManager.cs:line 756
   at SonnetDB.Documents.DocumentCollectionManager.Create(DocumentCollectionSchema schema) in D:\source\SonnetDB\src\SonnetDB.Core\Documents\DocumentCollectionManager.cs:line 83
   at SonnetDB.SemanticContent.RagIngestionWriter.ExecuteAsync(RagIngestionWriterCheckpoint checkpoint, DatabaseGenerationQueryLease active, RagIngestionWriterCheckpoint previous, Func`3 embedAsync, CancellationToken token) in D:\source\SonnetDB\src\SonnetDB.Core\SemanticContent\RagIngestionWriter.cs:line 223
   at SonnetDB.SemanticContent.RagIngestionWriter.WriteAsync(RagIngestionSnapshot snapshot, Func`3 embedAsync, CancellationToken cancellationToken) in D:\source\SonnetDB\src\SonnetDB.Core\SemanticContent\RagIngestionWriter.cs:line 134
   at SonnetDB.Core.Tests.SemanticContent.RagGovernanceBackupTests.Rebuild_MissingDerivedCollection_ReconstructsFromPersistedSnapshot() in D:\source\SonnetDB\tests\SonnetDB.Core.Tests\SemanticContent\RagGovernanceBackupTests.cs:line 105
--- End of stack trace from previous location ---
----- Inner Stack Trace #2 (System.IO.IOException) -----
   at System.IO.FileSystem.RemoveDirectoryRecursive(String fullPath, WIN32_FIND_DATA& findData, Boolean topLevel)
   at System.IO.Directory.Delete(String path, Boolean recursive)
   at SonnetDB.Core.Tests.SemanticContent.RagGovernanceBackupTests.Dispose() in D:\source\SonnetDB\tests\SonnetDB.Core.Tests\SemanticContent\RagGovernanceBackupTests.cs:line 143
  失败 SonnetDB.Core.Tests.SemanticContent.RagGovernanceBackupTests.Restore_BackupContainsInterruptedRebuild_ResumesFrozenTaskWithoutPublishingPartialGeneration [71 ms]
  错误消息:
   System.AggregateException : One or more errors occurred. (Failed to open directory 'C:\Users\mysti\AppData\Local\Temp\sonnetdb-parallel-third-4eff92966347481daaf27153e9fadd95\scratch\sndb-rag-backup-668cc902323247c9a10160ff8093ce5a\source\documents\vector\7261675f6664363364396438666562613461616239313664383837376230303861663238\7261675f766563746f72\wal' for durable metadata publication: 系统找不到指定的路径。) (The process cannot access the file 'keyspace.lock' because it is being used by another process.)
---- System.IO.IOException : Failed to open directory 'C:\Users\mysti\AppData\Local\Temp\sonnetdb-parallel-third-4eff92966347481daaf27153e9fadd95\scratch\sndb-rag-backup-668cc902323247c9a10160ff8093ce5a\source\documents\vector\7261675f6664363364396438666562613461616239313664383837376230303861663238\7261675f766563746f72\wal' for durable metadata publication: 系统找不到指定的路径。
---- System.IO.IOException : The process cannot access the file 'keyspace.lock' because it is being used by another process.
  堆栈跟踪:
  
----- Inner Stack Trace #1 (System.IO.IOException) -----
   at SonnetDB.Wal.DirectoryFsync.FlushWindowsRequired(String directory) in D:\source\SonnetDB\src\SonnetDB.Core\Wal\DirectoryFsync.cs:line 139
   at SonnetDB.Wal.DirectoryFsync.FlushRequired(String directory) in D:\source\SonnetDB\src\SonnetDB.Core\Wal\DirectoryFsync.cs:line 60
   at SonnetDB.Kv.KvKeyspace.OpenWithLifecycleLease(String name, String rootDirectory, KvOptions options, FileStream lifecycleLease, KvDiskReadBudget diskReadBudget, Boolean ownsDiskReadBudget) in D:\source\SonnetDB\src\SonnetDB.Core\Kv\KvKeyspace.cs:line 567
   at SonnetDB.Kv.KvKeyspace.Open(String name, String rootDirectory, KvOptions options, KvDiskReadBudget diskReadBudget) in D:\source\SonnetDB\src\SonnetDB.Core\Kv\KvKeyspace.cs:line 419
   at SonnetDB.Documents.DocumentCollectionStore.OpenVectorStoreLocked(DocumentVectorIndex index, Boolean rebuildIfMissing) in D:\source\SonnetDB\src\SonnetDB.Core\Documents\DocumentCollectionStore.cs:line 2461
   at SonnetDB.Documents.DocumentCollectionStore.ReconcileVectorStoresLocked(DocumentCollectionSchema previousSchema, Boolean rebuildAll) in D:\source\SonnetDB\src\SonnetDB.Core\Documents\DocumentCollectionStore.cs:line 2430
   at SonnetDB.Documents.DocumentCollectionStore..ctor(DocumentCollectionSchema schema, KvKeyspace keyspace, Func`2 fullTextIndexFactory, Func`2 vectorIndexFactory) in D:\source\SonnetDB\src\SonnetDB.Core\Documents\DocumentCollectionStore.cs:line 45
   at SonnetDB.Documents.DocumentCollectionManager.OpenStoreLocked(DocumentCollectionSchema schema) in D:\source\SonnetDB\src\SonnetDB.Core\Documents\DocumentCollectionManager.cs:line 756
   at SonnetDB.Documents.DocumentCollectionManager.Create(DocumentCollectionSchema schema) in D:\source\SonnetDB\src\SonnetDB.Core\Documents\DocumentCollectionManager.cs:line 83
   at SonnetDB.SemanticContent.RagIngestionWriter.ExecuteAsync(RagIngestionWriterCheckpoint checkpoint, DatabaseGenerationQueryLease active, RagIngestionWriterCheckpoint previous, Func`3 embedAsync, CancellationToken token) in D:\source\SonnetDB\src\SonnetDB.Core\SemanticContent\RagIngestionWriter.cs:line 223
   at SonnetDB.SemanticContent.RagIngestionWriter.WriteAsync(RagIngestionSnapshot snapshot, Func`3 embedAsync, CancellationToken cancellationToken) in D:\source\SonnetDB\src\SonnetDB.Core\SemanticContent\RagIngestionWriter.cs:line 134
   at SonnetDB.Core.Tests.SemanticContent.RagGovernanceBackupTests.Restore_BackupContainsInterruptedRebuild_ResumesFrozenTaskWithoutPublishingPartialGeneration() in D:\source\SonnetDB\tests\SonnetDB.Core.Tests\SemanticContent\RagGovernanceBackupTests.cs:line 71
--- End of stack trace from previous location ---
----- Inner Stack Trace #2 (System.IO.IOException) -----
   at System.IO.FileSystem.RemoveDirectoryRecursive(String fullPath, WIN32_FIND_DATA& findData, Boolean topLevel)
   at System.IO.Directory.Delete(String path, Boolean recursive)
   at SonnetDB.Core.Tests.SemanticContent.RagGovernanceBackupTests.Dispose() in D:\source\SonnetDB\tests\SonnetDB.Core.Tests\SemanticContent\RagGovernanceBackupTests.cs:line 143
  失败 SonnetDB.Core.Tests.SemanticContent.RagGovernanceBackupTests.Restore_ActiveSnapshotAndSourceObject_CanQueryAndUpgradeModelWithLeaseSafeCleanup [79 ms]
  错误消息:
   System.AggregateException : One or more errors occurred. (Failed to open directory 'C:\Users\mysti\AppData\Local\Temp\sonnetdb-parallel-third-4eff92966347481daaf27153e9fadd95\scratch\sndb-rag-backup-f3a6b5a306e24cb3af00b6c6fa5474d8\source\documents\vector\7261675f3039643961373236383262323463353862653933326531333666373333643038\7261675f766563746f72\wal' for durable metadata publication: 系统找不到指定的路径。) (The process cannot access the file 'keyspace.lock' because it is being used by another process.)
---- System.IO.IOException : Failed to open directory 'C:\Users\mysti\AppData\Local\Temp\sonnetdb-parallel-third-4eff92966347481daaf27153e9fadd95\scratch\sndb-rag-backup-f3a6b5a306e24cb3af00b6c6fa5474d8\source\documents\vector\7261675f3039643961373236383262323463353862653933326531333666373333643038\7261675f766563746f72\wal' for durable metadata publication: 系统找不到指定的路径。
---- System.IO.IOException : The process cannot access the file 'keyspace.lock' because it is being used by another process.
  堆栈跟踪:
  
----- Inner Stack Trace #1 (System.IO.IOException) -----
   at SonnetDB.Wal.DirectoryFsync.FlushWindowsRequired(String directory) in D:\source\SonnetDB\src\SonnetDB.Core\Wal\DirectoryFsync.cs:line 139
   at SonnetDB.Wal.DirectoryFsync.FlushRequired(String directory) in D:\source\SonnetDB\src\SonnetDB.Core\Wal\DirectoryFsync.cs:line 60
   at SonnetDB.Kv.KvKeyspace.OpenWithLifecycleLease(String name, String rootDirectory, KvOptions options, FileStream lifecycleLease, KvDiskReadBudget diskReadBudget, Boolean ownsDiskReadBudget) in D:\source\SonnetDB\src\SonnetDB.Core\Kv\KvKeyspace.cs:line 567
   at SonnetDB.Kv.KvKeyspace.Open(String name, String rootDirectory, KvOptions options, KvDiskReadBudget diskReadBudget) in D:\source\SonnetDB\src\SonnetDB.Core\Kv\KvKeyspace.cs:line 419
   at SonnetDB.Documents.DocumentCollectionStore.OpenVectorStoreLocked(DocumentVectorIndex index, Boolean rebuildIfMissing) in D:\source\SonnetDB\src\SonnetDB.Core\Documents\DocumentCollectionStore.cs:line 2461
   at SonnetDB.Documents.DocumentCollectionStore.ReconcileVectorStoresLocked(DocumentCollectionSchema previousSchema, Boolean rebuildAll) in D:\source\SonnetDB\src\SonnetDB.Core\Documents\DocumentCollectionStore.cs:line 2430
   at SonnetDB.Documents.DocumentCollectionStore..ctor(DocumentCollectionSchema schema, KvKeyspace keyspace, Func`2 fullTextIndexFactory, Func`2 vectorIndexFactory) in D:\source\SonnetDB\src\SonnetDB.Core\Documents\DocumentCollectionStore.cs:line 45
   at SonnetDB.Documents.DocumentCollectionManager.OpenStoreLocked(DocumentCollectionSchema schema) in D:\source\SonnetDB\src\SonnetDB.Core\Documents\DocumentCollectionManager.cs:line 756
   at SonnetDB.Documents.DocumentCollectionManager.Create(DocumentCollectionSchema schema) in D:\source\SonnetDB\src\SonnetDB.Core\Documents\DocumentCollectionManager.cs:line 83
   at SonnetDB.SemanticContent.RagIngestionWriter.ExecuteAsync(RagIngestionWriterCheckpoint checkpoint, DatabaseGenerationQueryLease active, RagIngestionWriterCheckpoint previous, Func`3 embedAsync, CancellationToken token) in D:\source\SonnetDB\src\SonnetDB.Core\SemanticContent\RagIngestionWriter.cs:line 223
   at SonnetDB.SemanticContent.RagIngestionWriter.WriteAsync(RagIngestionSnapshot snapshot, Func`3 embedAsync, CancellationToken cancellationToken) in D:\source\SonnetDB\src\SonnetDB.Core\SemanticContent\RagIngestionWriter.cs:line 134
   at SonnetDB.Core.Tests.SemanticContent.RagGovernanceBackupTests.Restore_ActiveSnapshotAndSourceObject_CanQueryAndUpgradeModelWithLeaseSafeCleanup() in D:\source\SonnetDB\tests\SonnetDB.Core.Tests\SemanticContent\RagGovernanceBackupTests.cs:line 37
--- End of stack trace from previous location ---
----- Inner Stack Trace #2 (System.IO.IOException) -----
   at System.IO.FileSystem.RemoveDirectoryRecursive(String fullPath, WIN32_FIND_DATA& findData, Boolean topLevel)
   at System.IO.Directory.Delete(String path, Boolean recursive)
   at SonnetDB.Core.Tests.SemanticContent.RagGovernanceBackupTests.Dispose() in D:\source\SonnetDB\tests\SonnetDB.Core.Tests\SemanticContent\RagGovernanceBackupTests.cs:line 143
  失败 SonnetDB.Core.Tests.Cli.RagCommandTests.Resume_AfterWriterFailure_UsesPersistedSnapshotAndPrecomputedVectors [100 ms]
  错误消息:
   System.AggregateException : One or more errors occurred. (Assert.Equal() Failure: Values differ
Expected: 0
Actual:   1) (The process cannot access the file 'keyspace.lock' because it is being used by another process.)
---- Assert.Equal() Failure: Values differ
Expected: 0
Actual:   1
---- System.IO.IOException : The process cannot access the file 'keyspace.lock' because it is being used by another process.
  堆栈跟踪:
  
----- Inner Stack Trace #1 (Xunit.Sdk.EqualException) -----
   at SonnetDB.Core.Tests.Cli.RagCommandTests.Resume_AfterWriterFailure_UsesPersistedSnapshotAndPrecomputedVectors() in D:\source\SonnetDB\tests\SonnetDB.Core.Tests\Cli\RagCommandTests.cs:line 124
--- End of stack trace from previous location ---
----- Inner Stack Trace #2 (System.IO.IOException) -----
   at System.IO.FileSystem.RemoveDirectoryRecursive(String fullPath, WIN32_FIND_DATA& findData, Boolean topLevel)
   at System.IO.Directory.Delete(String path, Boolean recursive)
   at SonnetDB.Core.Tests.Cli.RagCommandTests.Dispose() in D:\source\SonnetDB\tests\SonnetDB.Core.Tests\Cli\RagCommandTests.cs:line 210
  失败 SonnetDB.Core.Tests.Cli.RagCommandTests.Ingest_CompleteSnapshot_PublishesSearchableDataAndIdempotentReplay [69 ms]
  错误消息:
   System.AggregateException : One or more errors occurred. (Assert.Equal() Failure: Values differ
Expected: 0
Actual:   1) (The process cannot access the file 'keyspace.lock' because it is being used by another process.)
---- Assert.Equal() Failure: Values differ
Expected: 0
Actual:   1
---- System.IO.IOException : The process cannot access the file 'keyspace.lock' because it is being used by another process.
  堆栈跟踪:
  
----- Inner Stack Trace #1 (Xunit.Sdk.EqualException) -----
   at SonnetDB.Core.Tests.Cli.RagCommandTests.Ingest_CompleteSnapshot_PublishesSearchableDataAndIdempotentReplay() in D:\source\SonnetDB\tests\SonnetDB.Core.Tests\Cli\RagCommandTests.cs:line 40
   at System.RuntimeMethodHandle.InvokeMethod(ObjectHandleOnStack target, Void** arguments, ObjectHandleOnStack sig, BOOL isConstructor, ObjectHandleOnStack result)
   at System.Reflection.MethodBaseInvoker.InvokeWithNoArgs(Object obj, BindingFlags invokeAttr)
----- Inner Stack Trace #2 (System.IO.IOException) -----
   at System.IO.FileSystem.RemoveDirectoryRecursive(String fullPath, WIN32_FIND_DATA& findData, Boolean topLevel)
   at System.IO.Directory.Delete(String path, Boolean recursive)
   at SonnetDB.Core.Tests.Cli.RagCommandTests.Dispose() in D:\source\SonnetDB\tests\SonnetDB.Core.Tests\Cli\RagCommandTests.cs:line 210
  失败 SonnetDB.Core.Tests.Cli.RagCommandTests.Ingest_EmptyCompleteSnapshot_RemovesOldSearchResults [66 ms]
  错误消息:
   System.AggregateException : One or more errors occurred. (Assert.Equal() Failure: Values differ
Expected: 0
Actual:   1) (The process cannot access the file 'keyspace.lock' because it is being used by another process.)
---- Assert.Equal() Failure: Values differ
Expected: 0
Actual:   1
---- System.IO.IOException : The process cannot access the file 'keyspace.lock' because it is being used by another process.
  堆栈跟踪:
  
----- Inner Stack Trace #1 (Xunit.Sdk.EqualException) -----
   at SonnetDB.Core.Tests.Cli.RagCommandTests.Ingest_EmptyCompleteSnapshot_RemovesOldSearchResults() in D:\source\SonnetDB\tests\SonnetDB.Core.Tests\Cli\RagCommandTests.cs:line 140
   at System.RuntimeMethodHandle.InvokeMethod(ObjectHandleOnStack target, Void** arguments, ObjectHandleOnStack sig, BOOL isConstructor, ObjectHandleOnStack result)
   at System.Reflection.MethodBaseInvoker.InvokeWithNoArgs(Object obj, BindingFlags invokeAttr)
----- Inner Stack Trace #2 (System.IO.IOException) -----
   at System.IO.FileSystem.RemoveDirectoryRecursive(String fullPath, WIN32_FIND_DATA& findData, Boolean topLevel)
   at System.IO.Directory.Delete(String path, Boolean recursive)
   at SonnetDB.Core.Tests.Cli.RagCommandTests.Dispose() in D:\source\SonnetDB\tests\SonnetDB.Core.Tests\Cli\RagCommandTests.cs:line 210
  失败 SonnetDB.Core.Tests.SemanticContent.RagSqlResourceManagementTests.Execute_NormalDocumentSchemaMutation_PreservesPublishedRagCatalogAcrossReopen(sql: "DROP DOCUMENT COLLECTION visible_notes") [80 ms]
  错误消息:
   System.AggregateException : One or more errors occurred. (Failed to open directory 'C:\Users\mysti\AppData\Local\Temp\sonnetdb-parallel-third-4eff92966347481daaf27153e9fadd95\scratch\sndb-rag-sql-management-955ef965d0c540a1a1a4df0c64ef4b75\documents\vector\7261675f3461623834336332666335353432356239336261313339623138333237333461\7261675f766563746f72\wal' for durable metadata publication: 系统找不到指定的路径。) (The process cannot access the file 'keyspace.lock' because it is being used by another process.)
---- System.IO.IOException : Failed to open directory 'C:\Users\mysti\AppData\Local\Temp\sonnetdb-parallel-third-4eff92966347481daaf27153e9fadd95\scratch\sndb-rag-sql-management-955ef965d0c540a1a1a4df0c64ef4b75\documents\vector\7261675f3461623834336332666335353432356239336261313339623138333237333461\7261675f766563746f72\wal' for durable metadata publication: 系统找不到指定的路径。
---- System.IO.IOException : The process cannot access the file 'keyspace.lock' because it is being used by another process.
  堆栈跟踪:
  
----- Inner Stack Trace #1 (System.IO.IOException) -----
   at SonnetDB.Wal.DirectoryFsync.FlushWindowsRequired(String directory) in D:\source\SonnetDB\src\SonnetDB.Core\Wal\DirectoryFsync.cs:line 139
   at SonnetDB.Wal.DirectoryFsync.FlushRequired(String directory) in D:\source\SonnetDB\src\SonnetDB.Core\Wal\DirectoryFsync.cs:line 60
   at SonnetDB.Kv.KvKeyspace.OpenWithLifecycleLease(String name, String rootDirectory, KvOptions options, FileStream lifecycleLease, KvDiskReadBudget diskReadBudget, Boolean ownsDiskReadBudget) in D:\source\SonnetDB\src\SonnetDB.Core\Kv\KvKeyspace.cs:line 567
   at SonnetDB.Kv.KvKeyspace.Open(String name, String rootDirectory, KvOptions options, KvDiskReadBudget diskReadBudget) in D:\source\SonnetDB\src\SonnetDB.Core\Kv\KvKeyspace.cs:line 419
   at SonnetDB.Documents.DocumentCollectionStore.OpenVectorStoreLocked(DocumentVectorIndex index, Boolean rebuildIfMissing) in D:\source\SonnetDB\src\SonnetDB.Core\Documents\DocumentCollectionStore.cs:line 2461
   at SonnetDB.Documents.DocumentCollectionStore.ReconcileVectorStoresLocked(DocumentCollectionSchema previousSchema, Boolean rebuildAll) in D:\source\SonnetDB\src\SonnetDB.Core\Documents\DocumentCollectionStore.cs:line 2430
   at SonnetDB.Documents.DocumentCollectionStore..ctor(DocumentCollectionSchema schema, KvKeyspace keyspace, Func`2 fullTextIndexFactory, Func`2 vectorIndexFactory) in D:\source\SonnetDB\src\SonnetDB.Core\Documents\DocumentCollectionStore.cs:line 45
   at SonnetDB.Documents.DocumentCollectionManager.OpenStoreLocked(DocumentCollectionSchema schema) in D:\source\SonnetDB\src\SonnetDB.Core\Documents\DocumentCollectionManager.cs:line 756
   at SonnetDB.Documents.DocumentCollectionManager.Create(DocumentCollectionSchema schema) in D:\source\SonnetDB\src\SonnetDB.Core\Documents\DocumentCollectionManager.cs:line 83
   at SonnetDB.SemanticContent.RagIngestionWriter.ExecuteAsync(RagIngestionWriterCheckpoint checkpoint, DatabaseGenerationQueryLease active, RagIngestionWriterCheckpoint previous, Func`3 embedAsync, CancellationToken token) in D:\source\SonnetDB\src\SonnetDB.Core\SemanticContent\RagIngestionWriter.cs:line 223
   at SonnetDB.SemanticContent.RagIngestionWriter.WriteAsync(RagIngestionSnapshot snapshot, Func`3 embedAsync, CancellationToken cancellationToken) in D:\source\SonnetDB\src\SonnetDB.Core\SemanticContent\RagIngestionWriter.cs:line 134
   at SonnetDB.Core.Tests.SemanticContent.RagSqlResourceManagementTests.Execute_NormalDocumentSchemaMutation_PreservesPublishedRagCatalogAcrossReopen(String sql) in D:\source\SonnetDB\tests\SonnetDB.Core.Tests\SemanticContent\RagSqlResourceManagementTests.cs:line 144
--- End of stack trace from previous location ---
----- Inner Stack Trace #2 (System.IO.IOException) -----
   at System.IO.FileSystem.RemoveDirectoryRecursive(String fullPath, WIN32_FIND_DATA& findData, Boolean topLevel)
   at System.IO.Directory.Delete(String path, Boolean recursive)
   at SonnetDB.Core.Tests.SemanticContent.RagSqlResourceManagementTests.Dispose() in D:\source\SonnetDB\tests\SonnetDB.Core.Tests\SemanticContent\RagSqlResourceManagementTests.cs:line 179
  失败 SonnetDB.Core.Tests.SemanticContent.RagSqlResourceManagementTests.Execute_NormalDocumentSchemaMutation_PreservesPublishedRagCatalogAcrossReopen(sql: "CREATE DOCUMENT COLLECTION new_notes") [75 ms]
  错误消息:
   System.AggregateException : One or more errors occurred. (Failed to open directory 'C:\Users\mysti\AppData\Local\Temp\sonnetdb-parallel-third-4eff92966347481daaf27153e9fadd95\scratch\sndb-rag-sql-management-f4749e58ec2e4b9193657aebe225f212\documents\vector\7261675f3931383864366334373962343433643039616535623236306635383830316439\7261675f766563746f72\wal' for durable metadata publication: 系统找不到指定的路径。) (The process cannot access the file 'keyspace.lock' because it is being used by another process.)
---- System.IO.IOException : Failed to open directory 'C:\Users\mysti\AppData\Local\Temp\sonnetdb-parallel-third-4eff92966347481daaf27153e9fadd95\scratch\sndb-rag-sql-management-f4749e58ec2e4b9193657aebe225f212\documents\vector\7261675f3931383864366334373962343433643039616535623236306635383830316439\7261675f766563746f72\wal' for durable metadata publication: 系统找不到指定的路径。
---- System.IO.IOException : The process cannot access the file 'keyspace.lock' because it is being used by another process.
  堆栈跟踪:
  
----- Inner Stack Trace #1 (System.IO.IOException) -----
   at SonnetDB.Wal.DirectoryFsync.FlushWindowsRequired(String directory) in D:\source\SonnetDB\src\SonnetDB.Core\Wal\DirectoryFsync.cs:line 139
   at SonnetDB.Wal.DirectoryFsync.FlushRequired(String directory) in D:\source\SonnetDB\src\SonnetDB.Core\Wal\DirectoryFsync.cs:line 60
   at SonnetDB.Kv.KvKeyspace.OpenWithLifecycleLease(String name, String rootDirectory, KvOptions options, FileStream lifecycleLease, KvDiskReadBudget diskReadBudget, Boolean ownsDiskReadBudget) in D:\source\SonnetDB\src\SonnetDB.Core\Kv\KvKeyspace.cs:line 567
   at SonnetDB.Kv.KvKeyspace.Open(String name, String rootDirectory, KvOptions options, KvDiskReadBudget diskReadBudget) in D:\source\SonnetDB\src\SonnetDB.Core\Kv\KvKeyspace.cs:line 419
   at SonnetDB.Documents.DocumentCollectionStore.OpenVectorStoreLocked(DocumentVectorIndex index, Boolean rebuildIfMissing) in D:\source\SonnetDB\src\SonnetDB.Core\Documents\DocumentCollectionStore.cs:line 2461
   at SonnetDB.Documents.DocumentCollectionStore.ReconcileVectorStoresLocked(DocumentCollectionSchema previousSchema, Boolean rebuildAll) in D:\source\SonnetDB\src\SonnetDB.Core\Documents\DocumentCollectionStore.cs:line 2430
   at SonnetDB.Documents.DocumentCollectionStore..ctor(DocumentCollectionSchema schema, KvKeyspace keyspace, Func`2 fullTextIndexFactory, Func`2 vectorIndexFactory) in D:\source\SonnetDB\src\SonnetDB.Core\Documents\DocumentCollectionStore.cs:line 45
   at SonnetDB.Documents.DocumentCollectionManager.OpenStoreLocked(DocumentCollectionSchema schema) in D:\source\SonnetDB\src\SonnetDB.Core\Documents\DocumentCollectionManager.cs:line 756
   at SonnetDB.Documents.DocumentCollectionManager.Create(DocumentCollectionSchema schema) in D:\source\SonnetDB\src\SonnetDB.Core\Documents\DocumentCollectionManager.cs:line 83
   at SonnetDB.SemanticContent.RagIngestionWriter.ExecuteAsync(RagIngestionWriterCheckpoint checkpoint, DatabaseGenerationQueryLease active, RagIngestionWriterCheckpoint previous, Func`3 embedAsync, CancellationToken token) in D:\source\SonnetDB\src\SonnetDB.Core\SemanticContent\RagIngestionWriter.cs:line 223
   at SonnetDB.SemanticContent.RagIngestionWriter.WriteAsync(RagIngestionSnapshot snapshot, Func`3 embedAsync, CancellationToken cancellationToken) in D:\source\SonnetDB\src\SonnetDB.Core\SemanticContent\RagIngestionWriter.cs:line 134
   at SonnetDB.Core.Tests.SemanticContent.RagSqlResourceManagementTests.Execute_NormalDocumentSchemaMutation_PreservesPublishedRagCatalogAcrossReopen(String sql) in D:\source\SonnetDB\tests\SonnetDB.Core.Tests\SemanticContent\RagSqlResourceManagementTests.cs:line 144
--- End of stack trace from previous location ---
----- Inner Stack Trace #2 (System.IO.IOException) -----
   at System.IO.FileSystem.RemoveDirectoryRecursive(String fullPath, WIN32_FIND_DATA& findData, Boolean topLevel)
   at System.IO.Directory.Delete(String path, Boolean recursive)
   at SonnetDB.Core.Tests.SemanticContent.RagSqlResourceManagementTests.Dispose() in D:\source\SonnetDB\tests\SonnetDB.Core.Tests\SemanticContent\RagSqlResourceManagementTests.cs:line 179
  失败 SonnetDB.Core.Tests.SemanticContent.RagSqlResourceManagementTests.Execute_NormalDocumentSchemaMutation_PreservesPublishedRagCatalogAcrossReopen(sql: "CREATE JSON INDEX notes_text ON visible_notes ('$."···) [74 ms]
  错误消息:
   System.AggregateException : One or more errors occurred. (Failed to open directory 'C:\Users\mysti\AppData\Local\Temp\sonnetdb-parallel-third-4eff92966347481daaf27153e9fadd95\scratch\sndb-rag-sql-management-3b114158570c4c2e842fbd2b763bb102\documents\vector\7261675f3039306639613235393039643463316462353638653264633863353361313966\7261675f766563746f72\wal' for durable metadata publication: 系统找不到指定的路径。) (The process cannot access the file 'keyspace.lock' because it is being used by another process.)
---- System.IO.IOException : Failed to open directory 'C:\Users\mysti\AppData\Local\Temp\sonnetdb-parallel-third-4eff92966347481daaf27153e9fadd95\scratch\sndb-rag-sql-management-3b114158570c4c2e842fbd2b763bb102\documents\vector\7261675f3039306639613235393039643463316462353638653264633863353361313966\7261675f766563746f72\wal' for durable metadata publication: 系统找不到指定的路径。
---- System.IO.IOException : The process cannot access the file 'keyspace.lock' because it is being used by another process.
  堆栈跟踪:
  
----- Inner Stack Trace #1 (System.IO.IOException) -----
   at SonnetDB.Wal.DirectoryFsync.FlushWindowsRequired(String directory) in D:\source\SonnetDB\src\SonnetDB.Core\Wal\DirectoryFsync.cs:line 139
   at SonnetDB.Wal.DirectoryFsync.FlushRequired(String directory) in D:\source\SonnetDB\src\SonnetDB.Core\Wal\DirectoryFsync.cs:line 60
   at SonnetDB.Kv.KvKeyspace.OpenWithLifecycleLease(String name, String rootDirectory, KvOptions options, FileStream lifecycleLease, KvDiskReadBudget diskReadBudget, Boolean ownsDiskReadBudget) in D:\source\SonnetDB\src\SonnetDB.Core\Kv\KvKeyspace.cs:line 567
   at SonnetDB.Kv.KvKeyspace.Open(String name, String rootDirectory, KvOptions options, KvDiskReadBudget diskReadBudget) in D:\source\SonnetDB\src\SonnetDB.Core\Kv\KvKeyspace.cs:line 419
   at SonnetDB.Documents.DocumentCollectionStore.OpenVectorStoreLocked(DocumentVectorIndex index, Boolean rebuildIfMissing) in D:\source\SonnetDB\src\SonnetDB.Core\Documents\DocumentCollectionStore.cs:line 2461
   at SonnetDB.Documents.DocumentCollectionStore.ReconcileVectorStoresLocked(DocumentCollectionSchema previousSchema, Boolean rebuildAll) in D:\source\SonnetDB\src\SonnetDB.Core\Documents\DocumentCollectionStore.cs:line 2430
   at SonnetDB.Documents.DocumentCollectionStore..ctor(DocumentCollectionSchema schema, KvKeyspace keyspace, Func`2 fullTextIndexFactory, Func`2 vectorIndexFactory) in D:\source\SonnetDB\src\SonnetDB.Core\Documents\DocumentCollectionStore.cs:line 45
   at SonnetDB.Documents.DocumentCollectionManager.OpenStoreLocked(DocumentCollectionSchema schema) in D:\source\SonnetDB\src\SonnetDB.Core\Documents\DocumentCollectionManager.cs:line 756
   at SonnetDB.Documents.DocumentCollectionManager.Create(DocumentCollectionSchema schema) in D:\source\SonnetDB\src\SonnetDB.Core\Documents\DocumentCollectionManager.cs:line 83
   at SonnetDB.SemanticContent.RagIngestionWriter.ExecuteAsync(RagIngestionWriterCheckpoint checkpoint, DatabaseGenerationQueryLease active, RagIngestionWriterCheckpoint previous, Func`3 embedAsync, CancellationToken token) in D:\source\SonnetDB\src\SonnetDB.Core\SemanticContent\RagIngestionWriter.cs:line 223
   at SonnetDB.SemanticContent.RagIngestionWriter.WriteAsync(RagIngestionSnapshot snapshot, Func`3 embedAsync, CancellationToken cancellationToken) in D:\source\SonnetDB\src\SonnetDB.Core\SemanticContent\RagIngestionWriter.cs:line 134
   at SonnetDB.Core.Tests.SemanticContent.RagSqlResourceManagementTests.Execute_NormalDocumentSchemaMutation_PreservesPublishedRagCatalogAcrossReopen(String sql) in D:\source\SonnetDB\tests\SonnetDB.Core.Tests\SemanticContent\RagSqlResourceManagementTests.cs:line 144
--- End of stack trace from previous location ---
----- Inner Stack Trace #2 (System.IO.IOException) -----
   at System.IO.FileSystem.RemoveDirectoryRecursive(String fullPath, WIN32_FIND_DATA& findData, Boolean topLevel)
   at System.IO.Directory.Delete(String path, Boolean recursive)
   at SonnetDB.Core.Tests.SemanticContent.RagSqlResourceManagementTests.Dispose() in D:\source\SonnetDB\tests\SonnetDB.Core.Tests\SemanticContent\RagSqlResourceManagementTests.cs:line 179
  失败 SonnetDB.Core.Tests.Generations.DatabaseGenerationManagerTests.BackupRestore_PreservesActiveGenerationAndAllOwnedModels [242 ms]
  错误消息:
   System.IO.IOException : Failed to open directory 'C:\Users\mysti\AppData\Local\Temp\sonnetdb-parallel-third-4eff92966347481daaf27153e9fadd95\scratch\sonnetdb-generations-24f886b7a7c94d36ad3e1bed9305f81b\restored.restore-2fb15cecd2e8456bb98ef5c008e1547f.tmp\documents\fulltext\646f63735f61\66745f626f6479\segments' for durable metadata publication: 系统找不到指定的路径。
  堆栈跟踪:
     at SonnetDB.Wal.DirectoryFsync.FlushWindowsRequired(String directory) in D:\source\SonnetDB\src\SonnetDB.Core\Wal\DirectoryFsync.cs:line 139
   at SonnetDB.Wal.DirectoryFsync.FlushRequired(String directory) in D:\source\SonnetDB\src\SonnetDB.Core\Wal\DirectoryFsync.cs:line 60
   at SonnetDB.Backup.BackupService.FlushRestoreStagingDirectories(String staging) in D:\source\SonnetDB\src\SonnetDB.Core\Backup\BackupService.cs:line 823
   at SonnetDB.Backup.BackupService.Restore(BackupRestoreOptions options) in D:\source\SonnetDB\src\SonnetDB.Core\Backup\BackupService.cs:line 222
   at SonnetDB.Core.Tests.Generations.DatabaseGenerationManagerTests.BackupRestore_PreservesActiveGenerationAndAllOwnedModels() in D:\source\SonnetDB\tests\SonnetDB.Core.Tests\Generations\DatabaseGenerationManagerTests.cs:line 612
   at System.RuntimeMethodHandle.InvokeMethod(ObjectHandleOnStack target, Void** arguments, ObjectHandleOnStack sig, BOOL isConstructor, ObjectHandleOnStack result)
   at System.Reflection.MethodBaseInvoker.InvokeWithNoArgs(Object obj, BindingFlags invokeAttr)
数据收集器“Blame”消息: 所有测试都已运行完毕，将不生成序列文件。
结果文件: C:\Users\mysti\AppData\Local\Temp\sonnetdb-parallel-third-4eff92966347481daaf27153e9fadd95\results\core-full.trx

失败!  - 失败:    87，通过:  5520，已跳过:     0，总计:  5607，持续时间: 4 m 3 s - SonnetDB.Core.Tests.dll (net10.0)
